puzzle_id,template_id,variant_type,category,domain_label,gold_label,model_name,seed,temperature,top_p,option_order,raw_output,sampled_letter,sampled_label,argmax_letter,argmax_label,parsed_label,is_invalid,correct_sampled,correct_argmax,max_prob,entropy_nats,logprob_True,prob_True,logprob_False,prob_False,logprob_Unknown,prob_Unknown,logprob_Paradox,prob_Paradox,logprob_A,prob_A,logprob_B,prob_B,logprob_C,prob_C,logprob_D,prob_D
P01_abstract,P01,abstract,Transitive,Symbolic,False,meta-llama/Llama-3.2-3B-Instruct,0,0.7,1.0,True|False|Unknown|Paradox,C,C,Unknown,B,False,Unknown,False,False,True,0.4738000777137135,1.025228056087565,-1.965820312293304,0.14005503547431714,-0.7470703124388827,0.4738000777137135,-0.9658203123390101,0.38070905789662246,-5.214843744918458,0.005435828915346812,-1.965820312293304,0.14005503547431714,-0.7470703124388827,0.4738000777137135,-0.9658203123390101,0.38070905789662246,-5.214843744918458,0.005435828915346812
P01_abstract,P01,abstract,Transitive,Symbolic,False,meta-llama/Llama-3.2-3B-Instruct,1,0.7,1.0,True|False|Paradox|Unknown,B,B,False,B,False,False,False,True,True,0.6028971080710659,1.0901003740823563,-1.6933593748883846,0.18387322928388333,-0.5058593749780058,0.6028971080710659,-2.4433593745445448,0.08685556348805057,-2.0683593747814566,0.12637409915700018,-1.6933593748883846,0.18387322928388333,-0.5058593749780058,0.6028971080710659,-2.0683593747814566,0.12637409915700018,-2.4433593745445448,0.08685556348805057
P01_abstract,P01,abstract,Transitive,Symbolic,False,meta-llama/Llama-3.2-3B-Instruct,2,0.7,1.0,True|Unknown|False|Paradox,B,B,Unknown,C,False,Unknown,False,False,True,0.7364396801545303,0.7460082135303903,-2.5878906248317946,0.07517696820107085,-0.305908203078316,0.7364396801545303,-1.6806640624086275,0.18624657587847954,-6.148437493500624,0.0021367757659193436,-2.5878906248317946,0.07517696820107085,-1.6806640624086275,0.18624657587847954,-0.305908203078316,0.7364396801545303,-6.148437493500624,0.0021367757659193436
P01_abstract,P01,abstract,Transitive,Symbolic,False,meta-llama/Llama-3.2-3B-Instruct,3,0.7,1.0,True|Unknown|Paradox|False,B,B,Unknown,B,Unknown,Unknown,False,False,False,0.40050216217160733,1.2759639702896013,-1.2275390624575115,0.2930136412758252,-1.5400390623649707,0.21437335947179684,-0.9150390624716909,0.40050216217160733,-2.3847656248492135,0.0921108370807707,-1.2275390624575115,0.2930136412758252,-0.9150390624716909,0.40050216217160733,-2.3847656248492135,0.0921108370807707,-1.5400390623649707,0.21437335947179684
P01_abstract,P01,abstract,Transitive,Symbolic,False,meta-llama/Llama-3.2-3B-Instruct,4,0.7,1.0,True|Paradox|False|Unknown,A,A,True,B,Paradox,True,False,False,False,0.44674872203733224,1.2690080334686593,-1.5869140624419251,0.2045364692835207,-1.4306640624331457,0.23912735915584568,-2.2109374996216826,0.10958744952330132,-0.8056640624712423,0.44674872203733224,-1.5869140624419251,0.2045364692835207,-0.8056640624712423,0.44674872203733224,-1.4306640624331457,0.23912735915584568,-2.2109374996216826,0.10958744952330132
P01_abstract,P01,abstract,Transitive,Symbolic,False,meta-llama/Llama-3.2-3B-Instruct,5,0.7,1.0,True|Paradox|Unknown|False,A,A,True,C,Unknown,True,False,False,False,0.35944656734908703,1.3111748586816712,-1.304687499953381,0.27132450382715595,-2.242187499676407,0.10625220238343407,-1.0234374999277887,0.35944656734908703,-1.335937499941063,0.26297672644032294,-1.304687499953381,0.27132450382715595,-1.335937499941063,0.26297672644032294,-1.0234374999277887,0.35944656734908703,-2.242187499676407,0.10625220238343407
P01_abstract,P01,abstract,Transitive,Symbolic,False,meta-llama/Llama-3.2-3B-Instruct,6,0.7,1.0,False|True|Unknown|Paradox,C,C,Unknown,C,Unknown,Unknown,False,False,False,0.4361943184736218,1.0813687905133083,-0.985839843707814,0.3730967720858235,-1.7041015623956604,0.18192165182175632,-0.8295898436578681,0.4361943184736218,-4.73437499803322,0.008787257618798481,-1.7041015623956604,0.18192165182175632,-0.985839843707814,0.3730967720858235,-0.8295898436578681,0.4361943184736218,-4.73437499803322,0.008787257618798481
P01_abstract,P01,abstract,Transitive,Symbolic,False,meta-llama/Llama-3.2-3B-Instruct,7,0.7,1.0,False|True|Paradox|Unknown,B,B,True,B,True,True,False,False,False,0.552636148215402,1.1680244711590833,-0.593261718734504,0.552636148215402,-1.624999999922536,0.1969522953748997,-2.093749999799071,0.12324959711574952,-2.062499999855269,0.12716195929394872,-1.624999999922536,0.1969522953748997,-0.593261718734504,0.552636148215402,-2.062499999855269,0.12716195929394872,-2.093749999799071,0.12324959711574952
P01_abstract,P01,abstract,Transitive,Symbolic,False,meta-llama/Llama-3.2-3B-Instruct,8,0.7,1.0,False|Unknown|True|Paradox,A,A,False,C,True,False,False,True,False,0.5190435083045734,1.0576180887911921,-0.6557617187044746,0.5190435083045734,-1.9052734374051827,0.14878108419629907,-1.1552734374476294,0.3149695577018475,-4.0624999988967305,0.017205849797280126,-1.9052734374051827,0.14878108419629907,-1.1552734374476294,0.3149695577018475,-0.6557617187044746,0.5190435083045734,-4.0624999988967305,0.017205849797280126
P01_abstract,P01,abstract,Transitive,Symbolic,False,meta-llama/Llama-3.2-3B-Instruct,9,0.7,1.0,False|Unknown|Paradox|True,C,C,Paradox,B,Unknown,Paradox,False,False,False,0.42676575368118125,1.3008875340030008,-1.726562499894936,0.17790243402304784,-1.4140624999487987,0.24316379663677243,-0.8515624999730114,0.42676575368118125,-1.8828124998898925,0.15216801565899848,-1.4140624999487987,0.24316379663677243,-0.8515624999730114,0.42676575368118125,-1.8828124998898925,0.15216801565899848,-1.726562499894936,0.17790243402304784
P01_artificial,P01,artificial,Transitive,Vorbian station,False,meta-llama/Llama-3.2-3B-Instruct,0,0.7,1.0,False|Paradox|True|Unknown,C,C,True,A,False,True,False,False,True,0.453968324810317,1.1527261880916921,-1.0390624999561708,0.35372356128080185,-0.7895507812246365,0.453968324810317,-3.007812499584484,0.04939087586803356,-1.9453124999342337,0.14291723804084752,-0.7895507812246365,0.453968324810317,-1.9453124999342337,0.14291723804084752,-1.0390624999561708,0.35372356128080185,-3.007812499584484,0.04939087586803356
P01_artificial,P01,artificial,Transitive,Vorbian station,False,meta-llama/Llama-3.2-3B-Instruct,1,0.7,1.0,False|Paradox|Unknown|True,A,A,False,A,False,False,False,True,True,0.5788236563157154,1.1433329804240273,-1.9843749999065396,0.13748266896991893,-0.5468749999791469,0.5788236563157154,-1.9531249998661238,0.14184683736082815,-1.9531249999175215,0.14184683735353754,-0.5468749999791469,0.5788236563157154,-1.9531249999175215,0.14184683735353754,-1.9531249998661238,0.14184683736082815,-1.9843749999065396,0.13748266896991893
P01_artificial,P01,artificial,Transitive,Vorbian station,False,meta-llama/Llama-3.2-3B-Instruct,2,0.7,1.0,Unknown|True|False|Paradox,B,B,True,C,False,True,False,False,True,0.8073834798404631,0.5634777340270319,-1.776367187468799,0.16925743122156903,-0.21398925779797273,0.8073834798404631,-3.777343749796696,0.022884143686083384,-7.652343745852524,0.00047494525188453303,-3.777343749796696,0.022884143686083384,-1.776367187468799,0.16925743122156903,-0.21398925779797273,0.8073834798404631,-7.652343745852524,0.00047494525188453303
P01_artificial,P01,artificial,Transitive,Vorbian station,False,meta-llama/Llama-3.2-3B-Instruct,3,0.7,1.0,Unknown|True|Paradox|False,D,D,False,D,False,False,False,True,True,0.6198944941096409,0.9296002630304945,-1.3535156249840679,0.2583473900072107,-0.4782714843525697,0.6198944941096409,-2.166015624956791,0.11464095938529444,-4.945312499743933,0.00711715649785385,-2.166015624956791,0.11464095938529444,-1.3535156249840679,0.2583473900072107,-4.945312499743933,0.00711715649785385,-0.4782714843525697,0.6198944941096409
P01_artificial,P01,artificial,Transitive,Vorbian station,False,meta-llama/Llama-3.2-3B-Instruct,4,0.7,1.0,Unknown|False|True|Paradox,A,A,Unknown,B,False,Unknown,False,False,True,0.580805211401125,0.9786523036272695,-1.2939453124692322,0.2742190268235907,-0.5434570312337854,0.580805211401125,-1.9814453124339277,0.13788598597222984,-4.949218749030134,0.007089775803054512,-1.9814453124339277,0.13788598597222984,-0.5434570312337854,0.580805211401125,-1.2939453124692322,0.2742190268235907,-4.949218749030134,0.007089775803054512
P01_artificial,P01,artificial,Transitive,Vorbian station,False,meta-llama/Llama-3.2-3B-Instruct,5,0.7,1.0,Unknown|False|Paradox|True,A,A,Unknown,B,False,Unknown,False,False,True,0.6012337164858943,1.0208182436552047,-1.7900390624427955,0.1669565732746495,-0.508789062486174,0.6012337164858943,-1.5712890624554656,0.20778081256139214,-3.728515624815202,0.024028897678064126,-1.5712890624554656,0.20778081256139214,-0.508789062486174,0.6012337164858943,-3.728515624815202,0.024028897678064126,-1.7900390624427955,0.1669565732746495
P01_artificial,P01,artificial,Transitive,Vorbian station,False,meta-llama/Llama-3.2-3B-Instruct,6,0.7,1.0,Unknown|Paradox|True|False,D,D,False,D,False,False,False,True,True,0.718629661079801,0.8914442224499278,-2.8613281248833857,0.05718778294776911,-0.33032226559640665,0.718629661079801,-2.142578124954356,0.11734171167164195,-2.2363281249385425,0.10684084430078801,-2.142578124954356,0.11734171167164195,-2.2363281249385425,0.10684084430078801,-2.8613281248833857,0.05718778294776911,-0.33032226559640665,0.718629661079801
P01_artificial,P01,artificial,Transitive,Vorbian station,False,meta-llama/Llama-3.2-3B-Instruct,7,0.7,1.0,Unknown|Paradox|False|True,C,C,False,C,False,False,False,True,True,0.5384393500685916,1.168826601993365,-2.0878906248806945,0.1239557767390021,-0.6191406249618423,0.5384393500685916,-1.462890624974597,0.23157987877126585,-2.2441406249309384,0.10602499442114044,-1.462890624974597,0.23157987877126585,-2.2441406249309384,0.10602499442114044,-0.6191406249618423,0.5384393500685916,-2.0878906248806945,0.1239557767390021
P01_artificial,P01,artificial,Transitive,Vorbian station,False,meta-llama/Llama-3.2-3B-Instruct,8,0.7,1.0,Paradox|True|False|Unknown,C,C,False,C,False,False,False,True,True,0.7201188211655424,0.6863035433233056,-1.3593749999747917,0.25682896780427494,-0.32836914061413425,0.7201188211655424,-5.015624999341162,0.006633684418433768,-4.109374999725361,0.016418526611748935,-4.109374999725361,0.016418526611748935,-1.3593749999747917,0.25682896780427494,-0.32836914061413425,0.7201188211655424,-5.015624999341162,0.006633684418433768
P01_artificial,P01,artificial,Transitive,Vorbian station,False,meta-llama/Llama-3.2-3B-Instruct,9,0.7,1.0,Paradox|True|Unknown|False,D,D,False,D,False,False,False,True,True,0.47300651658095594,1.1036358207603914,-0.9672851562309903,0.38007141357278934,-0.7485351562256288,0.47300651658095594,-2.4667968749284204,0.08484681437849563,-2.779296874894315,0.06207525546775914,-2.779296874894315,0.06207525546775914,-0.9672851562309903,0.38007141357278934,-2.4667968749284204,0.08484681437849563,-0.7485351562256288,0.47300651658095594
P01_belief_violating,P01,belief_violating,Transitive,Counterfactual chain,False,meta-llama/Llama-3.2-3B-Instruct,0,0.7,1.0,Paradox|False|True|Unknown,D,D,Unknown,C,True,Unknown,False,False,False,0.528299886399078,1.1752256329096036,-0.6381835937111235,0.528299886399078,-1.4824218749284763,0.22710803012778544,-1.826171874853278,0.16104370825690179,-2.482421874841365,0.08354837521623479,-2.482421874841365,0.08354837521623479,-1.4824218749284763,0.22710803012778544,-0.6381835937111235,0.528299886399078,-1.826171874853278,0.16104370825690179
P01_belief_violating,P01,belief_violating,Transitive,Counterfactual chain,False,meta-llama/Llama-3.2-3B-Instruct,1,0.7,1.0,Paradox|False|Unknown|True,D,D,True,D,True,True,False,False,False,0.390035519409242,1.2431798431283794,-0.9414062499690579,0.390035519409242,-1.7539062499184868,0.17307721258268066,-1.0351562499412839,0.3551313817382217,-2.5039062498677147,0.08175588626985557,-2.5039062498677147,0.08175588626985557,-1.7539062499184868,0.17307721258268066,-1.0351562499412839,0.3551313817382217,-0.9414062499690579,0.390035519409242
P01_belief_violating,P01,belief_violating,Transitive,Counterfactual chain,False,meta-llama/Llama-3.2-3B-Instruct,2,0.7,1.0,Paradox|Unknown|True|False,B,B,Unknown,C,True,Unknown,False,False,False,0.5782527879175805,1.0830222320541734,-0.5478515624584581,0.5782527879175805,-1.766601562393983,0.1709311976248481,-1.5791015624224143,0.20618238113898546,-3.10937499974994,0.044633633318585914,-3.10937499974994,0.044633633318585914,-1.5791015624224143,0.20618238113898546,-0.5478515624584581,0.5782527879175805,-1.766601562393983,0.1709311976248481
P01_belief_violating,P01,belief_violating,Transitive,Counterfactual chain,False,meta-llama/Llama-3.2-3B-Instruct,3,0.7,1.0,Paradox|Unknown|False|True,D,D,True,D,True,True,False,False,False,0.3391615287365799,1.2993790319056608,-1.0810546874577476,0.3391615287365799,-1.3935546874324787,0.24813587516738753,-1.1435546874498197,0.3186127705014571,-2.363281249888603,0.09408982559457554,-2.363281249888603,0.09408982559457554,-1.1435546874498197,0.3186127705014571,-1.3935546874324787,0.24813587516738753,-1.0810546874577476,0.3391615287365799
P01_belief_violating,P01,belief_violating,Transitive,Counterfactual chain,False,meta-llama/Llama-3.2-3B-Instruct,4,0.7,1.0,True|False|Unknown|Paradox,C,C,Unknown,A,True,Unknown,False,False,False,0.6770740102656795,0.8044453675595017,-0.38989257809696265,0.6770740102656795,-1.358398437433792,0.2570510564835908,-2.765624999612692,0.06293158389294426,-5.828124995704164,0.0029433493577854936,-0.38989257809696265,0.6770740102656795,-1.358398437433792,0.2570510564835908,-2.765624999612692,0.06293158389294426,-5.828124995704164,0.0029433493577854936
P01_belief_violating,P01,belief_violating,Transitive,Counterfactual chain,False,meta-llama/Llama-3.2-3B-Instruct,5,0.7,1.0,True|False|Paradox|Unknown,B,B,False,A,True,False,False,True,False,0.7037680461178614,0.77812970253529,-0.3513183593543163,0.7037680461178614,-1.4140624999540936,0.2431563571114214,-3.2578124994408824,0.03847292248726845,-4.22656249923577,0.014602674283448745,-0.3513183593543163,0.7037680461178614,-1.4140624999540936,0.2431563571114214,-4.22656249923577,0.014602674283448745,-3.2578124994408824,0.03847292248726845
P01_belief_violating,P01,belief_violating,Transitive,Counterfactual chain,False,meta-llama/Llama-3.2-3B-Instruct,6,0.7,1.0,True|Unknown|False|Paradox,C,C,False,C,False,False,False,True,True,0.5092941847204915,0.8381287608752448,-0.7998046874751654,0.4494505405145804,-0.6748046874627056,0.5092941847204915,-3.205078124702465,0.040558783993810014,-7.269531239326123,0.0006964907711181055,-0.7998046874751654,0.4494505405145804,-3.205078124702465,0.040558783993810014,-0.6748046874627056,0.5092941847204915,-7.269531239326123,0.0006964907711181055
P01_belief_violating,P01,belief_violating,Transitive,Counterfactual chain,False,meta-llama/Llama-3.2-3B-Instruct,7,0.7,1.0,True|Unknown|Paradox|False,A,A,True,A,True,True,False,False,False,0.8765178073947217,0.47655155132126376,-0.13171386717861022,0.8765178073947217,-2.662109374840101,0.06979493990713823,-3.037109374842589,0.04796931391191692,-5.164062499423103,0.005717938786223205,-0.13171386717861022,0.8765178073947217,-3.037109374842589,0.04796931391191692,-5.164062499423103,0.005717938786223205,-2.662109374840101,0.06979493990713823
P01_belief_violating,P01,belief_violating,Transitive,Counterfactual chain,False,meta-llama/Llama-3.2-3B-Instruct,8,0.7,1.0,True|Paradox|False|Unknown,A,A,True,A,True,True,False,False,False,0.7623944054305347,0.7638144733665762,-0.2712402343591718,0.7623944054305347,-1.8964843749014824,0.15008771257076753,-3.3339843741357185,0.03564895645327107,-2.958984374794704,0.051868925545426645,-0.2712402343591718,0.7623944054305347,-2.958984374794704,0.051868925545426645,-1.8964843749014824,0.15008771257076753,-3.3339843741357185,0.03564895645327107
P01_belief_violating,P01,belief_violating,Transitive,Counterfactual chain,False,meta-llama/Llama-3.2-3B-Instruct,9,0.7,1.0,True|Paradox|Unknown|False,A,A,True,A,True,True,False,False,False,0.8628722626095426,0.5489379349908576,-0.1475830078005358,0.8628722626095426,-2.960937499686352,0.0517752467314724,-3.0234374997740736,0.048638343105669245,-3.304687499718851,0.0367141475533156,-0.1475830078005358,0.8628722626095426,-3.304687499718851,0.0367141475533156,-3.0234374997740736,0.048638343105669245,-2.960937499686352,0.0517752467314724
P01_familiar,P01,familiar,Transitive,Robot factory,False,meta-llama/Llama-3.2-3B-Instruct,0,0.7,1.0,False|True|Unknown|Paradox,B,B,True,A,False,True,False,False,True,0.519745950512798,1.0022496295922498,-1.1230468749767701,0.3252487048860954,-0.6542968749719962,0.519745950512798,-1.8730468748975564,0.15363660952269467,-6.593749997552298,0.0013687350784117999,-0.6542968749719962,0.519745950512798,-1.1230468749767701,0.3252487048860954,-1.8730468748975564,0.15363660952269467,-6.593749997552298,0.0013687350784117999
P01_familiar,P01,familiar,Transitive,Robot factory,False,meta-llama/Llama-3.2-3B-Instruct,1,0.7,1.0,False|True|Paradox|Unknown,A,A,False,A,False,False,False,True,True,0.548940805569408,0.9402270272349611,-0.9746093749860119,0.3772811303559731,-0.5996093749786946,0.548940805569408,-3.2246093746918176,0.039765138593041906,-3.380859374800997,0.03401292548157694,-0.5996093749786946,0.548940805569408,-0.9746093749860119,0.3772811303559731,-3.380859374800997,0.03401292548157694,-3.2246093746918176,0.039765138593041906
P01_familiar,P01,familiar,Transitive,Robot factory,False,meta-llama/Llama-3.2-3B-Instruct,2,0.7,1.0,False|Unknown|True|Paradox,C,C,True,A,False,True,False,False,True,0.5202014506048535,1.0292608172303541,-1.2158203124651612,0.29640185195862506,-0.653320312478211,0.5202014506048535,-1.715820312436946,0.17977681081358363,-5.621093748324273,0.0036198866229379145,-0.653320312478211,0.5202014506048535,-1.715820312436946,0.17977681081358363,-1.2158203124651612,0.29640185195862506,-5.621093748324273,0.0036198866229379145
P01_familiar,P01,familiar,Transitive,Robot factory,False,meta-llama/Llama-3.2-3B-Instruct,3,0.7,1.0,False|Unknown|Paradox|True,A,A,False,A,False,False,False,True,True,0.6618890213137025,0.9427856912685452,-1.8808593749301328,0.15244992503074406,-0.4125976562378526,0.6618890213137025,-1.8183593749527205,0.16228210045400457,-3.7558593748040674,0.023378953201548865,-0.4125976562378526,0.6618890213137025,-1.8183593749527205,0.16228210045400457,-3.7558593748040674,0.023378953201548865,-1.8808593749301328,0.15244992503074406
P01_familiar,P01,familiar,Transitive,Robot factory,False,meta-llama/Llama-3.2-3B-Instruct,4,0.7,1.0,False|Paradox|True|Unknown,C,C,True,A,False,True,False,False,True,0.6340153189495045,1.0245119130939633,-1.955078124939503,0.14153703266923917,-0.4555664062321181,0.6340153189495045,-2.9238281245869127,0.05372139816265617,-1.767578124941387,0.17072625021860022,-0.4555664062321181,0.6340153189495045,-1.767578124941387,0.17072625021860022,-1.955078124939503,0.14153703266923917,-2.9238281245869127,0.05372139816265617
P01_familiar,P01,familiar,Transitive,Robot factory,False,meta-llama/Llama-3.2-3B-Instruct,5,0.7,1.0,False|Paradox|Unknown|True,A,A,False,A,False,False,False,True,True,0.6515138972472337,1.0239870107752271,-2.429687499899735,0.0880867535871941,-0.4287109374866529,0.6515138972472337,-2.0546874998997233,0.12816547021095795,-2.02343749993424,0.1322338789546142,-0.4287109374866529,0.6515138972472337,-2.02343749993424,0.1322338789546142,-2.0546874998997233,0.12816547021095795,-2.429687499899735,0.0880867535871941
P01_familiar,P01,familiar,Transitive,Robot factory,False,meta-llama/Llama-3.2-3B-Instruct,6,0.7,1.0,Unknown|True|False|Paradox,C,C,False,C,False,False,False,True,True,0.8306191750938812,0.5656649505090813,-2.1855468749484683,0.11241208132711641,-0.1855468749842688,0.8306191750938812,-2.873046874933863,0.05652434423753725,-7.7187499948182285,0.0004443993414650481,-2.873046874933863,0.05652434423753725,-2.1855468749484683,0.11241208132711641,-0.1855468749842688,0.8306191750938812,-7.7187499948182285,0.0004443993414650481
P01_familiar,P01,familiar,Transitive,Robot factory,False,meta-llama/Llama-3.2-3B-Instruct,7,0.7,1.0,Unknown|True|Paradox|False,D,D,False,D,False,False,False,True,True,0.6044606482324434,0.9741705211508939,-1.8476562499758822,0.15760600644193726,-0.5034179687226994,0.6044606482324434,-1.4726562499806353,0.22931538626418968,-4.753906249788545,0.008617959061429724,-1.4726562499806353,0.22931538626418968,-1.8476562499758822,0.15760600644193726,-4.753906249788545,0.008617959061429724,-0.5034179687226994,0.6044606482324434
P01_familiar,P01,familiar,Transitive,Robot factory,False,meta-llama/Llama-3.2-3B-Instruct,8,0.7,1.0,Unknown|False|True|Paradox,C,C,True,B,False,True,False,False,True,0.6445533911742647,0.8843493324212118,-2.4394531249557336,0.08720952177196244,-0.43920898436149436,0.6445533911742647,-1.345703124968142,0.26035953938962586,-4.843749999241719,0.007877547664147083,-1.345703124968142,0.26035953938962586,-0.43920898436149436,0.6445533911742647,-2.4394531249557336,0.08720952177196244,-4.843749999241719,0.007877547664147083
P01_familiar,P01,familiar,Transitive,Robot factory,False,meta-llama/Llama-3.2-3B-Instruct,9,0.7,1.0,Unknown|False|Paradox|True,B,B,False,B,False,False,False,True,True,0.617333549845104,0.9299697716255757,-2.4824218749250417,0.08354701082500517,-0.4824218749879339,0.617333549845104,-1.2636718749728553,0.28263589446425014,-4.105468749826063,0.016483544865640663,-1.2636718749728553,0.28263589446425014,-0.4824218749879339,0.617333549845104,-4.105468749826063,0.016483544865640663,-2.4824218749250417,0.08354701082500517
P02_abstract,P02,abstract,Transitive,Symbolic,False,meta-llama/Llama-3.2-3B-Instruct,0,0.7,1.0,Unknown|Paradox|True|False,B,B,Paradox,C,True,Paradox,False,False,False,0.27456491143295686,1.3787782742490573,-1.292968749899299,0.27456491143295686,-1.605468749659504,0.20087598041287083,-1.292968749929732,0.27456491142460104,-1.3867187499054083,0.24999419672957132,-1.292968749929732,0.27456491142460104,-1.3867187499054083,0.24999419672957132,-1.292968749899299,0.27456491143295686,-1.605468749659504,0.20087598041287083
P02_abstract,P02,abstract,Transitive,Symbolic,False,meta-llama/Llama-3.2-3B-Instruct,1,0.7,1.0,Unknown|Paradox|False|True,A,A,Unknown,A,Unknown,Unknown,False,False,False,0.3139417578191562,1.3402919884953335,-2.0332031246881717,0.1308703952605622,-1.2207031249133817,0.2949209882696004,-1.1582031249529192,0.3139417578191562,-1.3457031249303986,0.2602668586506812,-1.1582031249529192,0.3139417578191562,-1.3457031249303986,0.2602668586506812,-1.2207031249133817,0.2949209882696004,-2.0332031246881717,0.1308703952605622
P02_abstract,P02,abstract,Transitive,Symbolic,False,meta-llama/Llama-3.2-3B-Instruct,2,0.7,1.0,Paradox|True|False|Unknown,C,C,False,B,True,False,False,True,False,0.5201355235204908,1.1585080480558592,-0.653808593720586,0.5201355235204908,-1.2792968749442268,0.2782725748916047,-2.310546874561945,0.09922114223316263,-2.2792968748438067,0.10237075935474195,-2.2792968748438067,0.10237075935474195,-0.653808593720586,0.5201355235204908,-1.2792968749442268,0.2782725748916047,-2.310546874561945,0.09922114223316263
P02_abstract,P02,abstract,Transitive,Symbolic,False,meta-llama/Llama-3.2-3B-Instruct,3,0.7,1.0,Paradox|True|Unknown|False,C,C,Unknown,C,Unknown,Unknown,False,False,False,0.42508285087344616,1.1742655563435898,-0.9492187499599094,0.3870423401637167,-2.2617187496899733,0.10417103268678263,-0.8554687499559823,0.42508285087344616,-2.4804687498366382,0.08370377627605444,-2.4804687498366382,0.08370377627605444,-0.9492187499599094,0.3870423401637167,-0.8554687499559823,0.42508285087344616,-2.2617187496899733,0.10417103268678263
P02_abstract,P02,abstract,Transitive,Symbolic,False,meta-llama/Llama-3.2-3B-Instruct,4,0.7,1.0,Paradox|False|True|Unknown,D,D,Unknown,B,False,Unknown,False,False,True,0.35942619127371495,1.3234810155342078,-1.1796874999391458,0.30743351321787676,-1.0234374999391482,0.35942619127371495,-1.6484374997632234,0.19238697662215415,-1.960937499879072,0.1407533188862541,-1.960937499879072,0.1407533188862541,-1.0234374999391482,0.35942619127371495,-1.1796874999391458,0.30743351321787676,-1.6484374997632234,0.19238697662215415
P02_abstract,P02,abstract,Transitive,Symbolic,False,meta-llama/Llama-3.2-3B-Instruct,5,0.7,1.0,Paradox|False|Unknown|True,B,B,False,C,Unknown,False,False,True,False,0.6108402496727895,1.0655391417168276,-2.3984374997099036,0.0908598209712163,-1.5869140624114093,0.2045559080767426,-0.49291992183689204,0.6108402496727895,-2.367187499862975,0.09374402127925162,-2.367187499862975,0.09374402127925162,-1.5869140624114093,0.2045559080767426,-0.49291992183689204,0.6108402496727895,-2.3984374997099036,0.0908598209712163
P02_abstract,P02,abstract,Transitive,Symbolic,False,meta-llama/Llama-3.2-3B-Instruct,6,0.7,1.0,Paradox|Unknown|True|False,B,B,Unknown,B,Unknown,Unknown,False,False,False,0.6119222776794888,1.0746941205002212,-1.6787109373932605,0.18658019312807386,-2.177734374597971,0.11327717590560542,-0.49096679682904654,0.6119222776794888,-2.4277343747404654,0.08822035328683187,-2.4277343747404654,0.08822035328683187,-0.49096679682904654,0.6119222776794888,-1.6787109373932605,0.18658019312807386,-2.177734374597971,0.11327717590560542
P02_abstract,P02,abstract,Transitive,Symbolic,False,meta-llama/Llama-3.2-3B-Instruct,7,0.7,1.0,Paradox|Unknown|False|True,B,B,Unknown,B,Unknown,Unknown,False,False,False,0.6618433504089827,1.0041942362730176,-2.443359374696555,0.08685735528768822,-1.943359374873459,0.14320356915423657,-0.41259765621744693,0.6618433504089827,-2.224609374824398,0.10809572514909252,-2.224609374824398,0.10809572514909252,-0.41259765621744693,0.6618433504089827,-1.943359374873459,0.14320356915423657,-2.443359374696555,0.08685735528768822
P02_abstract,P02,abstract,Transitive,Symbolic,False,meta-llama/Llama-3.2-3B-Instruct,8,0.7,1.0,True|False|Unknown|Paradox,A,A,True,B,False,True,False,False,True,0.37747496140721015,1.108910152623082,-1.379882812383135,0.25157534328833936,-0.9741210936670499,0.37747496140721015,-1.0048828123611881,0.3660399646221939,-5.316406243320415,0.004909730682256632,-1.379882812383135,0.25157534328833936,-0.9741210936670499,0.37747496140721015,-1.0048828123611881,0.3660399646221939,-5.316406243320415,0.004909730682256632
P02_abstract,P02,abstract,Transitive,Symbolic,False,meta-llama/Llama-3.2-3B-Instruct,9,0.7,1.0,True|False|Paradox|Unknown,B,B,False,B,False,False,False,True,True,0.44194195641413003,1.2109621111754028,-1.1289062499280678,0.3233316424104336,-0.8164062499608529,0.44194195641413003,-2.628906249358938,0.07214504119315476,-1.8164062497982423,0.16258135998228154,-1.1289062499280678,0.3233316424104336,-0.8164062499608529,0.44194195641413003,-1.8164062497982423,0.16258135998228154,-2.628906249358938,0.07214504119315476
P02_artificial,P02,artificial,Transitive,Plimble feeding,False,meta-llama/Llama-3.2-3B-Instruct,0,0.7,1.0,True|Unknown|False|Paradox,B,B,Unknown,C,False,Unknown,False,False,True,0.5470838686584921,1.018789044182035,-1.4462890618032145,0.2354127595697674,-0.6030273434842865,0.5470838686584921,-1.5400390616713686,0.2143457568176006,-5.757812477665281,0.0031576149541399263,-1.4462890618032145,0.2354127595697674,-1.5400390616713686,0.2143457568176006,-0.6030273434842865,0.5470838686584921,-5.757812477665281,0.0031576149541399263
P02_artificial,P02,artificial,Transitive,Plimble feeding,False,meta-llama/Llama-3.2-3B-Instruct,1,0.7,1.0,True|Unknown|Paradox|False,A,A,True,A,True,True,False,False,False,0.37778809919160616,1.2154349653236527,-0.9736328121771924,0.37778809919160616,-1.1611328120073086,0.31319733478507406,-1.3173828121277118,0.2678918768012965,-3.191406248084814,0.04112268922202329,-0.9736328121771924,0.37778809919160616,-1.3173828121277118,0.2678918768012965,-3.191406248084814,0.04112268922202329,-1.1611328120073086,0.31319733478507406
P02_artificial,P02,artificial,Transitive,Plimble feeding,False,meta-llama/Llama-3.2-3B-Instruct,2,0.7,1.0,True|Paradox|False|Unknown,B,B,Paradox,C,False,Paradox,False,False,True,0.35921417209913054,1.229716187981726,-1.3671874991858755,0.25472099035699847,-1.0234374995877793,0.35921417209913054,-3.0234374961164265,0.04861435189239874,-1.0859374994875541,0.33745048565147223,-1.3671874991858755,0.25472099035699847,-1.0859374994875541,0.33745048565147223,-1.0234374995877793,0.35921417209913054,-3.0234374961164265,0.04861435189239874
P02_artificial,P02,artificial,Transitive,Plimble feeding,False,meta-llama/Llama-3.2-3B-Instruct,3,0.7,1.0,True|Paradox|Unknown|False,A,A,True,A,True,True,False,False,False,0.3162476951874144,1.3637583684443821,-1.151367186930028,0.3162476951874144,-1.6201171865293926,0.19790275080187755,-1.620117186642529,0.19790275077948757,-1.2451171869282052,0.2879468032312204,-1.151367186930028,0.3162476951874144,-1.2451171869282052,0.2879468032312204,-1.620117186642529,0.19790275077948757,-1.6201171865293926,0.19790275080187755
P02_artificial,P02,artificial,Transitive,Plimble feeding,False,meta-llama/Llama-3.2-3B-Instruct,4,0.7,1.0,False|True|Unknown|Paradox,C,C,Unknown,B,True,Unknown,False,False,False,0.4635755624155718,1.0797183522371097,-0.7690429685048712,0.4635755624155718,-1.1445312493382716,0.31845498052551935,-1.550781249356945,0.212136750569817,-5.144531238456955,0.0058327064890918105,-1.1445312493382716,0.31845498052551935,-0.7690429685048712,0.4635755624155718,-1.550781249356945,0.212136750569817,-5.144531238456955,0.0058327064890918105
P02_artificial,P02,artificial,Transitive,Plimble feeding,False,meta-llama/Llama-3.2-3B-Instruct,5,0.7,1.0,False|True|Paradox|Unknown,A,A,False,B,True,False,False,True,False,0.5284942494021453,1.090890616273996,-0.637695312347103,0.5284942494021453,-1.1376953118630164,0.32054796589938916,-2.699218747880296,0.06725615165606488,-2.4804687486513437,0.08370163304240073,-1.1376953118630164,0.32054796589938916,-0.637695312347103,0.5284942494021453,-2.4804687486513437,0.08370163304240073,-2.699218747880296,0.06725615165606488
P02_artificial,P02,artificial,Transitive,Plimble feeding,False,meta-llama/Llama-3.2-3B-Instruct,6,0.7,1.0,False|Unknown|True|Paradox,C,C,True,C,True,True,False,False,False,0.5042063180082238,1.078798930458198,-0.6845703122713933,0.5042063180082238,-1.3408203118826039,0.2615787919638771,-1.4970703118099133,0.22374019744528645,-4.5585937400491705,0.010474692582612724,-1.3408203118826039,0.2615787919638771,-1.4970703118099133,0.22374019744528645,-0.6845703122713933,0.5042063180082238,-4.5585937400491705,0.010474692582612724
P02_artificial,P02,artificial,Transitive,Plimble feeding,False,meta-llama/Llama-3.2-3B-Instruct,7,0.7,1.0,False|Unknown|Paradox|True,A,A,False,A,False,False,False,True,True,0.3768056105302179,1.2932718579569413,-1.256835937063754,0.28456671179104864,-0.9760742184506155,0.3768056105302179,-1.4130859371263518,0.24340280722247498,-2.3515624990167585,0.09522487045625856,-0.9760742184506155,0.3768056105302179,-1.4130859371263518,0.24340280722247498,-2.3515624990167585,0.09522487045625856,-1.256835937063754,0.28456671179104864
P02_artificial,P02,artificial,Transitive,Plimble feeding,False,meta-llama/Llama-3.2-3B-Instruct,8,0.7,1.0,False|Paradox|True|Unknown,B,B,Paradox,C,True,Paradox,False,False,False,0.3199955385104621,1.2867621463297674,-1.1396484370977213,0.3199955385104621,-1.170898436861578,0.3101503108817346,-2.544921872314696,0.07849489715847088,-1.2333984369598403,0.2913592534493324,-1.170898436861578,0.3101503108817346,-1.2333984369598403,0.2913592534493324,-1.1396484370977213,0.3199955385104621,-2.544921872314696,0.07849489715847088
P02_artificial,P02,artificial,Transitive,Plimble feeding,False,meta-llama/Llama-3.2-3B-Instruct,9,0.7,1.0,False|Paradox|Unknown|True,C,C,Unknown,A,False,Unknown,False,False,True,0.3569614074607443,1.3440856444887608,-1.6552734369859536,0.1910676729100965,-1.030273437124696,0.3569614074607443,-1.7490234367164077,0.1739690959563068,-1.2802734370665887,0.2780018236728524,-1.030273437124696,0.3569614074607443,-1.2802734370665887,0.2780018236728524,-1.7490234367164077,0.1739690959563068,-1.6552734369859536,0.1910676729100965
P02_belief_violating,P02,belief_violating,Transitive,Counterfactual two-effect,False,meta-llama/Llama-3.2-3B-Instruct,0,0.7,1.0,Unknown|True|False|Paradox,C,C,False,B,True,False,False,True,False,0.586305498182075,0.8088645226426957,-0.5336914062126592,0.586305498182075,-0.971191406188924,0.3785472809468128,-3.439453124297176,0.03207507547584659,-5.785156244547754,0.00307214539526564,-3.439453124297176,0.03207507547584659,-0.5336914062126592,0.586305498182075,-0.971191406188924,0.3785472809468128,-5.785156244547754,0.00307214539526564
P02_belief_violating,P02,belief_violating,Transitive,Counterfactual two-effect,False,meta-llama/Llama-3.2-3B-Instruct,1,0.7,1.0,Unknown|True|Paradox|False,B,B,True,B,True,True,False,False,False,0.7153716949485651,0.7735543196941377,-0.3349609374736371,0.7153716949485651,-1.4912109373583458,0.22510169115895654,-3.0527343745584186,0.04722997826000381,-4.398437499017482,0.012296635632474486,-3.0527343745584186,0.04722997826000381,-0.3349609374736371,0.7153716949485651,-4.398437499017482,0.012296635632474486,-1.4912109373583458,0.22510169115895654
P02_belief_violating,P02,belief_violating,Transitive,Counterfactual two-effect,False,meta-llama/Llama-3.2-3B-Instruct,2,0.7,1.0,Unknown|False|True|Paradox,C,C,True,B,False,True,False,False,True,0.571765376439113,0.8189378379966133,-0.9340820311845761,0.39296821322004616,-0.5590820312089024,0.571765376439113,-3.4960937492678226,0.030317254567925025,-5.3085937462818915,0.004949155772915867,-3.4960937492678226,0.030317254567925025,-0.5590820312089024,0.571765376439113,-0.9340820311845761,0.39296821322004616,-5.3085937462818915,0.004949155772915867
P02_belief_violating,P02,belief_violating,Transitive,Counterfactual two-effect,False,meta-llama/Llama-3.2-3B-Instruct,3,0.7,1.0,Unknown|False|Paradox|True,B,B,False,B,False,False,False,True,True,0.596563748708367,0.8874202742561026,-1.0791015624290903,0.33991177788593907,-0.5166015624726816,0.596563748708367,-3.0781249995940008,0.04604700257724714,-4.046874999252569,0.017477470828446754,-3.0781249995940008,0.04604700257724714,-0.5166015624726816,0.596563748708367,-4.046874999252569,0.017477470828446754,-1.0791015624290903,0.33991177788593907
P02_belief_violating,P02,belief_violating,Transitive,Counterfactual two-effect,False,meta-llama/Llama-3.2-3B-Instruct,4,0.7,1.0,Unknown|Paradox|True|False,B,B,Paradox,C,True,Paradox,False,False,False,0.5573487968094355,1.0656916859419323,-0.58447265614922,0.5573487968094355,-1.2089843747704674,0.29847301640454477,-2.6777343747057296,0.06871238994463916,-2.583984374571278,0.07546579684138054,-2.6777343747057296,0.06871238994463916,-2.583984374571278,0.07546579684138054,-0.58447265614922,0.5573487968094355,-1.2089843747704674,0.29847301640454477
P02_belief_violating,P02,belief_violating,Transitive,Counterfactual two-effect,False,meta-llama/Llama-3.2-3B-Instruct,5,0.7,1.0,Unknown|Paradox|False|True,D,D,True,C,False,True,False,False,True,0.4782031099377501,1.1262395621039683,-1.019531249858966,0.36079043497733243,-0.7377929686731461,0.4782031099377501,-2.5195312498378364,0.08050322753821484,-2.519531249732402,0.08050322754670264,-2.5195312498378364,0.08050322753821484,-2.519531249732402,0.08050322754670264,-0.7377929686731461,0.4782031099377501,-1.019531249858966,0.36079043497733243
P02_belief_violating,P02,belief_violating,Transitive,Counterfactual two-effect,False,meta-llama/Llama-3.2-3B-Instruct,6,0.7,1.0,Paradox|True|False|Unknown,B,B,True,B,True,True,False,False,False,0.7262853123191984,0.7373971741711904,-0.3198242187151219,0.7262853123191984,-1.4755859374334843,0.228647430211689,-3.47656249910603,0.030913860691868335,-4.257812498304329,0.014153396777244245,-4.257812498304329,0.014153396777244245,-0.3198242187151219,0.7262853123191984,-1.4755859374334843,0.228647430211689,-3.47656249910603,0.030913860691868335
P02_belief_violating,P02,belief_violating,Transitive,Counterfactual two-effect,False,meta-llama/Llama-3.2-3B-Instruct,7,0.7,1.0,Paradox|True|Unknown|False,B,B,True,B,True,True,False,False,False,0.7827614526367371,0.6864648347883523,-0.24499511715886468,0.7827614526367371,-1.8701171874035878,0.15411605479114465,-2.9941406247343174,0.05008304280375328,-4.339843748610594,0.013039449768364955,-4.339843748610594,0.013039449768364955,-0.24499511715886468,0.7827614526367371,-2.9941406247343174,0.05008304280375328,-1.8701171874035878,0.15411605479114465
P02_belief_violating,P02,belief_violating,Transitive,Counterfactual two-effect,False,meta-llama/Llama-3.2-3B-Instruct,8,0.7,1.0,Paradox|False|True|Unknown,D,D,Unknown,B,False,Unknown,False,False,True,0.44233847987393804,1.0349330913078916,-0.8159179686841709,0.4423384798639146,-0.8159179686615108,0.44233847987393804,-2.441406249484683,0.08705909141450965,-3.566406248991439,0.028263948847637693,-3.566406248991439,0.028263948847637693,-0.8159179686615108,0.44233847987393804,-0.8159179686841709,0.4423384798639146,-2.441406249484683,0.08705909141450965
P02_belief_violating,P02,belief_violating,Transitive,Counterfactual two-effect,False,meta-llama/Llama-3.2-3B-Instruct,9,0.7,1.0,Paradox|False|Unknown|True,D,D,True,D,True,True,False,False,False,0.45597764586933315,1.085500607937668,-0.7851562499631424,0.45597764586933315,-0.9414062499332216,0.39001834876264235,-2.0664062498041984,0.12662041925715817,-3.597656249214546,0.027383586110866383,-3.597656249214546,0.027383586110866383,-0.9414062499332216,0.39001834876264235,-2.0664062498041984,0.12662041925715817,-0.7851562499631424,0.45597764586933315
P02_familiar,P02,familiar,Transitive,Alchemist's potion,False,meta-llama/Llama-3.2-3B-Instruct,0,0.7,1.0,Paradox|Unknown|True|False,C,C,True,B,Unknown,True,False,False,False,0.4353793406414006,1.2304255608986197,-1.8310546872277849,0.16024533423587728,-1.1435546872151976,0.3186859005246386,-0.831542968544241,0.4353793406414006,-2.45703124933839,0.08568942459808356,-2.45703124933839,0.08568942459808356,-0.831542968544241,0.4353793406414006,-1.8310546872277849,0.16024533423587728,-1.1435546872151976,0.3186859005246386
P02_familiar,P02,familiar,Transitive,Alchemist's potion,False,meta-llama/Llama-3.2-3B-Instruct,1,0.7,1.0,Paradox|Unknown|False|True,B,B,Unknown,B,Unknown,Unknown,False,False,False,0.3975889223131465,1.226122844166437,-1.9853515621522173,0.13733597994459537,-0.9848632811048603,0.3735002272417413,-0.9223632810803335,0.3975889223131465,-2.390624999561063,0.0915748705005168,-2.390624999561063,0.0915748705005168,-0.9223632810803335,0.3975889223131465,-0.9848632811048603,0.3735002272417413,-1.9853515621522173,0.13733597994459537
P02_familiar,P02,familiar,Transitive,Alchemist's potion,False,meta-llama/Llama-3.2-3B-Instruct,2,0.7,1.0,True|False|Unknown|Paradox,C,C,Unknown,B,False,Unknown,False,False,True,0.6337462833200636,0.9557152298868355,-1.831054687117508,0.16023615416578535,-0.4560546874194382,0.6337462833200636,-1.6435546871347222,0.19328169620232677,-4.363281245550062,0.012735866311824348,-1.831054687117508,0.16023615416578535,-0.4560546874194382,0.6337462833200636,-1.6435546871347222,0.19328169620232677,-4.363281245550062,0.012735866311824348
P02_familiar,P02,familiar,Transitive,Alchemist's potion,False,meta-llama/Llama-3.2-3B-Instruct,3,0.7,1.0,True|False|Paradox|Unknown,B,B,False,B,False,False,False,True,True,0.6601217313298773,0.9879149166987796,-1.9775390621441615,0.1384028174616257,-0.41528320308005995,0.6601217313298773,-2.9160156237567714,0.054146418924328504,-1.9150390621601259,0.14732903228416852,-1.9775390621441615,0.1384028174616257,-0.41528320308005995,0.6601217313298773,-1.9150390621601259,0.14732903228416852,-2.9160156237567714,0.054146418924328504
P02_familiar,P02,familiar,Transitive,Alchemist's potion,False,meta-llama/Llama-3.2-3B-Instruct,4,0.7,1.0,True|Unknown|False|Paradox,A,A,True,C,False,True,False,False,True,0.7776029670148841,0.6939245922579161,-2.3769531246680096,0.09284875958621154,-0.2517089843029987,0.7776029670148841,-2.064453124599281,0.12690920740208042,-5.937499987569259,0.00263906599682391,-2.3769531246680096,0.09284875958621154,-2.064453124599281,0.12690920740208042,-0.2517089843029987,0.7776029670148841,-5.937499987569259,0.00263906599682391
P02_familiar,P02,familiar,Transitive,Alchemist's potion,False,meta-llama/Llama-3.2-3B-Instruct,5,0.7,1.0,True|Unknown|Paradox|False,B,B,Unknown,D,False,Unknown,False,False,True,0.38408695915763186,1.2376358045245275,-1.3007812498697138,0.27235843731011367,-0.9570312497884106,0.38408695915763186,-1.2382812498610904,0.2899240473586433,-2.9257812493685025,0.05363055617361119,-1.3007812498697138,0.27235843731011367,-1.2382812498610904,0.2899240473586433,-2.9257812493685025,0.05363055617361119,-0.9570312497884106,0.38408695915763186
P02_familiar,P02,familiar,Transitive,Alchemist's potion,False,meta-llama/Llama-3.2-3B-Instruct,6,0.7,1.0,True|Paradox|False|Unknown,B,B,Paradox,B,Paradox,Paradox,False,False,False,0.41395299079500686,1.1111567454047087,-1.944335937267034,0.14305832564033624,-0.8818359374082758,0.41395299079441245,-3.539062497608526,0.029035692770244526,-0.8818359374068399,0.41395299079500686,-1.944335937267034,0.14305832564033624,-0.8818359374068399,0.41395299079500686,-0.8818359374082758,0.41395299079441245,-3.539062497608526,0.029035692770244526
P02_familiar,P02,familiar,Transitive,Alchemist's potion,False,meta-llama/Llama-3.2-3B-Instruct,7,0.7,1.0,True|Paradox|Unknown|False,B,B,Paradox,B,Paradox,Paradox,False,False,False,0.395216697357227,1.333347820024314,-1.4902343748243254,0.22529766798662051,-1.6464843745512912,0.1927073076182306,-1.6777343747232785,0.18677832703792197,-0.9282226561269522,0.395216697357227,-1.4902343748243254,0.22529766798662051,-0.9282226561269522,0.395216697357227,-1.6777343747232785,0.18677832703792197,-1.6464843745512912,0.1927073076182306
P02_familiar,P02,familiar,Transitive,Alchemist's potion,False,meta-llama/Llama-3.2-3B-Instruct,8,0.7,1.0,False|True|Unknown|Paradox,C,C,Unknown,B,True,Unknown,False,False,False,0.5308383180873157,1.0831624205055377,-0.6333007811808109,0.5308383180873157,-1.446289062218537,0.2354430852736609,-1.5400390621954552,0.21437336866189927,-3.945312497454567,0.019345227977124128,-1.446289062218537,0.2354430852736609,-0.6333007811808109,0.5308383180873157,-1.5400390621954552,0.21437336866189927,-3.945312497454567,0.019345227977124128
P02_familiar,P02,familiar,Transitive,Alchemist's potion,False,meta-llama/Llama-3.2-3B-Instruct,9,0.7,1.0,False|True|Paradox|Unknown,B,B,True,B,True,True,False,False,False,0.5508826578615001,1.1454914013172994,-0.5961914062047882,0.5508826578615001,-1.4716796872412035,0.22952995487122388,-2.4707031241653623,0.08452185215996236,-2.0019531246518394,0.13506553510731364,-1.4716796872412035,0.22952995487122388,-0.5961914062047882,0.5508826578615001,-2.0019531246518394,0.13506553510731364,-2.4707031241653623,0.08452185215996236
P03_abstract,P03,abstract,Sets,Symbolic,True,meta-llama/Llama-3.2-3B-Instruct,0,0.7,1.0,False|Unknown|True|Paradox,C,C,True,C,True,True,False,True,True,0.7571526609047815,0.7305997271351468,-0.2780761718498954,0.7571526609047815,-2.4023437499275033,0.09049524615826691,-1.9033203124398086,0.1490558038296273,-5.714843747814407,0.00329628910732437,-2.4023437499275033,0.09049524615826691,-1.9033203124398086,0.1490558038296273,-0.2780761718498954,0.7571526609047815,-5.714843747814407,0.00329628910732437
P03_abstract,P03,abstract,Sets,Symbolic,True,meta-llama/Llama-3.2-3B-Instruct,1,0.7,1.0,False|Unknown|Paradox|True,B,B,Unknown,B,Unknown,Unknown,False,False,False,0.30107465080765794,1.3768512832798412,-1.4501953124239273,0.2344771738235249,-1.3564453124617575,0.25752279574201037,-1.2001953124732758,0.30107465080765794,-1.5751953124202722,0.2069253796268068,-1.3564453124617575,0.25752279574201037,-1.2001953124732758,0.30107465080765794,-1.5751953124202722,0.2069253796268068,-1.4501953124239273,0.2344771738235249
P03_abstract,P03,abstract,Sets,Symbolic,True,meta-llama/Llama-3.2-3B-Instruct,2,0.7,1.0,False|Paradox|True|Unknown,B,B,Paradox,C,True,Paradox,False,False,True,0.6151652660947502,0.9634066708886372,-0.4858398437266729,0.6151652660947502,-2.205078124949091,0.11023921383460793,-4.0156249993810915,0.018031239861046336,-1.3603515624700708,0.25656428020959554,-2.205078124949091,0.11023921383460793,-1.3603515624700708,0.25656428020959554,-0.4858398437266729,0.6151652660947502,-4.0156249993810915,0.018031239861046336
P03_abstract,P03,abstract,Sets,Symbolic,True,meta-llama/Llama-3.2-3B-Instruct,3,0.7,1.0,False|Paradox|Unknown|True,B,B,Paradox,B,Paradox,Paradox,False,False,False,0.42255122070001583,1.3123747075028935,-1.7675781249281963,0.17072612629002462,-1.673828124953649,0.18750596756187873,-1.5175781249325395,0.21921668544808073,-0.8613281249790883,0.42255122070001583,-1.673828124953649,0.18750596756187873,-0.8613281249790883,0.42255122070001583,-1.5175781249325395,0.21921668544808073,-1.7675781249281963,0.17072612629002462
P03_abstract,P03,abstract,Sets,Symbolic,True,meta-llama/Llama-3.2-3B-Instruct,4,0.7,1.0,Unknown|True|False|Paradox,A,A,Unknown,B,True,Unknown,False,False,True,0.6809043452707895,0.825055150072504,-0.38427734374090283,0.6809043452707895,-1.477539062437148,0.22818577856324443,-2.416015624886173,0.08927161292616712,-6.414062497290602,0.001638263239798886,-2.416015624886173,0.08927161292616712,-0.38427734374090283,0.6809043452707895,-1.477539062437148,0.22818577856324443,-6.414062497290602,0.001638263239798886
P03_abstract,P03,abstract,Sets,Symbolic,True,meta-llama/Llama-3.2-3B-Instruct,5,0.7,1.0,Unknown|True|Paradox|False,B,B,True,B,True,True,False,True,True,0.7718436697692402,0.7738515913828619,-0.2590332031185507,0.7718436697692402,-2.884765624815224,0.055871231614770124,-2.1660156249253495,0.11464032373157301,-2.853515624866883,0.057644774884416654,-2.1660156249253495,0.11464032373157301,-0.2590332031185507,0.7718436697692402,-2.853515624866883,0.057644774884416654,-2.884765624815224,0.055871231614770124
P03_abstract,P03,abstract,Sets,Symbolic,True,meta-llama/Llama-3.2-3B-Instruct,6,0.7,1.0,Unknown|False|True|Paradox,C,C,True,C,True,True,False,True,True,0.5722852961285053,0.9187194937680723,-0.5581054687249236,0.5722852961285053,-1.0888671874792126,0.33659348213400503,-2.4335937499111777,0.08771995015357546,-5.683593748243817,0.003401271583914174,-2.4335937499111777,0.08771995015357546,-1.0888671874792126,0.33659348213400503,-0.5581054687249236,0.5722852961285053,-5.683593748243817,0.003401271583914174
P03_abstract,P03,abstract,Sets,Symbolic,True,meta-llama/Llama-3.2-3B-Instruct,7,0.7,1.0,Unknown|False|Paradox|True,B,B,False,B,False,False,False,False,False,0.4009637088272759,1.3310588844170215,-1.6015624999382092,0.2016172144281943,-0.9140624999852998,0.4009637088272759,-1.5703124999533742,0.20801723182146786,-1.6640624999321338,0.189401844923062,-1.5703124999533742,0.20801723182146786,-0.9140624999852998,0.4009637088272759,-1.6640624999321338,0.189401844923062,-1.6015624999382092,0.2016172144281943
P03_abstract,P03,abstract,Sets,Symbolic,True,meta-llama/Llama-3.2-3B-Instruct,8,0.7,1.0,Unknown|Paradox|True|False,A,A,Unknown,C,True,Unknown,False,False,True,0.6204922754845221,1.020654167182704,-0.47729492184337907,0.6204922754845221,-3.226562499514165,0.039695807518151646,-1.9775390624419105,0.13841674352763822,-1.6025390624540021,0.2013951734696879,-1.9775390624419105,0.13841674352763822,-1.6025390624540021,0.2013951734696879,-0.47729492184337907,0.6204922754845221,-3.226562499514165,0.039695807518151646
P03_abstract,P03,abstract,Sets,Symbolic,True,meta-llama/Llama-3.2-3B-Instruct,9,0.7,1.0,Unknown|Paradox|False|True,D,D,True,B,Paradox,True,False,True,False,0.3206021115400043,1.3500157478736659,-1.9189453123910536,0.14678234252991385,-1.2626953124443365,0.28293037040510677,-1.3876953124629359,0.24968517552497504,-1.1376953124760476,0.3206021115400043,-1.3876953124629359,0.24968517552497504,-1.1376953124760476,0.3206021115400043,-1.2626953124443365,0.28293037040510677,-1.9189453123910536,0.14678234252991385
P03_artificial,P03,artificial,Sets,Zorbian relics,True,meta-llama/Llama-3.2-3B-Instruct,0,0.7,1.0,Paradox|True|False|Unknown,C,C,False,B,True,False,False,False,True,0.6366460432893064,0.7799520500151813,-0.45141601558527333,0.6366460432893064,-1.1074218748989233,0.33036826268853814,-5.29687499790616,0.00500658905952813,-3.5761718744375375,0.027979104962627385,-3.5761718744375375,0.027979104962627385,-0.45141601558527333,0.6366460432893064,-1.1074218748989233,0.33036826268853814,-5.29687499790616,0.00500658905952813
P03_artificial,P03,artificial,Sets,Zorbian relics,True,meta-llama/Llama-3.2-3B-Instruct,1,0.7,1.0,Paradox|True|Unknown|False,B,B,True,B,True,True,False,True,True,0.8056255813374877,0.6503790287460808,-0.21618652340603717,0.8056255813374877,-1.9970703123388265,0.13573918760978562,-3.8105468743522204,0.02213718434886632,-3.310546874503614,0.036498046703860296,-3.310546874503614,0.036498046703860296,-0.21618652340603717,0.8056255813374877,-3.8105468743522204,0.02213718434886632,-1.9970703123388265,0.13573918760978562
P03_artificial,P03,artificial,Sets,Zorbian relics,True,meta-llama/Llama-3.2-3B-Instruct,2,0.7,1.0,Paradox|False|True|Unknown,C,C,True,B,False,True,False,True,False,0.5539161986106065,0.973343489637168,-1.0595703123989977,0.3466318997422757,-0.5908203123724489,0.5539161986106065,-3.933593748694728,0.019574740262231324,-2.527343749708746,0.0798771613848865,-2.527343749708746,0.0798771613848865,-0.5908203123724489,0.5539161986106065,-1.0595703123989977,0.3466318997422757,-3.933593748694728,0.019574740262231324
P03_artificial,P03,artificial,Sets,Zorbian relics,True,meta-llama/Llama-3.2-3B-Instruct,3,0.7,1.0,Paradox|False|Unknown|True,B,B,False,B,False,False,False,False,False,0.5352907228161398,1.0712142031181682,-1.1562499999423481,0.31468118223415853,-0.6249999999004323,0.5352907228161398,-3.1874999993306554,0.0412771883429548,-2.2187499997894107,0.108750906606747,-2.2187499997894107,0.108750906606747,-0.6249999999004323,0.5352907228161398,-3.1874999993306554,0.0412771883429548,-1.1562499999423481,0.31468118223415853
P03_artificial,P03,artificial,Sets,Zorbian relics,True,meta-llama/Llama-3.2-3B-Instruct,4,0.7,1.0,Paradox|Unknown|True|False,B,B,Unknown,C,True,Unknown,False,False,True,0.40602849468228985,1.2524865834277505,-0.9013671873910378,0.40602849468228985,-1.1513671872902915,0.3162153096397286,-1.620117187266002,0.19788248436951317,-2.527343749762264,0.07987371130846833,-2.527343749762264,0.07987371130846833,-1.620117187266002,0.19788248436951317,-0.9013671873910378,0.40602849468228985,-1.1513671872902915,0.3162153096397286
P03_artificial,P03,artificial,Sets,Zorbian relics,True,meta-llama/Llama-3.2-3B-Instruct,5,0.7,1.0,Paradox|Unknown|False|True,D,D,True,C,False,True,False,True,False,0.5560750600833846,1.1542606249331748,-1.6806640623862117,0.18626181385028925,-0.5869140624140916,0.5560750600833846,-1.7744140623238072,0.1695933114507109,-2.4296874998541242,0.08806981461561524,-2.4296874998541242,0.08806981461561524,-1.7744140623238072,0.1695933114507109,-0.5869140624140916,0.5560750600833846,-1.6806640623862117,0.18626181385028925
P03_artificial,P03,artificial,Sets,Zorbian relics,True,meta-llama/Llama-3.2-3B-Instruct,6,0.7,1.0,True|False|Unknown|Paradox,B,B,False,B,False,False,False,False,False,0.6439872935169104,0.7364756726868429,-1.0966796874017783,0.3340146501438463,-0.44018554677676525,0.6439872935169104,-3.84570312364551,0.021373704792354144,-7.37890623494737,0.0006243515468891523,-1.0966796874017783,0.3340146501438463,-0.44018554677676525,0.6439872935169104,-3.84570312364551,0.021373704792354144,-7.37890623494737,0.0006243515468891523
P03_artificial,P03,artificial,Sets,Zorbian relics,True,meta-llama/Llama-3.2-3B-Instruct,7,0.7,1.0,True|False|Paradox|Unknown,B,B,False,B,False,False,False,False,False,0.657502008791665,0.7353478616873348,-1.137695312399256,0.32051912914342623,-0.41918945305008437,0.657502008791665,-5.417968745074761,0.004435624986346763,-4.042968748297819,0.01754323707856212,-1.137695312399256,0.32051912914342623,-0.41918945305008437,0.657502008791665,-4.042968748297819,0.01754323707856212,-5.417968745074761,0.004435624986346763
P03_artificial,P03,artificial,Sets,Zorbian relics,True,meta-llama/Llama-3.2-3B-Instruct,8,0.7,1.0,True|Unknown|False|Paradox,C,C,False,C,False,False,False,False,False,0.857828772971165,0.4826180842345603,-2.183593749932942,0.11261883851286224,-0.15319824210651767,0.857828772971165,-3.5273437493333755,0.029378379335133535,-8.656249974092827,0.00017400918083920828,-2.183593749932942,0.11261883851286224,-3.5273437493333755,0.029378379335133535,-0.15319824210651767,0.857828772971165,-8.656249974092827,0.00017400918083920828
P03_artificial,P03,artificial,Sets,Zorbian relics,True,meta-llama/Llama-3.2-3B-Instruct,9,0.7,1.0,True|Unknown|Paradox|False,A,A,True,A,True,True,False,True,True,0.607907899211309,0.9831604033783741,-0.4978027343422635,0.607907899211309,-1.341796874712716,0.26139410480919184,-2.248046874708194,0.10561276541367474,-3.6855468739973434,0.025085230565824342,-0.4978027343422635,0.607907899211309,-2.248046874708194,0.10561276541367474,-3.6855468739973434,0.025085230565824342,-1.341796874712716,0.26139410480919184
P03_belief_violating,P03,belief_violating,Sets,Counterfactual disjuncts,True,meta-llama/Llama-3.2-3B-Instruct,0,0.7,1.0,True|Paradox|False|Unknown,B,B,Paradox,C,False,Paradox,False,False,False,0.5228472659413023,1.0847087142611211,-2.304687499826793,0.09978714695531654,-0.6484374999419644,0.5228472659413023,-2.992187499078178,0.0501761286023226,-1.1171874999128908,0.3271894585010586,-2.304687499826793,0.09978714695531654,-1.1171874999128908,0.3271894585010586,-0.6484374999419644,0.5228472659413023,-2.992187499078178,0.0501761286023226
P03_belief_violating,P03,belief_violating,Sets,Counterfactual disjuncts,True,meta-llama/Llama-3.2-3B-Instruct,1,0.7,1.0,True|Paradox|Unknown|False,D,D,False,D,False,False,False,False,False,0.4233875598749624,1.2950212388838045,-1.8906249999005347,0.15096348354945455,-0.8593749998973708,0.4233875598749624,-1.828124999852984,0.16069979174497315,-1.3281249999149132,0.26494916483061,-1.8906249999005347,0.15096348354945455,-1.3281249999149132,0.26494916483061,-1.828124999852984,0.16069979174497315,-0.8593749998973708,0.4233875598749624
P03_belief_violating,P03,belief_violating,Sets,Counterfactual disjuncts,True,meta-llama/Llama-3.2-3B-Instruct,2,0.7,1.0,False|True|Unknown|Paradox,C,C,Unknown,A,False,Unknown,False,False,False,0.37080538766452054,1.1540835662173758,-1.1796874999266507,0.3074084635498457,-0.9921874999194509,0.37080538766452054,-1.179687499797492,0.30740846358955015,-4.242187497856724,0.014377685196083605,-0.9921874999194509,0.37080538766452054,-1.1796874999266507,0.3074084635498457,-1.179687499797492,0.30740846358955015,-4.242187497856724,0.014377685196083605
P03_belief_violating,P03,belief_violating,Sets,Counterfactual disjuncts,True,meta-llama/Llama-3.2-3B-Instruct,3,0.7,1.0,False|True|Paradox|Unknown,A,A,False,A,False,False,False,False,False,0.43171381251270846,1.1364103959896208,-0.9023437499560267,0.4055575948645245,-0.8398437499389599,0.43171381251270846,-2.4335937494808793,0.08770798095417846,-2.589843749589333,0.0750206116685887,-0.8398437499389599,0.43171381251270846,-0.9023437499560267,0.4055575948645245,-2.589843749589333,0.0750206116685887,-2.4335937494808793,0.08770798095417846
P03_belief_violating,P03,belief_violating,Sets,Counterfactual disjuncts,True,meta-llama/Llama-3.2-3B-Instruct,4,0.7,1.0,False|Unknown|True|Paradox,C,C,True,A,False,True,False,True,False,0.4573124449597283,1.0971607276430984,-1.8759765623972573,0.15318048157666703,-0.7822265624467073,0.4573124449597283,-1.0009765624121285,0.36746087276678413,-3.8144531236872727,0.02204620069682049,-0.7822265624467073,0.4573124449597283,-1.0009765624121285,0.36746087276678413,-1.8759765623972573,0.15318048157666703,-3.8144531236872727,0.02204620069682049
P03_belief_violating,P03,belief_violating,Sets,Counterfactual disjuncts,True,meta-llama/Llama-3.2-3B-Instruct,5,0.7,1.0,False|Unknown|Paradox|True,B,B,Unknown,A,False,Unknown,False,False,False,0.4969632346659586,1.0654590287832617,-2.605468749758568,0.0738669904131807,-0.6992187499586962,0.4969632346659586,-0.98046874993082,0.37512753026887896,-2.917968749713289,0.05404224465198174,-0.6992187499586962,0.4969632346659586,-0.98046874993082,0.37512753026887896,-2.917968749713289,0.05404224465198174,-2.605468749758568,0.0738669904131807
P03_belief_violating,P03,belief_violating,Sets,Counterfactual disjuncts,True,meta-llama/Llama-3.2-3B-Instruct,6,0.7,1.0,False|Paradox|True|Unknown,A,A,False,A,False,False,False,False,False,0.45821499291389794,1.1793529813997805,-2.2480468748599853,0.1055901460937905,-0.7802734374572609,0.45821499291389794,-2.4042968745113753,0.09031603810251689,-1.0615234374188889,0.3458788228897946,-0.7802734374572609,0.45821499291389794,-1.0615234374188889,0.3458788228897946,-2.2480468748599853,0.1055901460937905,-2.4042968745113753,0.09031603810251689
P03_belief_violating,P03,belief_violating,Sets,Counterfactual disjuncts,True,meta-llama/Llama-3.2-3B-Instruct,7,0.7,1.0,False|Paradox|Unknown|True,A,A,False,A,False,False,False,False,False,0.4602776202709353,1.2137647421921205,-2.6816406247590456,0.06844757413953315,-0.7758789062106461,0.4602776202709353,-1.6503906248605378,0.19196596892102727,-1.275390624897969,0.2793088366685043,-0.7758789062106461,0.4602776202709353,-1.275390624897969,0.2793088366685043,-1.6503906248605378,0.19196596892102727,-2.6816406247590456,0.06844757413953315
P03_belief_violating,P03,belief_violating,Sets,Counterfactual disjuncts,True,meta-llama/Llama-3.2-3B-Instruct,8,0.7,1.0,Unknown|True|False|Paradox,C,C,False,C,False,False,False,False,False,0.7465650066081607,0.707477670757992,-1.604492187428684,0.20098430807155582,-0.2922363280970526,0.7465650066081607,-3.011718749776726,0.04920524745339271,-5.730468746223707,0.00324543786689074,-3.011718749776726,0.04920524745339271,-1.604492187428684,0.20098430807155582,-0.2922363280970526,0.7465650066081607,-5.730468746223707,0.00324543786689074
P03_belief_violating,P03,belief_violating,Sets,Counterfactual disjuncts,True,meta-llama/Llama-3.2-3B-Instruct,9,0.7,1.0,Unknown|True|Paradox|False,D,D,False,D,False,False,False,False,False,0.6668043240946416,0.8888967376959817,-1.5302734374656273,0.2164796690629945,-0.40527343746771716,0.6668043240946416,-2.248046874923879,0.1056068459501718,-4.499999999624554,0.011109160892192035,-2.248046874923879,0.1056068459501718,-1.5302734374656273,0.2164796690629945,-4.499999999624554,0.011109160892192035,-0.40527343746771716,0.6668043240946416
P03_familiar,P03,familiar,Sets,Diamond theft,True,meta-llama/Llama-3.2-3B-Instruct,0,0.7,1.0,Unknown|False|True|Paradox,B,B,False,B,False,False,False,False,False,0.7500403763469218,0.6788687381281212,-1.5693359374027378,0.20817701658019064,-0.2875976562141709,0.7500403763469218,-3.1933593745916977,0.0410325363633888,-7.1953124939888955,0.0007500707094986998,-3.1933593745916977,0.0410325363633888,-0.2875976562141709,0.7500403763469218,-1.5693359374027378,0.20817701658019064,-7.1953124939888955,0.0007500707094986998
P03_familiar,P03,familiar,Sets,Diamond theft,True,meta-llama/Llama-3.2-3B-Instruct,1,0.7,1.0,Unknown|False|Paradox|True,B,B,False,B,False,False,False,False,False,0.8322275217892512,0.5999020973393995,-2.2773437499082756,0.10255055199579048,-0.18359374998542388,0.8322275217892512,-2.9960937497585625,0.049979147445726964,-4.183593749534505,0.015242778769231344,-2.9960937497585625,0.049979147445726964,-0.18359374998542388,0.8322275217892512,-4.183593749534505,0.015242778769231344,-2.2773437499082756,0.10255055199579048
P03_familiar,P03,familiar,Sets,Diamond theft,True,meta-llama/Llama-3.2-3B-Instruct,2,0.7,1.0,Unknown|Paradox|True|False,D,D,False,C,True,False,False,False,True,0.3913518461387597,1.2999432556352342,-0.9379882811591669,0.3913518461387597,-1.1874999998197417,0.3049339814571473,-1.9999999998889821,0.13531363401455385,-1.7812499998680515,0.16840053838953922,-1.9999999998889821,0.13531363401455385,-1.7812499998680515,0.16840053838953922,-0.9379882811591669,0.3913518461387597,-1.1874999998197417,0.3049339814571473
P03_familiar,P03,familiar,Sets,Diamond theft,True,meta-llama/Llama-3.2-3B-Instruct,3,0.7,1.0,Unknown|Paradox|False|True,C,C,False,C,False,False,False,False,False,0.446517306684651,1.2889708126740218,-1.4931640624011315,0.22463265905351895,-0.8061523436525995,0.446517306684651,-1.8369140624218296,0.15928840730890553,-1.7744140624056497,0.1695616269529245,-1.8369140624218296,0.15928840730890553,-1.7744140624056497,0.1695616269529245,-0.8061523436525995,0.446517306684651,-1.4931640624011315,0.22463265905351895
P03_familiar,P03,familiar,Sets,Diamond theft,True,meta-llama/Llama-3.2-3B-Instruct,4,0.7,1.0,Paradox|True|False|Unknown,A,A,Paradox,B,True,Paradox,False,False,True,0.5172898343245881,0.9804298244592348,-0.6591796874652136,0.5172898343245881,-0.9716796874372484,0.3784573274976713,-4.4726562486427,0.011417265922526058,-2.3769531248107927,0.09283557225521455,-2.3769531248107927,0.09283557225521455,-0.6591796874652136,0.5172898343245881,-0.9716796874372484,0.3784573274976713,-4.4726562486427,0.011417265922526058
P03_familiar,P03,familiar,Sets,Diamond theft,True,meta-llama/Llama-3.2-3B-Instruct,5,0.7,1.0,Paradox|True|Unknown|False,B,B,True,B,True,True,False,True,True,0.645366241034467,0.991344455353022,-0.4377441406014859,0.645366241034467,-1.6874999998680367,0.1849456710484156,-3.156249999697954,0.04257691104567441,-2.0624999998596594,0.1271111768714428,-2.0624999998596594,0.1271111768714428,-0.4377441406014859,0.645366241034467,-3.156249999697954,0.04257691104567441,-1.6874999998680367,0.1849456710484156
P03_familiar,P03,familiar,Sets,Diamond theft,True,meta-llama/Llama-3.2-3B-Instruct,6,0.7,1.0,Paradox|False|True|Unknown,C,C,True,C,True,True,False,True,True,0.42908317087856623,1.1811805648268938,-0.8461914061643232,0.42908317087856623,-1.2529296873326066,0.28569148090847224,-3.40820312384121,0.03310350122476661,-1.3779296873656777,0.25212184698819495,-1.3779296873656777,0.25212184698819495,-1.2529296873326066,0.28569148090847224,-0.8461914061643232,0.42908317087856623,-3.40820312384121,0.03310350122476661
P03_familiar,P03,familiar,Sets,Diamond theft,True,meta-llama/Llama-3.2-3B-Instruct,7,0.7,1.0,Paradox|False|Unknown|True,D,D,True,D,True,True,False,True,True,0.3769967106132413,1.2593564500623173,-0.9755859374463027,0.3769967106132413,-1.4755859373752462,0.2286600636139898,-2.6328124996331495,0.07188085093082205,-1.1318359374195017,0.32246237484194684,-1.1318359374195017,0.32246237484194684,-1.4755859373752462,0.2286600636139898,-2.6328124996331495,0.07188085093082205,-0.9755859374463027,0.3769967106132413
P03_familiar,P03,familiar,Sets,Diamond theft,True,meta-llama/Llama-3.2-3B-Instruct,8,0.7,1.0,Paradox|Unknown|True|False,A,A,Paradox,C,True,Paradox,False,False,True,0.38001144655059044,1.3354245883688696,-0.9677734374018647,0.38001144655059044,-1.3740234372420332,0.2531421971543259,-1.8115234373082036,0.16344088655859448,-1.592773437390792,0.20340546973648918,-1.592773437390792,0.20340546973648918,-1.8115234373082036,0.16344088655859448,-0.9677734374018647,0.38001144655059044,-1.3740234372420332,0.2531421971543259
P03_familiar,P03,familiar,Sets,Diamond theft,True,meta-llama/Llama-3.2-3B-Instruct,9,0.7,1.0,Paradox|Unknown|False|True,B,B,Unknown,C,False,Unknown,False,False,False,0.31430590928917373,1.3526676529414101,-1.438476562409236,0.23725054745829982,-1.1572265623572524,0.31430590928917373,-1.875976562350428,0.15318046636967017,-1.2197265624346783,0.29526307688285625,-1.2197265624346783,0.29526307688285625,-1.875976562350428,0.15318046636967017,-1.1572265623572524,0.31430590928917373,-1.438476562409236,0.23725054745829982
P04_abstract,P04,abstract,Sets,Symbolic,True,meta-llama/Llama-3.2-3B-Instruct,0,0.7,1.0,True|False|Unknown|Paradox,C,C,Unknown,B,False,Unknown,False,False,False,0.5434775106772077,0.9236764561260807,-2.359374999612686,0.09448835586726424,-0.6098632811781997,0.5434775106772077,-1.0166015623224265,0.3618573400388579,-8.64062497368483,0.00017679341667017792,-2.359374999612686,0.09448835586726424,-0.6098632811781997,0.5434775106772077,-1.0166015623224265,0.3618573400388579,-8.64062497368483,0.00017679341667017792
P04_abstract,P04,abstract,Sets,Symbolic,True,meta-llama/Llama-3.2-3B-Instruct,1,0.7,1.0,True|False|Paradox|Unknown,B,B,False,B,False,False,False,False,False,0.8288816731616104,0.6182085116417232,-2.2812499996581996,0.10215073138506606,-0.18762207028605005,0.8288816731616104,-3.6874999988966475,0.02503311333661318,-3.1249999994185087,0.043934482116710215,-2.2812499996581996,0.10215073138506606,-0.18762207028605005,0.8288816731616104,-3.1249999994185087,0.043934482116710215,-3.6874999988966475,0.02503311333661318
P04_abstract,P04,abstract,Sets,Symbolic,True,meta-llama/Llama-3.2-3B-Instruct,2,0.7,1.0,True|Unknown|False|Paradox,B,B,Unknown,C,False,Unknown,False,False,False,0.5804014204851539,0.8238481187935944,-3.1074218744013136,0.04471206637499913,-0.5439453124369011,0.5804014204851539,-0.9814453123892664,0.3747353218907454,-8.79687497409284,0.00015119124910149844,-3.1074218744013136,0.04471206637499913,-0.9814453123892664,0.3747353218907454,-0.5439453124369011,0.5804014204851539,-8.79687497409284,0.00015119124910149844
P04_abstract,P04,abstract,Sets,Symbolic,True,meta-llama/Llama-3.2-3B-Instruct,3,0.7,1.0,True|Unknown|Paradox|False,B,B,Unknown,B,Unknown,Unknown,False,False,False,0.7840612871787237,0.7252590828646954,-2.744140624670659,0.06431254852684029,-2.087890624831742,0.1239656818443643,-0.24340820309526334,0.7840612871787237,-3.5878906245703805,0.027660482450071692,-2.744140624670659,0.06431254852684029,-0.24340820309526334,0.7840612871787237,-3.5878906245703805,0.027660482450071692,-2.087890624831742,0.1239656818443643
P04_abstract,P04,abstract,Sets,Symbolic,True,meta-llama/Llama-3.2-3B-Instruct,4,0.7,1.0,True|Paradox|False|Unknown,A,A,True,B,Paradox,True,False,True,False,0.435396585142611,1.1285802188888887,-2.1132812498044777,0.12084624373520035,-0.9252929686893732,0.39643310208363,-3.0507812491896025,0.04732406903855873,-0.8315429686939098,0.435396585142611,-2.1132812498044777,0.12084624373520035,-0.8315429686939098,0.435396585142611,-0.9252929686893732,0.39643310208363,-3.0507812491896025,0.04732406903855873
P04_abstract,P04,abstract,Sets,Symbolic,True,meta-llama/Llama-3.2-3B-Instruct,5,0.7,1.0,True|Paradox|Unknown|False,B,B,Paradox,C,Unknown,Paradox,False,False,False,0.5420938636753087,1.127064998596404,-2.3632812498134337,0.09410983939284094,-2.3945312496403557,0.0912143840465597,-0.6123046874345177,0.5420938636753087,-1.2998046874159137,0.2725819128852907,-2.3632812498134337,0.09410983939284094,-1.2998046874159137,0.2725819128852907,-0.6123046874345177,0.5420938636753087,-2.3945312496403557,0.0912143840465597
P04_abstract,P04,abstract,Sets,Symbolic,True,meta-llama/Llama-3.2-3B-Instruct,6,0.7,1.0,False|True|Unknown|Paradox,C,C,Unknown,C,Unknown,Unknown,False,False,False,0.5373244048906662,1.014474247021569,-1.464843749920317,0.23110034682409433,-1.4648437498747433,0.23110034683462644,-0.6210937499008793,0.5373244048906662,-7.652343736819474,0.00047490145061296937,-1.4648437498747433,0.23110034683462644,-1.464843749920317,0.23110034682409433,-0.6210937499008793,0.5373244048906662,-7.652343736819474,0.00047490145061296937
P04_abstract,P04,abstract,Sets,Symbolic,True,meta-llama/Llama-3.2-3B-Instruct,7,0.7,1.0,False|True|Paradox|Unknown,B,B,True,B,True,True,False,True,True,0.4648114489869545,1.130565398432296,-0.7661132812205289,0.4648114489869545,-0.9848632811535398,0.3734864917951587,-2.546874999486889,0.07832525707885299,-2.4843749996634608,0.08337680213903387,-0.9848632811535398,0.3734864917951587,-0.7661132812205289,0.4648114489869545,-2.4843749996634608,0.08337680213903387,-2.546874999486889,0.07832525707885299
P04_abstract,P04,abstract,Sets,Symbolic,True,meta-llama/Llama-3.2-3B-Instruct,8,0.7,1.0,False|Unknown|True|Paradox,C,C,True,B,Unknown,True,False,True,False,0.6062495883928792,0.9312523221503375,-2.0312499998818137,0.1311747028954735,-1.3437499998661468,0.26087204671363995,-0.5004882811923512,0.6062495883928792,-6.374999993749558,0.001703661998007356,-1.3437499998661468,0.26087204671363995,-0.5004882811923512,0.6062495883928792,-2.0312499998818137,0.1311747028954735,-6.374999993749558,0.001703661998007356
P04_abstract,P04,abstract,Sets,Symbolic,True,meta-llama/Llama-3.2-3B-Instruct,9,0.7,1.0,False|Unknown|Paradox|True,B,B,Unknown,B,Unknown,Unknown,False,False,False,0.6684805432509321,0.8358519744365395,-3.3398437495892686,0.0354368213977079,-1.308593749897767,0.270156502976438,-0.402587890589043,0.6684805432509321,-3.6523437495827817,0.025926132374922056,-1.308593749897767,0.270156502976438,-0.402587890589043,0.6684805432509321,-3.6523437495827817,0.025926132374922056,-3.3398437495892686,0.0354368213977079
P04_artificial,P04,artificial,Sets,Vorm moons,True,meta-llama/Llama-3.2-3B-Instruct,0,0.7,1.0,False|Paradox|True|Unknown,B,B,Paradox,C,True,Paradox,False,False,True,0.5571812700137385,1.0582437192209386,-0.5849609374546056,0.5571812700137385,-1.3662109374255176,0.2550961739739877,-3.771484373681923,0.023020087184805502,-1.8037109374026283,0.16470246882746825,-1.3662109374255176,0.2550961739739877,-1.8037109374026283,0.16470246882746825,-0.5849609374546056,0.5571812700137385,-3.771484373681923,0.023020087184805502
P04_artificial,P04,artificial,Sets,Vorm moons,True,meta-llama/Llama-3.2-3B-Instruct,1,0.7,1.0,False|Paradox|Unknown|True,A,A,False,A,False,False,False,False,False,0.33079142554917856,1.3174230042054673,-1.1064453124450613,0.33079142554805085,-1.1064453124416522,0.33079142554917856,-2.136718749769346,0.11806255429424953,-1.512695312426053,0.22035459460852114,-1.1064453124416522,0.33079142554917856,-1.512695312426053,0.22035459460852114,-2.136718749769346,0.11806255429424953,-1.1064453124450613,0.33079142554805085
P04_artificial,P04,artificial,Sets,Vorm moons,True,meta-llama/Llama-3.2-3B-Instruct,2,0.7,1.0,Unknown|True|False|Paradox,B,B,True,C,False,True,False,True,False,0.7059503159471233,0.6949301286366921,-1.3164062499638305,0.26807938310185747,-0.34814453121411204,0.7059503159471233,-3.6601562494070174,0.025726797239351087,-8.320312485803688,0.00024350371166816033,-3.6601562494070174,0.025726797239351087,-1.3164062499638305,0.26807938310185747,-0.34814453121411204,0.7059503159471233,-8.320312485803688,0.00024350371166816033
P04_artificial,P04,artificial,Sets,Vorm moons,True,meta-llama/Llama-3.2-3B-Instruct,3,0.7,1.0,Unknown|True|Paradox|False,D,D,False,D,False,False,False,False,False,0.5538971782676234,0.8729955756882032,-0.9345703124846019,0.39277191353024565,-0.5908203124490701,0.5538971782676234,-3.0917968747170494,0.045422269775023096,-4.839843749321887,0.00790863842710794,-3.0917968747170494,0.045422269775023096,-0.9345703124846019,0.39277191353024565,-4.839843749321887,0.00790863842710794,-0.5908203124490701,0.5538971782676234
P04_artificial,P04,artificial,Sets,Vorm moons,True,meta-llama/Llama-3.2-3B-Instruct,4,0.7,1.0,Unknown|False|True|Paradox,B,B,False,B,False,False,False,False,False,0.6626784527648637,0.8060359327542862,-1.2871093749545668,0.2761106256623319,-0.4116210937302247,0.6626784527648637,-2.818359374696514,0.05971311053777791,-6.503906245687036,0.001497811035026391,-2.818359374696514,0.05971311053777791,-0.4116210937302247,0.6626784527648637,-1.2871093749545668,0.2761106256623319,-6.503906245687036,0.001497811035026391
P04_artificial,P04,artificial,Sets,Vorm moons,True,meta-llama/Llama-3.2-3B-Instruct,5,0.7,1.0,Unknown|False|Paradox|True,B,B,False,B,False,False,False,False,False,0.7197676401254761,0.7937516583983558,-1.610351562451924,0.1998234641062764,-0.3288574218642455,0.7197676401254761,-2.671874999795814,0.06912461290814269,-4.484374999553563,0.01128428286010488,-2.671874999795814,0.06912461290814269,-0.3288574218642455,0.7197676401254761,-4.484374999553563,0.01128428286010488,-1.610351562451924,0.1998234641062764
P04_artificial,P04,artificial,Sets,Vorm moons,True,meta-llama/Llama-3.2-3B-Instruct,6,0.7,1.0,Unknown|Paradox|True|False,D,D,False,D,False,False,False,False,False,0.5692310251795003,1.1202703352078414,-1.4697265623848779,0.22999012457363763,-0.5634765623796252,0.5692310251795003,-2.3144531248276623,0.09882096799651001,-2.283203124854409,0.101957882250352,-2.3144531248276623,0.09882096799651001,-2.283203124854409,0.101957882250352,-1.4697265623848779,0.22999012457363763,-0.5634765623796252,0.5692310251795003
P04_artificial,P04,artificial,Sets,Vorm moons,True,meta-llama/Llama-3.2-3B-Instruct,7,0.7,1.0,Unknown|Paradox|False|True,C,C,False,C,False,False,False,False,False,0.561294562577996,1.1446608289204712,-1.546874999877942,0.2129393862315351,-0.5776367186990172,0.561294562577996,-2.078124999905028,0.125180607375415,-2.2968749998970694,0.10058544381505378,-2.078124999905028,0.125180607375415,-2.2968749998970694,0.10058544381505378,-0.5776367186990172,0.561294562577996,-1.546874999877942,0.2129393862315351
P04_artificial,P04,artificial,Sets,Vorm moons,True,meta-llama/Llama-3.2-3B-Instruct,8,0.7,1.0,Paradox|True|False|Unknown,B,B,True,C,False,True,False,True,False,0.5833823576318259,0.7567647008048584,-0.9140624999704721,0.4009524398344536,-0.5390624999662297,0.5833823576318259,-4.914062498304322,0.0073437001118004785,-4.789062498250636,0.00832150242192014,-4.789062498250636,0.00832150242192014,-0.9140624999704721,0.4009524398344536,-0.5390624999662297,0.5833823576318259,-4.914062498304322,0.0073437001118004785
P04_artificial,P04,artificial,Sets,Vorm moons,True,meta-llama/Llama-3.2-3B-Instruct,9,0.7,1.0,Paradox|True|Unknown|False,B,B,True,B,True,True,False,True,True,0.4847163308382301,0.9346224865936842,-0.724121093726233,0.4847163308382301,-0.8178710936919804,0.44133924157343807,-2.7558593747441393,0.06354990825309684,-4.566406248437977,0.0103945193352349,-4.566406248437977,0.0103945193352349,-0.724121093726233,0.4847163308382301,-2.7558593747441393,0.06354990825309684,-0.8178710936919804,0.44133924157343807
P04_belief_violating,P04,belief_violating,Sets,Counterfactual cardinality,True,meta-llama/Llama-3.2-3B-Instruct,0,0.7,1.0,Paradox|False|True|Unknown,B,B,False,B,False,False,False,False,False,0.7275193229271613,0.8654689383021766,-2.443359374932275,0.08686858147383232,-0.31811523435466094,0.7275193229271613,-2.974609374774518,0.05106740460367994,-2.005859374863248,0.13454469099532643,-2.005859374863248,0.13454469099532643,-0.31811523435466094,0.7275193229271613,-2.443359374932275,0.08686858147383232,-2.974609374774518,0.05106740460367994
P04_belief_violating,P04,belief_violating,Sets,Counterfactual cardinality,True,meta-llama/Llama-3.2-3B-Instruct,1,0.7,1.0,Paradox|False|Unknown|True,B,B,False,B,False,False,False,False,False,0.7628598973249939,0.799908463553154,-2.896484374893479,0.05522092578926269,-0.2707519531070608,0.7628598973249939,-2.583984374890098,0.07547805651576202,-2.2402343748350475,0.10644112036998139,-2.2402343748350475,0.10644112036998139,-0.2707519531070608,0.7628598973249939,-2.583984374890098,0.07547805651576202,-2.896484374893479,0.05522092578926269
P04_belief_violating,P04,belief_violating,Sets,Counterfactual cardinality,True,meta-llama/Llama-3.2-3B-Instruct,2,0.7,1.0,Paradox|Unknown|True|False,B,B,Unknown,D,False,Unknown,False,False,False,0.4198702963330933,1.2334822940092474,-2.4296874998732463,0.0880525791722519,-0.8676757811900904,0.4198702963330933,-1.0859374999503526,0.337540035360725,-1.867187499871281,0.1545370891339298,-1.867187499871281,0.1545370891339298,-1.0859374999503526,0.337540035360725,-2.4296874998732463,0.0880525791722519,-0.8676757811900904,0.4198702963330933
P04_belief_violating,P04,belief_violating,Sets,Counterfactual cardinality,True,meta-llama/Llama-3.2-3B-Instruct,3,0.7,1.0,Paradox|Unknown|False|True,C,C,False,C,False,False,False,False,False,0.6079055877998317,1.031230598490808,-3.091796874786524,0.04542331167361087,-0.4978027343541871,0.6079055877998317,-1.4667968749451674,0.2306786106984341,-2.154296874889256,0.11599248982812328,-2.154296874889256,0.11599248982812328,-1.4667968749451674,0.2306786106984341,-0.4978027343541871,0.6079055877998317,-3.091796874786524,0.04542331167361087
P04_belief_violating,P04,belief_violating,Sets,Counterfactual cardinality,True,meta-llama/Llama-3.2-3B-Instruct,4,0.7,1.0,True|False|Unknown|Paradox,C,C,Unknown,B,False,Unknown,False,False,False,0.7308015809890347,0.7841048321618014,-2.001953124789022,0.13508572355055284,-0.3137207031013267,0.7308015809890347,-2.033203124804858,0.1309295727664062,-5.749999996757319,0.003183122694006227,-2.001953124789022,0.13508572355055284,-0.3137207031013267,0.7308015809890347,-2.033203124804858,0.1309295727664062,-5.749999996757319,0.003183122694006227
P04_belief_violating,P04,belief_violating,Sets,Counterfactual cardinality,True,meta-llama/Llama-3.2-3B-Instruct,5,0.7,1.0,True|False|Paradox|Unknown,B,B,False,B,False,False,False,False,False,0.7768989473137065,0.7353142637626455,-2.0957031248278057,0.12298329933393934,-0.2524414062362801,0.7768989473137065,-3.876953124398976,0.020713767354979085,-2.5332031247374225,0.07940398599737511,-2.0957031248278057,0.12298329933393934,-0.2524414062362801,0.7768989473137065,-2.5332031247374225,0.07940398599737511,-3.876953124398976,0.020713767354979085
P04_belief_violating,P04,belief_violating,Sets,Counterfactual cardinality,True,meta-llama/Llama-3.2-3B-Instruct,6,0.7,1.0,True|Unknown|False|Paradox,C,C,False,C,False,False,False,False,False,0.9001437437792481,0.3942802833400834,-3.1679687497221374,0.04209000600741913,-0.10522460935109557,0.9001437437792481,-2.855468749722129,0.05753021715517397,-8.351562482054682,0.00023603305815884392,-3.1679687497221374,0.04209000600741913,-2.855468749722129,0.05753021715517397,-0.10522460935109557,0.9001437437792481,-8.351562482054682,0.00023603305815884392
P04_belief_violating,P04,belief_violating,Sets,Counterfactual cardinality,True,meta-llama/Llama-3.2-3B-Instruct,7,0.7,1.0,True|Unknown|Paradox|False,D,D,False,D,False,False,False,False,False,0.6163622723163462,1.006900981709112,-1.953124999941528,0.14186001400397602,-0.4841308593547935,0.6163622723163462,-1.5468749999691829,0.21295710372458607,-3.5468749997861146,0.028820609955091697,-1.953124999941528,0.14186001400397602,-1.5468749999691829,0.21295710372458607,-3.5468749997861146,0.028820609955091697,-0.4841308593547935,0.6163622723163462
P04_belief_violating,P04,belief_violating,Sets,Counterfactual cardinality,True,meta-llama/Llama-3.2-3B-Instruct,8,0.7,1.0,True|Paradox|False|Unknown,A,A,True,C,False,True,False,True,False,0.5159580390202138,1.037047133113195,-2.0996093748695124,0.12249095141979205,-0.6616210937185221,0.5159580390202138,-4.035156248975644,0.017680994173998158,-1.0673828124497304,0.34387001538599604,-2.0996093748695124,0.12249095141979205,-1.0673828124497304,0.34387001538599604,-0.6616210937185221,0.5159580390202138,-4.035156248975644,0.017680994173998158
P04_belief_violating,P04,belief_violating,Sets,Counterfactual cardinality,True,meta-llama/Llama-3.2-3B-Instruct,9,0.7,1.0,True|Paradox|Unknown|False,B,B,Paradox,B,Paradox,Paradox,False,False,False,0.39175837827837395,1.2475715555150535,-1.8427734374188995,0.15836199960335903,-1.0302734374406612,0.3568742750710477,-2.3749999998924474,0.0930053470472194,-0.9370117187182199,0.39175837827837395,-1.8427734374188995,0.15836199960335903,-0.9370117187182199,0.39175837827837395,-2.3749999998924474,0.0930053470472194,-1.0302734374406612,0.3568742750710477
P04_familiar,P04,familiar,Sets,Power plant generators,True,meta-llama/Llama-3.2-3B-Instruct,0,0.7,1.0,False|True|Unknown|Paradox,C,C,Unknown,A,False,Unknown,False,False,False,0.4381626997060682,1.0639668576315215,-1.075195312462817,0.3412414536331874,-0.8251953124318148,0.4381626997060682,-1.5126953122798625,0.22032204173468825,-8.203124989200205,0.00027380492605612094,-0.8251953124318148,0.4381626997060682,-1.075195312462817,0.3412414536331874,-1.5126953122798625,0.22032204173468825,-8.203124989200205,0.00027380492605612094
P04_familiar,P04,familiar,Sets,Power plant generators,True,meta-llama/Llama-3.2-3B-Instruct,1,0.7,1.0,False|True|Paradox|Unknown,A,A,False,A,False,False,False,False,False,0.531739375848412,0.813763930448904,-0.8193359374749494,0.44082742584917406,-0.6318359374472029,0.531739375848412,-4.070312499048805,0.017076050268142774,-4.570312499063445,0.0103571480342711,-0.6318359374472029,0.531739375848412,-0.8193359374749494,0.44082742584917406,-4.570312499063445,0.0103571480342711,-4.070312499048805,0.017076050268142774
P04_familiar,P04,familiar,Sets,Power plant generators,True,meta-llama/Llama-3.2-3B-Instruct,2,0.7,1.0,False|Unknown|True|Paradox,C,C,True,A,False,True,False,True,False,0.4284420859107925,1.0822565998274571,-1.2226562499411744,0.29446365223162535,-0.847656249948975,0.4284420859107925,-1.2851562499323224,0.276623001432602,-7.660156241942829,0.0004712604249800366,-0.847656249948975,0.4284420859107925,-1.2851562499323224,0.276623001432602,-1.2226562499411744,0.29446365223162535,-7.660156241942829,0.0004712604249800366
P04_familiar,P04,familiar,Sets,Power plant generators,True,meta-llama/Llama-3.2-3B-Instruct,3,0.7,1.0,False|Unknown|Paradox|True,A,A,False,A,False,False,False,False,False,0.6311291196435445,0.8800473721831256,-2.6484374998065703,0.07077615764303684,-0.4604492187184408,0.6311291196435445,-1.2421874999390214,0.2888109111795918,-4.679687499235452,0.009283811533826868,-0.4604492187184408,0.6311291196435445,-1.2421874999390214,0.2888109111795918,-4.679687499235452,0.009283811533826868,-2.6484374998065703,0.07077615764303684
P04_familiar,P04,familiar,Sets,Power plant generators,True,meta-llama/Llama-3.2-3B-Instruct,4,0.7,1.0,False|Paradox|True|Unknown,B,B,Paradox,A,False,Paradox,False,False,False,0.604037951383968,1.0156811080590242,-1.5039062499232663,0.2222131440120652,-0.5039062499709153,0.604037951383968,-3.6601562491237085,0.025723038505079072,-1.9101562499170752,0.14802586609888768,-0.5039062499709153,0.604037951383968,-1.9101562499170752,0.14802586609888768,-1.5039062499232663,0.2222131440120652,-3.6601562491237085,0.025723038505079072
P04_familiar,P04,familiar,Sets,Power plant generators,True,meta-llama/Llama-3.2-3B-Instruct,5,0.7,1.0,False|Paradox|Unknown|True,A,A,False,A,False,False,False,False,False,0.671990806238479,0.973305925488566,-2.833984374770835,0.05877527198269854,-0.39746093747302136,0.671990806238479,-1.9599609372943503,0.14085692507359926,-2.0527343748899796,0.12837699670522315,-0.39746093747302136,0.671990806238479,-2.0527343748899796,0.12837699670522315,-1.9599609372943503,0.14085692507359926,-2.833984374770835,0.05877527198269854
P04_familiar,P04,familiar,Sets,Power plant generators,True,meta-llama/Llama-3.2-3B-Instruct,6,0.7,1.0,Unknown|True|False|Paradox,C,C,False,C,False,False,False,False,False,0.8920285294260747,0.3938331362007578,-2.427734374929897,0.08824734616605026,-0.11437988278827516,0.8920285294260747,-3.927734374578714,0.01969064448961974,-10.304687473478355,3.347991825536009e-05,-3.927734374578714,0.01969064448961974,-2.427734374929897,0.08824734616605026,-0.11437988278827516,0.8920285294260747,-10.304687473478355,3.347991825536009e-05
P04_familiar,P04,familiar,Sets,Power plant generators,True,meta-llama/Llama-3.2-3B-Instruct,7,0.7,1.0,Unknown|True|Paradox|False,D,D,False,D,False,False,False,False,False,0.830334923670154,0.5654787161537206,-2.1230468749730513,0.1196649019570063,-0.18591308591560085,0.830334923670154,-3.029296874864249,0.04834899099648398,-6.406249999166744,0.0016511833763556449,-3.029296874864249,0.04834899099648398,-2.1230468749730513,0.1196649019570063,-6.406249999166744,0.0016511833763556449,-0.18591308591560085,0.830334923670154
P04_familiar,P04,familiar,Sets,Power plant generators,True,meta-llama/Llama-3.2-3B-Instruct,8,0.7,1.0,Unknown|False|True|Paradox,B,B,False,B,False,False,False,False,False,0.8622800445640556,0.4978178882708304,-2.617187499926376,0.07300923609720905,-0.1481933593642406,0.8622800445640556,-2.7421874997775424,0.06443042472544383,-8.179687493601214,0.00028029461329157437,-2.7421874997775424,0.06443042472544383,-0.1481933593642406,0.8622800445640556,-2.617187499926376,0.07300923609720905,-8.179687493601214,0.00028029461329157437
P04_familiar,P04,familiar,Sets,Power plant generators,True,meta-llama/Llama-3.2-3B-Instruct,9,0.7,1.0,Unknown|False|Paradox|True,B,B,False,B,False,False,False,False,False,0.9289100322364182,0.3110871813983321,-3.730468749808765,0.0239827457461078,-0.07379150389859923,0.9289100322364182,-3.105468749738897,0.044805667791421214,-6.074218749182798,0.002301554226052746,-3.105468749738897,0.044805667791421214,-0.07379150389859923,0.9289100322364182,-6.074218749182798,0.002301554226052746,-3.730468749808765,0.0239827457461078
P05_abstract,P05,abstract,Meta-Logic,Symbolic,True,meta-llama/Llama-3.2-3B-Instruct,0,0.7,1.0,Unknown|Paradox|True|False,A,A,Unknown,B,Paradox,Unknown,False,False,False,0.44527697766853996,1.2462423069908268,-1.215820312450818,0.2964736158166831,-2.214843749814807,0.10917311044837077,-1.9033203124605251,0.14907629606640616,-0.8090820312187221,0.44527697766853996,-1.9033203124605251,0.14907629606640616,-0.8090820312187221,0.44527697766853996,-1.215820312450818,0.2964736158166831,-2.214843749814807,0.10917311044837077
P05_abstract,P05,abstract,Meta-Logic,Symbolic,True,meta-llama/Llama-3.2-3B-Instruct,1,0.7,1.0,Unknown|Paradox|False|True,B,B,Paradox,B,Paradox,Paradox,False,False,False,0.5080622178198494,1.1995564204902982,-1.4902343749519509,0.22534118577483545,-2.458984374918275,0.08552986685742005,-1.7089843749742935,0.18106672954789504,-0.6772460937305673,0.5080622178198494,-1.7089843749742935,0.18106672954789504,-0.6772460937305673,0.5080622178198494,-2.458984374918275,0.08552986685742005,-1.4902343749519509,0.22534118577483545
P05_abstract,P05,abstract,Meta-Logic,Symbolic,True,meta-llama/Llama-3.2-3B-Instruct,2,0.7,1.0,Paradox|True|False|Unknown,C,C,False,B,True,False,False,False,True,0.562089552629802,0.9824964570769819,-0.5761718749777036,0.562089552629802,-1.1386718749564864,0.3202689730559446,-4.292968749059858,0.013665361991377053,-2.2636718749378355,0.10397611232287648,-2.2636718749378355,0.10397611232287648,-0.5761718749777036,0.562089552629802,-1.1386718749564864,0.3202689730559446,-4.292968749059858,0.013665361991377053
P05_abstract,P05,abstract,Meta-Logic,Symbolic,True,meta-llama/Llama-3.2-3B-Instruct,3,0.7,1.0,Paradox|True|Unknown|False,B,B,True,B,True,True,False,True,True,0.6740394152228834,0.9801027754271173,-0.3945312499822924,0.6740394152228834,-2.2382812498885243,0.10664852226122841,-2.5507812498633977,0.07802572569233908,-1.9570312499528082,0.1412863368235491,-1.9570312499528082,0.1412863368235491,-0.3945312499822924,0.6740394152228834,-2.5507812498633977,0.07802572569233908,-2.2382812498885243,0.10664852226122841
P05_abstract,P05,abstract,Meta-Logic,Symbolic,True,meta-llama/Llama-3.2-3B-Instruct,4,0.7,1.0,Paradox|False|True|Unknown,B,B,False,C,True,False,False,False,True,0.5273994278223884,1.1648562518743382,-0.6396484374616187,0.5273994278223884,-1.7333984373819205,0.17665668019738678,-2.671874999641744,0.06911222459911379,-1.4833984374701428,0.22683166738111105,-1.4833984374701428,0.22683166738111105,-1.7333984373819205,0.17665668019738678,-0.6396484374616187,0.5273994278223884,-2.671874999641744,0.06911222459911379
P05_abstract,P05,abstract,Meta-Logic,Symbolic,True,meta-llama/Llama-3.2-3B-Instruct,5,0.7,1.0,Paradox|False|Unknown|True,D,D,True,A,Paradox,True,False,True,False,0.3562077960663274,1.2966811864803207,-1.0634765624550737,0.3452484343347716,-1.7197265623905917,0.17911252819713464,-2.1249999998458735,0.11943124140176638,-1.0322265624774203,0.3562077960663274,-1.0322265624774203,0.3562077960663274,-1.7197265623905917,0.17911252819713464,-2.1249999998458735,0.11943124140176638,-1.0634765624550737,0.3452484343347716
P05_abstract,P05,abstract,Meta-Logic,Symbolic,True,meta-llama/Llama-3.2-3B-Instruct,6,0.7,1.0,Paradox|Unknown|True|False,B,B,Unknown,B,Unknown,Unknown,False,False,False,0.3284927547418638,1.3437879958588987,-1.2382812498984266,0.2898938385829606,-1.9570312497712914,0.1412829733223978,-1.1132812499045828,0.3284927547418638,-1.425781249954954,0.24033043335277784,-1.425781249954954,0.24033043335277784,-1.1132812499045828,0.3284927547418638,-1.2382812498984266,0.2898938385829606,-1.9570312497712914,0.1412829733223978
P05_abstract,P05,abstract,Meta-Logic,Symbolic,True,meta-llama/Llama-3.2-3B-Instruct,7,0.7,1.0,Paradox|Unknown|False|True,B,B,Unknown,B,Unknown,Unknown,False,False,False,0.3253741890361101,1.3351759625441508,-1.4980468749272933,0.22362619172104717,-1.9980468748724372,0.13563614160103105,-1.123046874932756,0.3253741890361101,-1.1542968749732636,0.3153634776418118,-1.1542968749732636,0.3153634776418118,-1.123046874932756,0.3253741890361101,-1.9980468748724372,0.13563614160103105,-1.4980468749272933,0.22362619172104717
P05_abstract,P05,abstract,Meta-Logic,Symbolic,True,meta-llama/Llama-3.2-3B-Instruct,8,0.7,1.0,True|False|Unknown|Paradox,C,C,Unknown,B,False,Unknown,False,False,False,0.5604561952293369,0.9734707919735077,-1.1728515624491087,0.30951330702465596,-0.579101562449789,0.5604561952293369,-2.078124999725195,0.12517686398747108,-5.328124995900717,0.004853633758536017,-1.1728515624491087,0.30951330702465596,-0.579101562449789,0.5604561952293369,-2.078124999725195,0.12517686398747108,-5.328124995900717,0.004853633758536017
P05_abstract,P05,abstract,Meta-Logic,Symbolic,True,meta-llama/Llama-3.2-3B-Instruct,9,0.7,1.0,True|False|Paradox|Unknown,B,B,False,B,False,False,False,False,False,0.5626224660771745,1.0285197268446784,-1.2314453124552645,0.2918846902471921,-0.5751953124656,0.5626224660771745,-3.732421874043198,0.023935968033072883,-2.107421874783021,0.12155687564256058,-1.2314453124552645,0.2918846902471921,-0.5751953124656,0.5626224660771745,-2.107421874783021,0.12155687564256058,-3.732421874043198,0.023935968033072883
P05_artificial,P05,artificial,Meta-Logic,Vorbian feedback loop,True,meta-llama/Llama-3.2-3B-Instruct,0,0.7,1.0,True|Unknown|False|Paradox,C,C,False,C,False,False,False,False,False,0.7841227841103958,0.6785611945219604,-2.0546874999693783,0.12811395133198084,-0.24304199216355982,0.7841227841103958,-2.460937499869087,0.08534229013033573,-6.0234374976088105,0.0024209744272875974,-2.0546874999693783,0.12811395133198084,-2.460937499869087,0.08534229013033573,-0.24304199216355982,0.7841227841103958,-6.0234374976088105,0.0024209744272875974
P05_artificial,P05,artificial,Meta-Logic,Vorbian feedback loop,True,meta-llama/Llama-3.2-3B-Instruct,1,0.7,1.0,True|Unknown|Paradox|False,A,A,True,A,True,True,False,True,True,0.3960927005195617,1.3103534041581442,-0.9262695312302913,0.3960927005195617,-2.0195312498545657,0.13273923405766302,-1.6142578124116385,0.19907069141771355,-1.3017578124129983,0.27209737400506173,-0.9262695312302913,0.3960927005195617,-1.6142578124116385,0.19907069141771355,-1.3017578124129983,0.27209737400506173,-2.0195312498545657,0.13273923405766302
P05_artificial,P05,artificial,Meta-Logic,Vorbian feedback loop,True,meta-llama/Llama-3.2-3B-Instruct,2,0.7,1.0,True|Paradox|False|Unknown,C,C,False,B,Paradox,False,False,False,False,0.6736330072038609,0.8842356797819813,-1.8320312499620353,0.16008000862965246,-1.8320312499266442,0.16008000863531788,-5.0820312488570165,0.006206975531168824,-0.3950195312249076,0.6736330072038609,-1.8320312499620353,0.16008000862965246,-0.3950195312249076,0.6736330072038609,-1.8320312499266442,0.16008000863531788,-5.0820312488570165,0.006206975531168824
P05_artificial,P05,artificial,Meta-Logic,Vorbian feedback loop,True,meta-llama/Llama-3.2-3B-Instruct,3,0.7,1.0,True|Paradox|Unknown|False,B,B,Paradox,B,Paradox,Paradox,False,False,False,0.7462150808067515,0.7659541237031594,-1.6992187499617604,0.18282323007068507,-3.3867187497468296,0.03381889704131922,-3.292968749769364,0.037142792081244186,-0.29272460934601896,0.7462150808067515,-1.6992187499617604,0.18282323007068507,-0.29272460934601896,0.7462150808067515,-3.292968749769364,0.037142792081244186,-3.3867187497468296,0.03381889704131922
P05_artificial,P05,artificial,Meta-Logic,Vorbian feedback loop,True,meta-llama/Llama-3.2-3B-Instruct,4,0.7,1.0,False|True|Unknown|Paradox,B,B,True,B,True,True,False,True,True,0.8194722551962896,0.6140679994626164,-0.1990966796701732,0.8194722551962896,-2.1992187499263376,0.11088997256795062,-2.7617187497933413,0.06318320181250463,-5.042968748883597,0.006454570423255132,-2.1992187499263376,0.11088997256795062,-0.1990966796701732,0.8194722551962896,-2.7617187497933413,0.06318320181250463,-5.042968748883597,0.006454570423255132
P05_artificial,P05,artificial,Meta-Logic,Vorbian feedback loop,True,meta-llama/Llama-3.2-3B-Instruct,5,0.7,1.0,False|True|Paradox|Unknown,B,B,True,B,True,True,False,True,True,0.7108685382326241,0.8351170552275016,-0.3413085937328877,0.7108685382326241,-2.4355468749095706,0.08755342990835265,-4.121093749429711,0.01622741928599254,-1.6855468748958047,0.18535061257303068,-2.4355468749095706,0.08755342990835265,-0.3413085937328877,0.7108685382326241,-1.6855468748958047,0.18535061257303068,-4.121093749429711,0.01622741928599254
P05_artificial,P05,artificial,Meta-Logic,Vorbian feedback loop,True,meta-llama/Llama-3.2-3B-Instruct,6,0.7,1.0,False|Unknown|True|Paradox,C,C,True,C,True,True,False,True,True,0.746550504671567,0.7932112428850687,-0.29248046872914246,0.746550504671567,-2.2929687499629368,0.10098530273160478,-2.0117187499296083,0.1337837899189093,-3.9804687495045012,0.01868040267791893,-2.2929687499629368,0.10098530273160478,-2.0117187499296083,0.1337837899189093,-0.29248046872914246,0.746550504671567,-3.9804687495045012,0.01868040267791893
P05_artificial,P05,artificial,Meta-Logic,Vorbian feedback loop,True,meta-llama/Llama-3.2-3B-Instruct,7,0.7,1.0,False|Unknown|Paradox|True,D,D,True,D,True,True,False,True,True,0.3627228298108174,1.323110696325598,-1.0136718749627525,0.3627228298108174,-1.8261718749701437,0.16095728003235787,-1.794921874941455,0.1660666125671364,-1.1699218749521794,0.31025327758968846,-1.8261718749701437,0.16095728003235787,-1.794921874941455,0.1660666125671364,-1.1699218749521794,0.31025327758968846,-1.0136718749627525,0.3627228298108174
P05_artificial,P05,artificial,Meta-Logic,Vorbian feedback loop,True,meta-llama/Llama-3.2-3B-Instruct,8,0.7,1.0,False|Paradox|True|Unknown,A,A,False,B,Paradox,False,False,False,False,0.5221691820120624,1.001751352835152,-1.0253906249579314,0.35870608829173456,-2.244140624953234,0.10603331716596015,-4.335937499356267,0.013091412530242883,-0.6499023437219322,0.5221691820120624,-2.244140624953234,0.10603331716596015,-0.6499023437219322,0.5221691820120624,-1.0253906249579314,0.35870608829173456,-4.335937499356267,0.013091412530242883
P05_artificial,P05,artificial,Meta-Logic,Vorbian feedback loop,True,meta-llama/Llama-3.2-3B-Instruct,9,0.7,1.0,False|Paradox|Unknown|True,B,B,Paradox,B,Paradox,Paradox,False,False,False,0.6765688764345399,0.9427105586113931,-1.7656249999536333,0.17106340125601174,-2.203124999949953,0.11044683294709368,-3.1718749998252322,0.04192088936235469,-0.39062499997836797,0.6765688764345399,-2.203124999949953,0.11044683294709368,-0.39062499997836797,0.6765688764345399,-3.1718749998252322,0.04192088936235469,-1.7656249999536333,0.17106340125601174
P05_belief_violating,P05,belief_violating,Meta-Logic,Counterfactual loop,True,meta-llama/Llama-3.2-3B-Instruct,0,0.7,1.0,Unknown|True|False|Paradox,C,C,False,C,False,False,False,False,False,0.9230289808787137,0.33154598001190155,-2.9238281248696865,0.05373000876338767,-0.08013916013244793,0.9230289808787137,-4.050781249798203,0.01740954367477826,-5.144531248838907,0.00583146668312028,-4.050781249798203,0.01740954367477826,-2.9238281248696865,0.05373000876338767,-0.08013916013244793,0.9230289808787137,-5.144531248838907,0.00583146668312028
P05_belief_violating,P05,belief_violating,Meta-Logic,Counterfactual loop,True,meta-llama/Llama-3.2-3B-Instruct,1,0.7,1.0,Unknown|True|Paradox|False,D,D,False,D,False,False,False,False,False,0.6814356330954098,0.9638639055778514,-1.9150390624138403,0.14733481607496524,-0.3835449218235447,0.6814356330954098,-2.5390624998915245,0.07893969604241462,-2.3828124997939013,0.09228985478721038,-2.5390624998915245,0.07893969604241462,-1.9150390624138403,0.14733481607496524,-2.3828124997939013,0.09228985478721038,-0.3835449218235447,0.6814356330954098
P05_belief_violating,P05,belief_violating,Meta-Logic,Counterfactual loop,True,meta-llama/Llama-3.2-3B-Instruct,2,0.7,1.0,Unknown|False|True|Paradox,B,B,False,B,False,False,False,False,False,0.9787021614305281,0.125015237228858,-5.179687499826045,0.005630035776761828,-0.02157592772178174,0.9787021614305281,-4.523437499700629,0.010852177997317681,-5.335937499583992,0.0048156247953924786,-4.523437499700629,0.010852177997317681,-0.02157592772178174,0.9787021614305281,-5.179687499826045,0.005630035776761828,-5.335937499583992,0.0048156247953924786
P05_belief_violating,P05,belief_violating,Meta-Logic,Counterfactual loop,True,meta-llama/Llama-3.2-3B-Instruct,3,0.7,1.0,Unknown|False|Paradox|True,B,B,False,B,False,False,False,False,False,0.9787046335579213,0.12421565001695685,-5.585937499769607,0.0037503646077258904,-0.02156066893120312,0.9787046335579213,-4.4609374997052385,0.011551936255046736,-5.117187499685463,0.005993065579306147,-4.4609374997052385,0.011551936255046736,-0.02156066893120312,0.9787046335579213,-5.117187499685463,0.005993065579306147,-5.585937499769607,0.0037503646077258904
P05_belief_violating,P05,belief_violating,Meta-Logic,Counterfactual loop,True,meta-llama/Llama-3.2-3B-Instruct,4,0.7,1.0,Unknown|Paradox|True|False,B,B,Paradox,B,Paradox,Paradox,False,False,False,0.6254344935014873,0.8438040487656099,-5.249999999166079,0.005247148991299404,-1.1562499998920976,0.31464180949134574,-2.906249999779203,0.05467654801586754,-0.46923828118222133,0.6254344935014873,-2.906249999779203,0.05467654801586754,-0.46923828118222133,0.6254344935014873,-5.249999999166079,0.005247148991299404,-1.1562499998920976,0.31464180949134574
P05_belief_violating,P05,belief_violating,Meta-Logic,Counterfactual loop,True,meta-llama/Llama-3.2-3B-Instruct,5,0.7,1.0,Unknown|Paradox|False|True,C,C,False,C,False,False,False,False,False,0.7618677441695481,0.6852196922824738,-4.898437499490287,0.007458155512057865,-0.2719726561994502,0.7618677441695481,-3.2714843748497113,0.03794968706744217,-1.6464843748879687,0.1927244132509519,-3.2714843748497113,0.03794968706744217,-1.6464843748879687,0.1927244132509519,-0.2719726561994502,0.7618677441695481,-4.898437499490287,0.007458155512057865
P05_belief_violating,P05,belief_violating,Meta-Logic,Counterfactual loop,True,meta-llama/Llama-3.2-3B-Instruct,6,0.7,1.0,Paradox|True|False|Unknown,C,C,False,C,False,False,False,False,False,0.7168317841319228,0.84653146927077,-1.989257812166693,0.13680974015302036,-0.33300781238996846,0.7168317841319228,-4.019531248055677,0.01796306610265303,-2.0527343748349502,0.12839540961240375,-2.0527343748349502,0.12839540961240375,-1.989257812166693,0.13680974015302036,-0.33300781238996846,0.7168317841319228,-4.019531248055677,0.01796306610265303
P05_belief_violating,P05,belief_violating,Meta-Logic,Counterfactual loop,True,meta-llama/Llama-3.2-3B-Instruct,7,0.7,1.0,Paradox|True|Unknown|False,D,D,False,D,False,False,False,False,False,0.571418413866803,1.130550962083331,-1.7783203121796118,0.16891096053649993,-0.5595703123764031,0.571418413866803,-2.527343749464066,0.07986584408375268,-1.7158203123389681,0.17980478151294438,-1.7158203123389681,0.17980478151294438,-1.7783203121796118,0.16891096053649993,-2.527343749464066,0.07986584408375268,-0.5595703123764031,0.571418413866803
P05_belief_violating,P05,belief_violating,Meta-Logic,Counterfactual loop,True,meta-llama/Llama-3.2-3B-Instruct,8,0.7,1.0,Paradox|False|True|Unknown,B,B,False,B,False,False,False,False,False,0.9178748678880065,0.3340481936487351,-5.2109374991724176,0.005456551146128095,-0.0856933592915139,0.9178748678880065,-4.585937499160001,0.010194179620402553,-2.710937499751773,0.06647440134546284,-2.710937499751773,0.06647440134546284,-0.0856933592915139,0.9178748678880065,-5.2109374991724176,0.005456551146128095,-4.585937499160001,0.010194179620402553
P05_belief_violating,P05,belief_violating,Meta-Logic,Counterfactual loop,True,meta-llama/Llama-3.2-3B-Instruct,9,0.7,1.0,Paradox|False|Unknown|True,B,B,False,B,False,False,False,False,False,0.9437945466986088,0.2548176084098258,-5.714843749195075,0.0032968141651546034,-0.057891845616728554,0.9437945466986088,-4.589843748900104,0.010154902542256247,-3.1523437495955897,0.04275373659398028,-3.1523437495955897,0.04275373659398028,-0.057891845616728554,0.9437945466986088,-4.589843748900104,0.010154902542256247,-5.714843749195075,0.0032968141651546034
P05_familiar,P05,familiar,Meta-Logic,Grandfather paradox (time travel),True,meta-llama/Llama-3.2-3B-Instruct,0,0.7,1.0,Paradox|Unknown|True|False,D,D,False,B,Unknown,False,False,False,False,0.3859792787229776,1.140981779556812,-4.45312499945243,0.011644187446585302,-1.2646484373249298,0.2823884727770517,-0.9521484373736899,0.3859792787229776,-1.1396484374431666,0.3199880610533854,-1.1396484374431666,0.3199880610533854,-0.9521484373736899,0.3859792787229776,-4.45312499945243,0.011644187446585302,-1.2646484373249298,0.2823884727770517
P05_familiar,P05,familiar,Meta-Logic,Grandfather paradox (time travel),True,meta-llama/Llama-3.2-3B-Instruct,1,0.7,1.0,Paradox|Unknown|False|True,A,A,Paradox,A,Paradox,Paradox,False,False,False,0.4851947701050799,1.0958699740386817,-4.066406249508277,0.017137836497882617,-1.691406249854553,0.18424910610575562,-1.1601562498831237,0.3134182872912818,-0.7231445312148967,0.4851947701050799,-0.7231445312148967,0.4851947701050799,-1.1601562498831237,0.3134182872912818,-1.691406249854553,0.18424910610575562,-4.066406249508277,0.017137836497882617
P05_familiar,P05,familiar,Meta-Logic,Grandfather paradox (time travel),True,meta-llama/Llama-3.2-3B-Instruct,2,0.7,1.0,True|False|Unknown|Paradox,A,A,True,B,False,True,False,True,False,0.8633515264960322,0.5455086175346358,-2.865234374705654,0.056965063003560405,-0.1468505858950031,0.8633515264960322,-3.052734374432235,0.04722569596184502,-3.4277343737992854,0.03245771453856229,-2.865234374705654,0.056965063003560405,-0.1468505858950031,0.8633515264960322,-3.052734374432235,0.04722569596184502,-3.4277343737992854,0.03245771453856229
P05_familiar,P05,familiar,Meta-Logic,Grandfather paradox (time travel),True,meta-llama/Llama-3.2-3B-Instruct,3,0.7,1.0,True|False|Paradox|Unknown,B,B,False,B,False,False,False,False,False,0.758172726188556,0.7083632241522511,-3.402343749659336,0.033295523206444855,-0.2768554687183207,0.758172726188556,-4.089843749116338,0.016742040482355638,-1.6513671873486266,0.19178971012264362,-3.402343749659336,0.033295523206444855,-0.2768554687183207,0.758172726188556,-1.6513671873486266,0.19178971012264362,-4.089843749116338,0.016742040482355638
P05_familiar,P05,familiar,Meta-Logic,Grandfather paradox (time travel),True,meta-llama/Llama-3.2-3B-Instruct,4,0.7,1.0,True|Unknown|False|Paradox,C,C,False,C,False,False,False,False,False,0.9248332800361018,0.33949652126297303,-3.5781249997923514,0.027927545163935176,-0.07812499997011657,0.9248332800361018,-3.265624999623676,0.0381724283403501,-4.703124998151236,0.009066746459612873,-3.5781249997923514,0.027927545163935176,-3.265624999623676,0.0381724283403501,-0.07812499997011657,0.9248332800361018,-4.703124998151236,0.009066746459612873
P05_familiar,P05,familiar,Meta-Logic,Grandfather paradox (time travel),True,meta-llama/Llama-3.2-3B-Instruct,5,0.7,1.0,True|Unknown|Paradox|False,D,D,False,C,Paradox,False,False,False,False,0.47708400595542644,1.1627052842334054,-2.708984374863028,0.06661585342069756,-1.1152343749263116,0.32789472237897815,-2.0527343748977835,0.12840541824489793,-0.7402343749359648,0.47708400595542644,-2.708984374863028,0.06661585342069756,-2.0527343748977835,0.12840541824489793,-0.7402343749359648,0.47708400595542644,-1.1152343749263116,0.32789472237897815
P05_familiar,P05,familiar,Meta-Logic,Grandfather paradox (time travel),True,meta-llama/Llama-3.2-3B-Instruct,6,0.7,1.0,True|Paradox|False|Unknown,B,B,Paradox,B,Paradox,Paradox,False,False,False,0.7860610812408984,0.6196211043289367,-3.490234374777786,0.030490059487211885,-1.7089843749316314,0.18102781832949255,-6.023437497645358,0.002421040942397325,-0.24060058590388222,0.7860610812408984,-3.490234374777786,0.030490059487211885,-0.24060058590388222,0.7860610812408984,-1.7089843749316314,0.18102781832949255,-6.023437497645358,0.002421040942397325
P05_familiar,P05,familiar,Meta-Logic,Grandfather paradox (time travel),True,meta-llama/Llama-3.2-3B-Instruct,7,0.7,1.0,True|Paradox|Unknown|False,B,B,Paradox,B,Paradox,Paradox,False,False,False,0.8972229931018684,0.4435964016231911,-3.2949218748361977,0.037066735769077375,-3.3261718747500484,0.03592631220403789,-3.5136718747826508,0.02978395892501626,-0.10833740231748878,0.8972229931018684,-3.2949218748361977,0.037066735769077375,-0.10833740231748878,0.8972229931018684,-3.5136718747826508,0.02978395892501626,-3.3261718747500484,0.03592631220403789
P05_familiar,P05,familiar,Meta-Logic,Grandfather paradox (time travel),True,meta-llama/Llama-3.2-3B-Instruct,8,0.7,1.0,False|True|Unknown|Paradox,C,C,Unknown,A,False,Unknown,False,False,False,0.41911976094189385,1.203983451404193,-1.0263671874347433,0.35831712684731254,-0.8696289061840077,0.41911976094189385,-1.870117187262149,0.15411027593317303,-2.6816406242689497,0.06845283627762058,-0.8696289061840077,0.41911976094189385,-1.0263671874347433,0.35831712684731254,-1.870117187262149,0.15411027593317303,-2.6816406242689497,0.06845283627762058
P05_familiar,P05,familiar,Meta-Logic,Grandfather paradox (time travel),True,meta-llama/Llama-3.2-3B-Instruct,9,0.7,1.0,False|True|Paradox|Unknown,C,C,Paradox,C,Paradox,Paradox,False,False,False,0.5267063233233116,1.1234300780792834,-1.6406249999393714,0.19385906252166,-1.4218749999315445,0.2412615013827788,-3.265624999478446,0.03817311277224961,-0.6411132811722549,0.5267063233233116,-1.4218749999315445,0.2412615013827788,-1.6406249999393714,0.19385906252166,-0.6411132811722549,0.5267063233233116,-3.265624999478446,0.03817311277224961
P06_abstract,P06,abstract,Default/Exception,Symbolic,Unknown,meta-llama/Llama-3.2-3B-Instruct,0,0.7,1.0,False|Unknown|True|Paradox,A,A,False,C,True,False,False,False,False,0.4012445462246857,1.137678311508114,-0.9130859373791667,0.4012445462246857,-1.4755859372945093,0.2286222509751334,-1.0380859373269344,0.3540970692407419,-4.132812496296735,0.01603613355943906,-1.4755859372945093,0.2286222509751334,-1.0380859373269344,0.3540970692407419,-0.9130859373791667,0.4012445462246857,-4.132812496296735,0.01603613355943906
P06_abstract,P06,abstract,Default/Exception,Symbolic,Unknown,meta-llama/Llama-3.2-3B-Instruct,1,0.7,1.0,False|Unknown|Paradox|True,B,B,Unknown,B,Unknown,Unknown,False,True,True,0.40014478195819897,1.3113126179037575,-1.6347656247311628,0.1950149918150126,-1.3222656248843843,0.2665538898696148,-0.9160156249287292,0.40014478195819897,-1.978515624780557,0.13828633635717355,-1.3222656248843843,0.2665538898696148,-0.9160156249287292,0.40014478195819897,-1.978515624780557,0.13828633635717355,-1.6347656247311628,0.1950149918150126
P06_abstract,P06,abstract,Default/Exception,Symbolic,Unknown,meta-llama/Llama-3.2-3B-Instruct,2,0.7,1.0,False|Paradox|True|Unknown,C,C,True,B,Paradox,True,False,False,False,0.4514461194411013,1.1667509080567593,-1.2021484374005862,0.30058114407265585,-1.545898437362035,0.21314394759424357,-3.357421873320976,0.034828788891999224,-0.7954101561663287,0.4514461194411013,-1.545898437362035,0.21314394759424357,-0.7954101561663287,0.4514461194411013,-1.2021484374005862,0.30058114407265585,-3.357421873320976,0.034828788891999224
P06_abstract,P06,abstract,Default/Exception,Symbolic,Unknown,meta-llama/Llama-3.2-3B-Instruct,3,0.7,1.0,False|Paradox|Unknown|True,B,B,Paradox,B,Paradox,Paradox,False,False,False,0.4432644655642546,1.2899998010328932,-1.7509765622790925,0.17358485884854064,-1.4697265623940128,0.22996257532222075,-1.8759765623080589,0.153188100264984,-0.813476562438636,0.4432644655642546,-1.4697265623940128,0.22996257532222075,-0.813476562438636,0.4432644655642546,-1.8759765623080589,0.153188100264984,-1.7509765622790925,0.17358485884854064
P06_abstract,P06,abstract,Default/Exception,Symbolic,Unknown,meta-llama/Llama-3.2-3B-Instruct,4,0.7,1.0,Unknown|True|False|Paradox,A,A,Unknown,C,False,Unknown,False,True,False,0.5112242178670386,0.9244252024752859,-0.8896484374162403,0.41078019926872894,-0.6708984374065732,0.5112242178670386,-2.6093749994869095,0.07357694389819203,-5.421874991456645,0.004418638966040468,-2.6093749994869095,0.07357694389819203,-0.8896484374162403,0.41078019926872894,-0.6708984374065732,0.5112242178670386,-5.421874991456645,0.004418638966040468
P06_abstract,P06,abstract,Default/Exception,Symbolic,Unknown,meta-llama/Llama-3.2-3B-Instruct,5,0.7,1.0,Unknown|True|Paradox|False,D,D,False,B,True,False,False,False,False,0.5241377150046476,1.2039589713187637,-0.6459960937164506,0.5241377150046476,-1.6142578122107354,0.199037399885913,-1.8330078123012128,0.15993104380223744,-2.146484374740426,0.116893841307202,-1.8330078123012128,0.15993104380223744,-0.6459960937164506,0.5241377150046476,-2.146484374740426,0.116893841307202,-1.6142578122107354,0.199037399885913
P06_abstract,P06,abstract,Default/Exception,Symbolic,Unknown,meta-llama/Llama-3.2-3B-Instruct,6,0.7,1.0,Unknown|False|True|Paradox,B,B,False,B,False,False,False,False,False,0.6748795303782344,0.9268617106660955,-1.7050781248277334,0.18173007518102124,-0.39306640618656696,0.6748795303782344,-2.1738281245738063,0.11372377514140082,-3.5175781232056638,0.029666619299343524,-2.1738281245738063,0.11372377514140082,-0.39306640618656696,0.6748795303782344,-1.7050781248277334,0.18173007518102124,-3.5175781232056638,0.029666619299343524
P06_abstract,P06,abstract,Default/Exception,Symbolic,Unknown,meta-llama/Llama-3.2-3B-Instruct,7,0.7,1.0,Unknown|False|Paradox|True,B,B,False,B,False,False,False,False,False,0.552238984448453,1.1777606288913138,-2.0312499997419287,0.13116825595137185,-0.5937499999609703,0.552238984448453,-1.874999999779309,0.15335122757889935,-1.8124999998081879,0.16324153202127578,-1.874999999779309,0.15335122757889935,-0.5937499999609703,0.552238984448453,-1.8124999998081879,0.16324153202127578,-2.0312499997419287,0.13116825595137185
P06_abstract,P06,abstract,Default/Exception,Symbolic,Unknown,meta-llama/Llama-3.2-3B-Instruct,8,0.7,1.0,Unknown|Paradox|True|False,C,C,True,B,Paradox,True,False,False,False,0.4559197024211463,1.283818513453667,-1.754882812304204,0.1729631250314881,-1.8173828119247537,0.16248381910127493,-1.5673828123103082,0.2086333534460906,-0.7856445311484481,0.4559197024211463,-1.5673828123103082,0.2086333534460906,-0.7856445311484481,0.4559197024211463,-1.754882812304204,0.1729631250314881,-1.8173828119247537,0.16248381910127493
P06_abstract,P06,abstract,Default/Exception,Symbolic,Unknown,meta-llama/Llama-3.2-3B-Instruct,9,0.7,1.0,Unknown|Paradox|False|True,D,D,True,B,Paradox,True,False,False,False,0.45831305799391564,1.2816004799676626,-1.8740234371890747,0.15351564499136633,-1.6552734373411628,0.1910533070193799,-1.624023437355414,0.19711798999533808,-0.7802734374406266,0.45831305799391564,-1.624023437355414,0.19711798999533808,-0.7802734374406266,0.45831305799391564,-1.6552734373411628,0.1910533070193799,-1.8740234371890747,0.15351564499136633
P06_artificial,P06,artificial,Default/Exception,Glorps and Snorgles,Unknown,meta-llama/Llama-3.2-3B-Instruct,0,0.7,1.0,Paradox|True|False|Unknown,C,C,False,C,False,False,False,False,False,0.7631996474782223,0.7048923679240151,-1.801757812267526,0.16501320777345485,-0.27026367184198885,0.7631996474782223,-5.8320312440124455,0.002932197336220318,-2.675781249645979,0.06885494741210245,-2.675781249645979,0.06885494741210245,-1.801757812267526,0.16501320777345485,-0.27026367184198885,0.7631996474782223,-5.8320312440124455,0.002932197336220318
P06_artificial,P06,artificial,Default/Exception,Glorps and Snorgles,Unknown,meta-llama/Llama-3.2-3B-Instruct,1,0.7,1.0,Paradox|True|Unknown|False,D,D,False,D,False,False,False,False,False,0.7316055260375605,0.7982832125914492,-1.7187499998818314,0.1792876447407911,-0.31249999996560685,0.7316055260375605,-3.968749999462236,0.018896778737131397,-2.6562499997338143,0.07021005048451708,-2.6562499997338143,0.07021005048451708,-1.7187499998818314,0.1792876447407911,-3.968749999462236,0.018896778737131397,-0.31249999996560685,0.7316055260375605
P06_artificial,P06,artificial,Default/Exception,Glorps and Snorgles,Unknown,meta-llama/Llama-3.2-3B-Instruct,2,0.7,1.0,Paradox|False|True|Unknown,A,A,Paradox,B,False,Paradox,False,False,False,0.9119296853385974,0.3620556979846233,-3.9667968746639652,0.018933429170951813,-0.09216308586361022,0.9119296853385974,-5.281249997269321,0.005085920197659492,-2.7480468744013145,0.06405096529279135,-2.7480468744013145,0.06405096529279135,-0.09216308586361022,0.9119296853385974,-3.9667968746639652,0.018933429170951813,-5.281249997269321,0.005085920197659492
P06_artificial,P06,artificial,Default/Exception,Glorps and Snorgles,Unknown,meta-llama/Llama-3.2-3B-Instruct,3,0.7,1.0,Paradox|False|Unknown|True,B,B,False,B,False,False,False,False,False,0.8987305093274958,0.4205747970643191,-3.763671874372541,0.023199317760609465,-0.10681152336484478,0.8987305093274958,-4.199218748734973,0.015007889012397716,-2.763671874401319,0.06306228389949711,-2.763671874401319,0.06306228389949711,-0.10681152336484478,0.8987305093274958,-4.199218748734973,0.015007889012397716,-3.763671874372541,0.023199317760609465
P06_artificial,P06,artificial,Default/Exception,Glorps and Snorgles,Unknown,meta-llama/Llama-3.2-3B-Instruct,4,0.7,1.0,Paradox|Unknown|True|False,A,A,Paradox,D,False,Paradox,False,False,False,0.601184816436323,0.9696711248687531,-3.3828124996959037,0.0339496642650183,-0.508789062419339,0.601184816436323,-1.2275390623003715,0.2929940794771426,-2.6328124995779487,0.07187143982151603,-2.6328124995779487,0.07187143982151603,-1.2275390623003715,0.2929940794771426,-3.3828124996959037,0.0339496642650183,-0.508789062419339,0.601184816436323
P06_artificial,P06,artificial,Default/Exception,Glorps and Snorgles,Unknown,meta-llama/Llama-3.2-3B-Instruct,5,0.7,1.0,Paradox|Unknown|False|True,B,B,Unknown,C,False,Unknown,False,True,False,0.5563781746077225,0.9640878997153913,-4.0234374987595425,0.01789348205693495,-0.586425781199539,0.5563781746077225,-1.0556640623154103,0.34800260037259495,-2.5546874996333226,0.07772574296274756,-2.5546874996333226,0.07772574296274756,-1.0556640623154103,0.34800260037259495,-0.586425781199539,0.5563781746077225,-4.0234374987595425,0.01789348205693495
P06_artificial,P06,artificial,Default/Exception,Glorps and Snorgles,Unknown,meta-llama/Llama-3.2-3B-Instruct,6,0.7,1.0,True|False|Unknown|Paradox,B,B,False,B,False,False,False,False,False,0.966410033155605,0.17564444893997658,-4.03515624754272,0.017683679756814105,-0.034210205020336115,0.966410033155605,-4.253906248337244,0.01420923585919884,-6.378906240726325,0.0016970512283821504,-4.03515624754272,0.017683679756814105,-0.034210205020336115,0.966410033155605,-4.253906248337244,0.01420923585919884,-6.378906240726325,0.0016970512283821504
P06_artificial,P06,artificial,Default/Exception,Glorps and Snorgles,Unknown,meta-llama/Llama-3.2-3B-Instruct,7,0.7,1.0,True|False|Paradox|Unknown,B,B,False,B,False,False,False,False,False,0.9569779456294768,0.21628640935312832,-4.324218747636859,0.013243904757350388,-0.04397583004687178,0.9569779456294768,-5.449218746042458,0.0042996663637881825,-3.6699218740870863,0.02547848324938466,-4.324218747636859,0.013243904757350388,-0.04397583004687178,0.9569779456294768,-3.6699218740870863,0.02547848324938466,-5.449218746042458,0.0042996663637881825
P06_artificial,P06,artificial,Default/Exception,Glorps and Snorgles,Unknown,meta-llama/Llama-3.2-3B-Instruct,8,0.7,1.0,True|Unknown|False|Paradox,C,C,False,C,False,False,False,False,False,0.9516295640244256,0.21982010596737278,-4.80078124802552,0.008223164777933147,-0.04956054683002087,0.9516295640244256,-3.23632812411172,0.03930722201847582,-7.0820312347103505,0.000840049179165511,-4.80078124802552,0.008223164777933147,-3.23632812411172,0.03930722201847582,-0.04956054683002087,0.9516295640244256,-7.0820312347103505,0.000840049179165511
P06_artificial,P06,artificial,Default/Exception,Glorps and Snorgles,Unknown,meta-llama/Llama-3.2-3B-Instruct,9,0.7,1.0,True|Unknown|Paradox|False,D,D,False,D,False,False,False,False,False,0.8233397045912794,0.6091806082358062,-3.2890624996814255,0.03729601400149582,-0.1945800780962914,0.8233397045912794,-2.101562499877154,0.12228892193424272,-4.070312499564529,0.017075359472982082,-3.2890624996814255,0.03729601400149582,-2.101562499877154,0.12228892193424272,-4.070312499564529,0.017075359472982082,-0.1945800780962914,0.8233397045912794
P06_belief_violating,P06,belief_violating,Default/Exception,Iron object with red exception,Unknown,meta-llama/Llama-3.2-3B-Instruct,0,0.7,1.0,True|Paradox|False|Unknown,B,B,Paradox,C,False,Paradox,False,False,False,0.6592683504663183,0.8946798476689588,-2.5410156247970686,0.07877683185364032,-0.4165039062073115,0.6592683504663183,-3.947265623163042,0.019305092925652252,-1.4160156249024731,0.24264972475438915,-2.5410156247970686,0.07877683185364032,-1.4160156249024731,0.24264972475438915,-0.4165039062073115,0.6592683504663183,-3.947265623163042,0.019305092925652252
P06_belief_violating,P06,belief_violating,Default/Exception,Iron object with red exception,Unknown,meta-llama/Llama-3.2-3B-Instruct,1,0.7,1.0,True|Paradox|Unknown|False,D,D,False,D,False,False,False,False,False,0.42195882022238185,1.2819591434662343,-2.1132812499032054,0.12083421058673532,-0.8627929686685047,0.42195882022238185,-1.2685546873986113,0.28122245420930925,-1.737304687423451,0.17598451498157366,-2.1132812499032054,0.12083421058673532,-1.737304687423451,0.17598451498157366,-1.2685546873986113,0.28122245420930925,-0.8627929686685047,0.42195882022238185
P06_belief_violating,P06,belief_violating,Default/Exception,Iron object with red exception,Unknown,meta-llama/Llama-3.2-3B-Instruct,2,0.7,1.0,False|True|Unknown|Paradox,A,A,False,B,True,False,False,False,False,0.36424437992834097,1.1007481175313578,-1.0097656249517435,0.36424437992834097,-1.0722656249127243,0.3421759285744295,-1.2285156248560627,0.2926785816398003,-7.011718741219857,0.0009011098574291771,-1.0722656249127243,0.3421759285744295,-1.0097656249517435,0.36424437992834097,-1.2285156248560627,0.2926785816398003,-7.011718741219857,0.0009011098574291771
P06_belief_violating,P06,belief_violating,Default/Exception,Iron object with red exception,Unknown,meta-llama/Llama-3.2-3B-Instruct,3,0.7,1.0,False|True|Paradox|Unknown,B,B,True,B,True,True,False,False,False,0.4951879656061812,0.9721765763566088,-0.7026367187236111,0.4951879656061812,-0.8588867186805889,0.42355671253833815,-3.20312499929868,0.04062766093374063,-3.2031249995940585,0.040627660921740076,-0.8588867186805889,0.42355671253833815,-0.7026367187236111,0.4951879656061812,-3.2031249995940585,0.040627660921740076,-3.20312499929868,0.04062766093374063
P06_belief_violating,P06,belief_violating,Default/Exception,Iron object with red exception,Unknown,meta-llama/Llama-3.2-3B-Instruct,4,0.7,1.0,False|Unknown|True|Paradox,C,C,True,B,Unknown,True,False,False,True,0.45802240242755665,1.0685563439518737,-1.4052734374283578,0.2452814625213927,-1.2177734374176117,0.29586591971870185,-0.7807617186794489,0.45802240242755665,-7.09374999046926,0.0008302153323487573,-1.2177734374176117,0.29586591971870185,-0.7807617186794489,0.45802240242755665,-1.4052734374283578,0.2452814625213927,-7.09374999046926,0.0008302153323487573
P06_belief_violating,P06,belief_violating,Default/Exception,Iron object with red exception,Unknown,meta-llama/Llama-3.2-3B-Instruct,5,0.7,1.0,False|Unknown|Paradox|True,A,A,False,B,Unknown,False,False,False,True,0.4988479457061587,1.0165109172562932,-2.195312499803681,0.11130802203253798,-0.9765624999511355,0.37655018479323576,-0.6953124999600719,0.4988479457061587,-4.320312499440787,0.013293847468067695,-0.9765624999511355,0.37655018479323576,-0.6953124999600719,0.4988479457061587,-4.320312499440787,0.013293847468067695,-2.195312499803681,0.11130802203253798
P06_belief_violating,P06,belief_violating,Default/Exception,Iron object with red exception,Unknown,meta-llama/Llama-3.2-3B-Instruct,6,0.7,1.0,False|Paradox|True|Unknown,A,A,False,A,False,False,False,False,False,0.4077589663600744,1.2211315588642382,-1.3027343749311626,0.27175869243641887,-0.8969726562012055,0.4077589663600744,-3.021484374149077,0.0487236487655742,-1.3027343749255933,0.27175869243793244,-0.8969726562012055,0.4077589663600744,-1.3027343749255933,0.27175869243793244,-1.3027343749311626,0.27175869243641887,-3.021484374149077,0.0487236487655742
P06_belief_violating,P06,belief_violating,Default/Exception,Iron object with red exception,Unknown,meta-llama/Llama-3.2-3B-Instruct,7,0.7,1.0,False|Paradox|Unknown|True,A,A,False,A,False,False,False,False,False,0.45250330349410406,1.2420117025234523,-2.324218749802925,0.09786070243750909,-0.7929687499692999,0.45250330349410406,-1.2617187498928266,0.28316933164151853,-1.7929687499138784,0.1664666624268684,-0.7929687499692999,0.45250330349410406,-1.7929687499138784,0.1664666624268684,-1.2617187498928266,0.28316933164151853,-2.324218749802925,0.09786070243750909
P06_belief_violating,P06,belief_violating,Default/Exception,Iron object with red exception,Unknown,meta-llama/Llama-3.2-3B-Instruct,8,0.7,1.0,Unknown|True|False|Paradox,A,A,Unknown,C,False,Unknown,False,True,False,0.6390873687136404,0.8837412528440102,-1.4169921874052305,0.2424517911152582,-0.44775390621220557,0.6390873687136404,-2.134765624806328,0.11827701449721317,-8.601562473478282,0.00018382567388831468,-2.134765624806328,0.11827701449721317,-1.4169921874052305,0.2424517911152582,-0.44775390621220557,0.6390873687136404,-8.601562473478282,0.00018382567388831468
P06_belief_violating,P06,belief_violating,Default/Exception,Iron object with red exception,Unknown,meta-llama/Llama-3.2-3B-Instruct,9,0.7,1.0,Unknown|True|Paradox|False,D,D,False,D,False,False,False,False,False,0.5171704666676531,1.0396747774303994,-1.2841796874746003,0.2768214027707235,-0.6591796874542357,0.5171704666676531,-1.596679687444874,0.20252686470001485,-5.660156249397485,0.003481265861608643,-1.596679687444874,0.20252686470001485,-1.2841796874746003,0.2768214027707235,-5.660156249397485,0.003481265861608643,-0.6591796874542357,0.5171704666676531
P06_familiar,P06,familiar,Default/Exception,Tweety the penguin,Unknown,meta-llama/Llama-3.2-3B-Instruct,0,0.7,1.0,Unknown|False|True|Paradox,B,B,False,B,False,False,False,False,False,0.9223303187354362,0.34593259949826716,-4.175781249545109,0.015363487536660857,-0.0808715819938195,0.9223303187354362,-3.0488281241390545,0.04741539099448548,-4.207031248509394,0.014890802733417422,-3.0488281241390545,0.04741539099448548,-0.0808715819938195,0.9223303187354362,-4.175781249545109,0.015363487536660857,-4.207031248509394,0.014890802733417422
P06_familiar,P06,familiar,Default/Exception,Tweety the penguin,Unknown,meta-llama/Llama-3.2-3B-Instruct,1,0.7,1.0,Unknown|False|Paradox|True,B,B,False,B,False,False,False,False,False,0.8967760560389685,0.4239507268084236,-4.109374999309365,0.01641901249420232,-0.1090087890295588,0.8967760560389685,-2.703124999462271,0.06699982193070078,-3.921874999309342,0.019805109536128313,-2.703124999462271,0.06699982193070078,-0.1090087890295588,0.8967760560389685,-3.921874999309342,0.019805109536128313,-4.109374999309365,0.01641901249420232
P06_familiar,P06,familiar,Default/Exception,Tweety the penguin,Unknown,meta-llama/Llama-3.2-3B-Instruct,2,0.7,1.0,Unknown|Paradox|True|False,B,B,Paradox,D,False,Paradox,False,False,False,0.5226628694959612,1.1151980246203534,-3.3046874994136557,0.036714615888217686,-0.6489257810565388,0.5226628694959612,-1.7744140621810651,0.1696009570111585,-1.305664062204833,0.2710215576046626,-1.7744140621810651,0.1696009570111585,-1.305664062204833,0.2710215576046626,-3.3046874994136557,0.036714615888217686,-0.6489257810565388,0.5226628694959612
P06_familiar,P06,familiar,Default/Exception,Tweety the penguin,Unknown,meta-llama/Llama-3.2-3B-Instruct,3,0.7,1.0,Unknown|Paradox|False|True,C,C,False,C,False,False,False,False,False,0.6906921525531823,0.8922777532832489,-3.9316406237374704,0.019612571783542504,-0.3701171874360196,0.6906921525531823,-1.9013671873442657,0.14937265361371344,-1.9638671872179367,0.14032262204956175,-1.9013671873442657,0.14937265361371344,-1.9638671872179367,0.14032262204956175,-0.3701171874360196,0.6906921525531823,-3.9316406237374704,0.019612571783542504
P06_familiar,P06,familiar,Default/Exception,Tweety the penguin,Unknown,meta-llama/Llama-3.2-3B-Instruct,4,0.7,1.0,Paradox|True|False|Unknown,A,A,Paradox,C,False,Paradox,False,False,False,0.6190408224120384,0.9394353559445652,-1.3232421872696223,0.26631114953707724,-0.47973632806662625,0.6190408224120384,-4.292968746819886,0.013666379979769865,-2.292968749480843,0.10098164807111445,-2.292968749480843,0.10098164807111445,-1.3232421872696223,0.26631114953707724,-0.47973632806662625,0.6190408224120384,-4.292968746819886,0.013666379979769865
P06_familiar,P06,familiar,Default/Exception,Tweety the penguin,Unknown,meta-llama/Llama-3.2-3B-Instruct,5,0.7,1.0,Paradox|True|Unknown|False,B,B,True,D,False,True,False,False,False,0.603315191874131,1.0355242233433561,-1.4111328123589133,0.24388042598887102,-0.5053710936892932,0.603315191874131,-2.9121093745720024,0.05436396278497176,-2.3183593746224043,0.09844041935202626,-2.3183593746224043,0.09844041935202626,-1.4111328123589133,0.24388042598887102,-2.9121093745720024,0.05436396278497176,-0.5053710936892932,0.603315191874131
P06_familiar,P06,familiar,Default/Exception,Tweety the penguin,Unknown,meta-llama/Llama-3.2-3B-Instruct,6,0.7,1.0,Paradox|False|True|Unknown,B,B,False,B,False,False,False,False,False,0.9026342317850456,0.4115809671633683,-3.726562499695571,0.024073481204374747,-0.10235595695530764,0.9026342317850456,-4.164062498616001,0.015543007682373865,-2.8515624992237054,0.057749279328205776,-2.8515624992237054,0.057749279328205776,-0.10235595695530764,0.9026342317850456,-3.726562499695571,0.024073481204374747,-4.164062498616001,0.015543007682373865
P06_familiar,P06,familiar,Default/Exception,Tweety the penguin,Unknown,meta-llama/Llama-3.2-3B-Instruct,7,0.7,1.0,Paradox|False|Unknown|True,B,B,False,B,False,False,False,False,False,0.8723710507421878,0.5179813594464691,-3.4492187495488564,0.03177223452917696,-0.13659667961488497,0.8723710507421878,-3.2617187493012487,0.038324630390280515,-2.855468749244662,0.057532084338354696,-2.855468749244662,0.057532084338354696,-0.13659667961488497,0.8723710507421878,-3.2617187493012487,0.038324630390280515,-3.4492187495488564,0.03177223452917696
P06_familiar,P06,familiar,Default/Exception,Tweety the penguin,Unknown,meta-llama/Llama-3.2-3B-Instruct,8,0.7,1.0,Paradox|Unknown|True|False,A,A,Paradox,D,False,Paradox,False,False,False,0.525448456287729,1.065659310039048,-2.955078124651873,0.05207727447695466,-0.6435546873697873,0.525448456287729,-1.081054687271437,0.33925502154934867,-2.48632812433988,0.08321924768596763,-2.48632812433988,0.08321924768596763,-1.081054687271437,0.33925502154934867,-2.955078124651873,0.05207727447695466,-0.6435546873697873,0.525448456287729
P06_familiar,P06,familiar,Default/Exception,Tweety the penguin,Unknown,meta-llama/Llama-3.2-3B-Instruct,9,0.7,1.0,Paradox|Unknown|False|True,C,C,False,C,False,False,False,False,False,0.6105159884521522,0.9281197586669607,-3.96289062393685,0.019007279957843844,-0.493408203075246,0.6105159884521522,-1.21191406231535,0.2976143804150231,-2.6191406245704623,0.0728623511749809,-2.6191406245704623,0.0728623511749809,-1.21191406231535,0.2976143804150231,-0.493408203075246,0.6105159884521522,-3.96289062393685,0.019007279957843844
P07_abstract,P07,abstract,Fallacy,Symbolic,Unknown,meta-llama/Llama-3.2-3B-Instruct,0,0.7,1.0,True|False|Unknown|Paradox,A,A,True,B,False,True,False,False,False,0.49443729281475135,1.0745082086732796,-1.579101562241751,0.20611212852224206,-0.7041015624120988,0.49443729281475135,-1.2353515622335247,0.290664689758411,-4.734374995281924,0.008785888904595593,-1.579101562241751,0.20611212852224206,-0.7041015624120988,0.49443729281475135,-1.2353515622335247,0.290664689758411,-4.734374995281924,0.008785888904595593
P07_abstract,P07,abstract,Fallacy,Symbolic,Unknown,meta-llama/Llama-3.2-3B-Instruct,1,0.7,1.0,True|False|Paradox|Unknown,B,B,False,B,False,False,False,False,False,0.5879879911415038,1.0916352444480697,-1.5312499997990674,0.21630869362978672,-0.5312499999522342,0.5879879911415038,-2.6249999991800843,0.07245433673080857,-2.0937499995746003,0.12324897849790102,-1.5312499997990674,0.21630869362978672,-0.5312499999522342,0.5879879911415038,-2.0937499995746003,0.12324897849790102,-2.6249999991800843,0.07245433673080857
P07_abstract,P07,abstract,Fallacy,Symbolic,Unknown,meta-llama/Llama-3.2-3B-Instruct,2,0.7,1.0,True|Unknown|False|Paradox,B,B,Unknown,C,False,Unknown,False,True,False,0.4604493279425403,1.0870875790582177,-1.4003906248492166,0.24646076504242925,-0.7753906248788203,0.4604493279425403,-1.2441406248689764,0.2881418266624586,-5.308593743675915,0.004948080352571943,-1.4003906248492166,0.24646076504242925,-1.2441406248689764,0.2881418266624586,-0.7753906248788203,0.4604493279425403,-5.308593743675915,0.004948080352571943
P07_abstract,P07,abstract,Fallacy,Symbolic,Unknown,meta-llama/Llama-3.2-3B-Instruct,3,0.7,1.0,True|Unknown|Paradox|False,A,A,True,A,True,True,False,False,False,0.4151468069835646,1.17930722735941,-0.8789062499291884,0.4151468069835646,-2.0976562496621822,0.12271716177582626,-0.9414062499374904,0.3899943334624275,-2.6289062496826343,0.07214169777818165,-0.8789062499291884,0.4151468069835646,-0.9414062499374904,0.3899943334624275,-2.6289062496826343,0.07214169777818165,-2.0976562496621822,0.12271716177582626
P07_abstract,P07,abstract,Fallacy,Symbolic,Unknown,meta-llama/Llama-3.2-3B-Instruct,4,0.7,1.0,True|Paradox|False|Unknown,C,C,False,B,Paradox,False,False,False,False,0.5374779528381454,1.1436185546050264,-1.3710937498977729,0.2538866077697514,-1.9960937498314284,0.13589570836569365,-2.621093749322928,0.07273973102640947,-0.6210937499501545,0.5374779528381454,-1.3710937498977729,0.2538866077697514,-0.6210937499501545,0.5374779528381454,-1.9960937498314284,0.13589570836569365,-2.621093749322928,0.07273973102640947
P07_abstract,P07,abstract,Fallacy,Symbolic,Unknown,meta-llama/Llama-3.2-3B-Instruct,5,0.7,1.0,True|Paradox|Unknown|False,A,A,True,B,Paradox,True,False,False,False,0.3890928905166726,1.2227248092097298,-0.9750976561682974,0.3771217607857388,-2.5683593744242454,0.07665435266594481,-1.8505859372944802,0.1571309960316438,-0.9438476561643574,0.3890928905166726,-0.9750976561682974,0.3771217607857388,-0.9438476561643574,0.3890928905166726,-1.8505859372944802,0.1571309960316438,-2.5683593744242454,0.07665435266594481
P07_abstract,P07,abstract,Fallacy,Symbolic,Unknown,meta-llama/Llama-3.2-3B-Instruct,6,0.7,1.0,False|True|Unknown|Paradox,B,B,True,B,True,True,False,False,False,0.6813373681177212,0.8683264920590353,-0.38354492182530175,0.6813373681177212,-2.2265624996275433,0.1078822124752521,-1.6025390622592504,0.20135377671738805,-4.664062497533079,0.009426642689638727,-2.2265624996275433,0.1078822124752521,-0.38354492182530175,0.6813373681177212,-1.6025390622592504,0.20135377671738805,-4.664062497533079,0.009426642689638727
P07_abstract,P07,abstract,Fallacy,Symbolic,Unknown,meta-llama/Llama-3.2-3B-Instruct,7,0.7,1.0,False|True|Paradox|Unknown,B,B,True,B,True,True,False,False,False,0.7562542298896585,0.8209851910021071,-0.2792968749696818,0.7562542298896585,-2.3417968746425073,0.09614693583143072,-2.654296874471645,0.07034260094162349,-2.560546874568738,0.07725623333728733,-2.3417968746425073,0.09614693583143072,-0.2792968749696818,0.7562542298896585,-2.560546874568738,0.07725623333728733,-2.654296874471645,0.07034260094162349
P07_abstract,P07,abstract,Fallacy,Symbolic,Unknown,meta-llama/Llama-3.2-3B-Instruct,8,0.7,1.0,False|Unknown|True|Paradox,C,C,True,C,True,True,False,False,False,0.7263608187349356,0.767859388236414,-0.3198242186852842,0.7263608187349356,-2.914062499603526,0.05426115568069569,-1.5703124998712565,0.20800426944741002,-4.476562497290629,0.011373756136958632,-2.914062499603526,0.05426115568069569,-1.5703124998712565,0.20800426944741002,-0.3198242186852842,0.7263608187349356,-4.476562497290629,0.011373756136958632
P07_abstract,P07,abstract,Fallacy,Symbolic,Unknown,meta-llama/Llama-3.2-3B-Instruct,9,0.7,1.0,False|Unknown|Paradox|True,A,A,False,D,True,False,False,False,False,0.3949083989983629,1.2608584708459543,-0.929199218646604,0.3949083989983629,-2.0859374998372826,0.12420278037826248,-1.0537109374582228,0.3486756491224083,-2.0234374997910387,0.13221317150096631,-2.0859374998372826,0.12420278037826248,-1.0537109374582228,0.3486756491224083,-2.0234374997910387,0.13221317150096631,-0.929199218646604,0.3949083989983629
P07_artificial,P07,artificial,Fallacy,Two Zorbian villages,Unknown,meta-llama/Llama-3.2-3B-Instruct,0,0.7,1.0,False|Paradox|True|Unknown,B,B,Paradox,C,True,Paradox,False,False,False,0.3269438616813839,1.3380995593195184,-1.118164062396424,0.3269438616813839,-1.1494140624193665,0.316884856542364,-1.9306640618456754,0.14508045924853757,-1.5556640623562301,0.21109082252771463,-1.1494140624193665,0.316884856542364,-1.5556640623562301,0.21109082252771463,-1.118164062396424,0.3269438616813839,-1.9306640618456754,0.14508045924853757
P07_artificial,P07,artificial,Fallacy,Two Zorbian villages,Unknown,meta-llama/Llama-3.2-3B-Instruct,1,0.7,1.0,False|Paradox|Unknown|True,C,C,Unknown,C,Unknown,Unknown,False,True,True,0.38625387857870697,1.3148601465752323,-1.8574218747580848,0.15606067436762994,-1.2324218749328237,0.2915597239505242,-0.9511718748555247,0.38625387857870697,-1.7949218748555271,0.1661257231031388,-1.2324218749328237,0.2915597239505242,-1.7949218748555271,0.1661257231031388,-0.9511718748555247,0.38625387857870697,-1.8574218747580848,0.15606067436762994
P07_artificial,P07,artificial,Fallacy,Two Zorbian villages,Unknown,meta-llama/Llama-3.2-3B-Instruct,2,0.7,1.0,Unknown|True|False|Paradox,B,B,True,C,False,True,False,False,False,0.5981958178658372,0.9549389269306853,-1.451171874868391,0.23425684814953648,-0.5136718749484102,0.5981958178658372,-1.7949218748116016,0.16611297931056862,-6.54687498634783,0.001434354674057708,-1.7949218748116016,0.16611297931056862,-1.451171874868391,0.23425684814953648,-0.5136718749484102,0.5981958178658372,-6.54687498634783,0.001434354674057708
P07_artificial,P07,artificial,Fallacy,Two Zorbian villages,Unknown,meta-llama/Llama-3.2-3B-Instruct,3,0.7,1.0,Unknown|True|Paradox|False,D,D,False,D,False,False,False,False,False,0.40548072801494095,1.1431039158556604,-1.122070312447646,0.32565386862863255,-0.9028320311303686,0.40548072801494095,-1.3720703124038611,0.25361948790931615,-4.183593749438529,0.01524591544711026,-1.3720703124038611,0.25361948790931615,-1.122070312447646,0.32565386862863255,-4.183593749438529,0.01524591544711026,-0.9028320311303686,0.40548072801494095
P07_artificial,P07,artificial,Fallacy,Two Zorbian villages,Unknown,meta-llama/Llama-3.2-3B-Instruct,4,0.7,1.0,Unknown|False|True|Paradox,C,C,True,B,False,True,False,False,False,0.6004173197988927,0.9648420065490155,-1.948242187384175,0.1425419960281614,-0.5102539062009508,0.6004173197988927,-1.3857421873708922,0.250168993944964,-4.980468746396582,0.006871690227981837,-1.3857421873708922,0.250168993944964,-0.5102539062009508,0.6004173197988927,-1.948242187384175,0.1425419960281614,-4.980468746396582,0.006871690227981837
P07_artificial,P07,artificial,Fallacy,Two Zorbian villages,Unknown,meta-llama/Llama-3.2-3B-Instruct,5,0.7,1.0,Unknown|False|Paradox|True,A,A,Unknown,B,False,Unknown,False,True,False,0.5877901618769872,1.0152920734500939,-2.0624999997757874,0.12711853744374357,-0.5312499999681313,0.5877901618769872,-1.3437499998957485,0.26083030324391515,-3.7187499995470885,0.02426099743535407,-1.3437499998957485,0.26083030324391515,-0.5312499999681313,0.5877901618769872,-3.7187499995470885,0.02426099743535407,-2.0624999997757874,0.12711853744374357
P07_artificial,P07,artificial,Fallacy,Two Zorbian villages,Unknown,meta-llama/Llama-3.2-3B-Instruct,6,0.7,1.0,Unknown|Paradox|True|False,D,D,False,D,False,False,False,False,False,0.4110548796298139,1.2676226606410594,-1.8896484372862166,0.15114482020331999,-0.8891601560153797,0.4110548796298139,-1.1396484374066376,0.3199735868428166,-2.138671874712671,0.1178267133240495,-1.1396484374066376,0.3199735868428166,-2.138671874712671,0.1178267133240495,-1.8896484372862166,0.15114482020331999,-0.8891601560153797,0.4110548796298139
P07_artificial,P07,artificial,Fallacy,Two Zorbian villages,Unknown,meta-llama/Llama-3.2-3B-Instruct,7,0.7,1.0,Unknown|Paradox|False|True,C,C,False,C,False,False,False,False,False,0.39199139309394065,1.2555861944869773,-2.0292968745263775,0.13142895586333583,-0.936523437400584,0.39199139309394065,-1.0302734374337994,0.35691222497197195,-2.123046874761821,0.11966742607075155,-1.0302734374337994,0.35691222497197195,-2.123046874761821,0.11966742607075155,-0.936523437400584,0.39199139309394065,-2.0292968745263775,0.13142895586333583
P07_artificial,P07,artificial,Fallacy,Two Zorbian villages,Unknown,meta-llama/Llama-3.2-3B-Instruct,8,0.7,1.0,Paradox|True|False|Unknown,D,D,Unknown,C,False,Unknown,False,True,False,0.6148821070549324,0.90714059124847,-1.173828124885219,0.3091821401767461,-0.48632812495060884,0.6148821070549324,-3.017578123602578,0.048919718422864404,-3.6113281241524327,0.027016034345457015,-3.6113281241524327,0.027016034345457015,-1.173828124885219,0.3091821401767461,-0.48632812495060884,0.6148821070549324,-3.017578123602578,0.048919718422864404
P07_artificial,P07,artificial,Fallacy,Two Zorbian villages,Unknown,meta-llama/Llama-3.2-3B-Instruct,9,0.7,1.0,Paradox|True|Unknown|False,D,D,False,D,False,False,False,False,False,0.4033805653617631,1.1692031893359296,-1.0322265624404956,0.3561559613127388,-0.9077148436634292,0.4033805653617631,-1.563476562357337,0.20937328857490606,-3.4707031244353974,0.03109018475059202,-3.4707031244353974,0.03109018475059202,-1.0322265624404956,0.3561559613127388,-1.563476562357337,0.20937328857490606,-0.9077148436634292,0.4033805653617631
P07_belief_violating,P07,belief_violating,Fallacy,Counterfactual independence,Unknown,meta-llama/Llama-3.2-3B-Instruct,0,0.7,1.0,Paradox|False|True|Unknown,B,B,False,B,False,False,False,False,False,0.9600756796459924,0.20554362303533757,-4.789062499197973,0.008320235684227704,-0.040740966741787954,0.9600756796459924,-3.7285156246022964,0.02402842384494447,-4.882812495868602,0.007575660824835405,-4.882812495868602,0.007575660824835405,-0.040740966741787954,0.9600756796459924,-4.789062499197973,0.008320235684227704,-3.7285156246022964,0.02402842384494447
P07_belief_violating,P07,belief_violating,Fallacy,Counterfactual independence,Unknown,meta-llama/Llama-3.2-3B-Instruct,1,0.7,1.0,Paradox|False|Unknown|True,B,B,False,B,False,False,False,False,False,0.9254550142057061,0.32285421827581556,-4.328124999380717,0.013192852066515222,-0.07751464837587929,0.9254550142057061,-2.9218749995605995,0.05383507318134214,-4.890624995427005,0.007517060546436531,-4.890624995427005,0.007517060546436531,-0.07751464837587929,0.9254550142057061,-2.9218749995605995,0.05383507318134214,-4.328124999380717,0.013192852066515222
P07_belief_violating,P07,belief_violating,Fallacy,Counterfactual independence,Unknown,meta-llama/Llama-3.2-3B-Instruct,2,0.7,1.0,Paradox|Unknown|True|False,B,B,Unknown,D,False,Unknown,False,True,False,0.5555314280224309,0.800841098442561,-4.4921874994134,0.011196803201306109,-0.5878906249398796,0.5555314280224309,-0.8691406249109903,0.41933712203295104,-4.273437498223076,0.013934646743311985,-4.273437498223076,0.013934646743311985,-0.8691406249109903,0.41933712203295104,-4.4921874994134,0.011196803201306109,-0.5878906249398796,0.5555314280224309
P07_belief_violating,P07,belief_violating,Fallacy,Counterfactual independence,Unknown,meta-llama/Llama-3.2-3B-Instruct,3,0.7,1.0,Paradox|Unknown|False|True,C,C,False,C,False,False,False,False,False,0.6419198004129474,0.7601085622055495,-4.22265624903753,0.014660642178689872,-0.4433593749471243,0.6419198004129474,-1.099609374847236,0.333023605385411,-4.566406247542685,0.010395952022951818,-4.566406247542685,0.010395952022951818,-1.099609374847236,0.333023605385411,-0.4433593749471243,0.6419198004129474,-4.22265624903753,0.014660642178689872
P07_belief_violating,P07,belief_violating,Fallacy,Counterfactual independence,Unknown,meta-llama/Llama-3.2-3B-Instruct,4,0.7,1.0,True|False|Unknown|Paradox,B,B,False,B,False,False,False,False,False,0.7915102553367771,0.5834190942090147,-3.9531249972263196,0.01919370742841895,-0.23376464836451039,0.7915102553367771,-1.6708984370813764,0.1880690245593528,-6.703124988322477,0.0012270126754512466,-3.9531249972263196,0.01919370742841895,-0.23376464836451039,0.7915102553367771,-1.6708984370813764,0.1880690245593528,-6.703124988322477,0.0012270126754512466
P07_belief_violating,P07,belief_violating,Fallacy,Counterfactual independence,Unknown,meta-llama/Llama-3.2-3B-Instruct,5,0.7,1.0,True|False|Paradox|Unknown,B,B,False,B,False,False,False,False,False,0.9020201418464204,0.4138893020715727,-3.6972656233274925,0.024791990584885657,-0.10314941402867306,0.9020201418464204,-2.853515624497667,0.057643105059341206,-4.164062498277502,0.015544762509352647,-3.6972656233274925,0.024791990584885657,-0.10314941402867306,0.9020201418464204,-4.164062498277502,0.015544762509352647,-2.853515624497667,0.057643105059341206
P07_belief_violating,P07,belief_violating,Fallacy,Counterfactual independence,Unknown,meta-llama/Llama-3.2-3B-Instruct,6,0.7,1.0,True|Unknown|False|Paradox,C,C,False,C,False,False,False,False,False,0.9036472161399687,0.3503692757643648,-4.695312497856648,0.009138030657321782,-0.10131835932600008,0.9036472161399687,-2.445312499671016,0.0866992207839104,-7.57031248535319,0.0005155324187991977,-4.695312497856648,0.009138030657321782,-2.445312499671016,0.0866992207839104,-0.10131835932600008,0.9036472161399687,-7.57031248535319,0.0005155324187991977
P07_belief_violating,P07,belief_violating,Fallacy,Counterfactual independence,Unknown,meta-llama/Llama-3.2-3B-Instruct,7,0.7,1.0,True|Unknown|Paradox|False,D,D,False,D,False,False,False,False,False,0.7873390969251507,0.6069207059638001,-3.832031249523596,0.021666418365427195,-0.23913574216980416,0.7873390969251507,-1.6767578124471854,0.18698660030815928,-5.5195312492618935,0.0040078844012629245,-3.832031249523596,0.021666418365427195,-1.6767578124471854,0.18698660030815928,-5.5195312492618935,0.0040078844012629245,-0.23913574216980416,0.7873390969251507
P07_belief_violating,P07,belief_violating,Fallacy,Counterfactual independence,Unknown,meta-llama/Llama-3.2-3B-Instruct,8,0.7,1.0,True|Paradox|False|Unknown,C,C,False,C,False,False,False,False,False,0.8522181502579981,0.54685101122175,-3.7539062488923616,0.023426044104863028,-0.15991210931038746,0.8522181502579981,-3.660156248485927,0.025728476147023737,-2.3164062497108207,0.0986273294901151,-3.7539062488923616,0.023426044104863028,-2.3164062497108207,0.0986273294901151,-0.15991210931038746,0.8522181502579981,-3.660156248485927,0.025728476147023737
P07_belief_violating,P07,belief_violating,Fallacy,Counterfactual independence,Unknown,meta-llama/Llama-3.2-3B-Instruct,9,0.7,1.0,True|Paradox|Unknown|False,D,D,False,D,False,False,False,False,False,0.6080115417970815,1.021693438566702,-3.1855468745036637,0.04135550664468994,-0.4975585936784852,0.6080115417970815,-1.4345703123909646,0.2382170293769206,-2.1855468748387588,0.11241592218130796,-3.1855468745036637,0.04135550664468994,-2.1855468748387588,0.11241592218130796,-1.4345703123909646,0.2382170293769206,-0.4975585936784852,0.6080115417970815
P07_familiar,P07,familiar,Fallacy,Two rooms,Unknown,meta-llama/Llama-3.2-3B-Instruct,0,0.7,1.0,False|True|Unknown|Paradox,B,B,True,C,Unknown,True,False,False,True,0.4505165058012938,1.0178469577354634,-0.9223632812181324,0.3975794209127257,-1.8906249998410423,0.15097782874818638,-0.7973632811674483,0.4505165058012938,-6.9843749959008345,0.000926244537794126,-1.8906249998410423,0.15097782874818638,-0.9223632812181324,0.3975794209127257,-0.7973632811674483,0.4505165058012938,-6.9843749959008345,0.000926244537794126
P07_familiar,P07,familiar,Fallacy,Two rooms,Unknown,meta-llama/Llama-3.2-3B-Instruct,1,0.7,1.0,False|True|Paradox|Unknown,B,B,True,B,True,True,False,False,False,0.5816464417142618,1.0704671821851441,-0.541992187485913,0.5816464417142618,-1.4794921874126385,0.22777601932853392,-1.9169921873708713,0.1470632512412214,-3.1347656247513362,0.04351428771598287,-1.4794921874126385,0.22777601932853392,-0.541992187485913,0.5816464417142618,-3.1347656247513362,0.04351428771598287,-1.9169921873708713,0.1470632512412214
P07_familiar,P07,familiar,Fallacy,Two rooms,Unknown,meta-llama/Llama-3.2-3B-Instruct,2,0.7,1.0,False|Unknown|True|Paradox,B,B,Unknown,C,True,Unknown,False,True,False,0.5187125281280365,0.9623336909429183,-0.6562499999691094,0.5187125281280365,-2.187499999850666,0.11217945144564932,-0.9999999999423586,0.36782226061316314,-6.656249996088524,0.00128575981315098,-2.187499999850666,0.11217945144564932,-0.9999999999423586,0.36782226061316314,-0.6562499999691094,0.5187125281280365,-6.656249996088524,0.00128575981315098
P07_familiar,P07,familiar,Fallacy,Two rooms,Unknown,meta-llama/Llama-3.2-3B-Instruct,3,0.7,1.0,False|Unknown|Paradox|True,B,B,Unknown,B,Unknown,Unknown,False,True,True,0.5165893903562977,1.1083785438747475,-1.4423828124625788,0.23639640113092988,-1.5048828124520233,0.22207386722683395,-0.6606445312296239,0.5165893903562977,-3.691406249798141,0.02494034128593846,-1.5048828124520233,0.22207386722683395,-0.6606445312296239,0.5165893903562977,-3.691406249798141,0.02494034128593846,-1.4423828124625788,0.23639640113092988
P07_familiar,P07,familiar,Fallacy,Two rooms,Unknown,meta-llama/Llama-3.2-3B-Instruct,4,0.7,1.0,False|Paradox|True|Unknown,A,A,False,C,True,False,False,False,False,0.38267018886701387,1.33494175749605,-0.9604492187094227,0.38267018886701387,-1.5224609374373088,0.21814539146148412,-1.8349609372520836,0.15959857780546677,-1.4287109374487723,0.23958584186603524,-1.5224609374373088,0.21814539146148412,-1.4287109374487723,0.23958584186603524,-0.9604492187094227,0.38267018886701387,-1.8349609372520836,0.15959857780546677
P07_familiar,P07,familiar,Fallacy,Two rooms,Unknown,meta-llama/Llama-3.2-3B-Instruct,5,0.7,1.0,False|Paradox|Unknown|True,A,A,False,C,Unknown,False,False,False,True,0.5383924675776304,1.1888884924462924,-2.1191406249229354,0.12013159751676748,-1.6503906249532765,0.19196974622127067,-0.6191406249517581,0.5383924675776304,-1.9003906249453366,0.14950618868433152,-1.6503906249532765,0.19196974622127067,-1.9003906249453366,0.14950618868433152,-0.6191406249517581,0.5383924675776304,-2.1191406249229354,0.12013159751676748
P07_familiar,P07,familiar,Fallacy,Two rooms,Unknown,meta-llama/Llama-3.2-3B-Instruct,6,0.7,1.0,Unknown|True|False|Paradox,C,C,False,C,False,False,False,False,False,0.8015931439634201,0.5929232501266533,-1.8144531248986484,0.1629131747042874,-0.2210693359060436,0.8015931439634201,-3.3457031246119247,0.03523244491631126,-8.249999986559454,0.0002612364159811863,-3.3457031246119247,0.03523244491631126,-1.8144531248986484,0.1629131747042874,-0.2210693359060436,0.8015931439634201,-8.249999986559454,0.0002612364159811863
P07_familiar,P07,familiar,Fallacy,Two rooms,Unknown,meta-llama/Llama-3.2-3B-Instruct,7,0.7,1.0,Unknown|True|Paradox|False,D,D,False,D,False,False,False,False,False,0.643291295026712,0.9097032689103604,-1.441406249976551,0.23659587240938412,-0.4411621093530158,0.643291295026712,-2.191406249929169,0.11175997664806914,-4.785156249696994,0.008352855915834772,-2.191406249929169,0.11175997664806914,-1.441406249976551,0.23659587240938412,-4.785156249696994,0.008352855915834772,-0.4411621093530158,0.643291295026712
P07_familiar,P07,familiar,Fallacy,Two rooms,Unknown,meta-llama/Llama-3.2-3B-Instruct,8,0.7,1.0,Unknown|False|True|Paradox,A,A,Unknown,B,False,Unknown,False,True,False,0.5829423202342968,0.9402611165183534,-1.1962890624646543,0.30227885857149506,-0.5395507812237357,0.5829423202342968,-2.195312499844713,0.11131082650170165,-5.6640624980484215,0.0034679946925065554,-2.195312499844713,0.11131082650170165,-0.5395507812237357,0.5829423202342968,-1.1962890624646543,0.30227885857149506,-5.6640624980484215,0.0034679946925065554
P07_familiar,P07,familiar,Fallacy,Two rooms,Unknown,meta-llama/Llama-3.2-3B-Instruct,9,0.7,1.0,Unknown|False|Paradox|True,B,B,False,B,False,False,False,False,False,0.622149420067468,1.0021114917111191,-1.6933593749658877,0.1839070172962214,-0.4746093749871987,0.622149420067468,-1.7871093749244602,0.16744924478564377,-3.6308593747945683,0.0264943178506669,-1.7871093749244602,0.16744924478564377,-0.4746093749871987,0.622149420067468,-3.6308593747945683,0.0264943178506669,-1.6933593749658877,0.1839070172962214
P08_abstract,P08,abstract,Propositional,Symbolic,True,meta-llama/Llama-3.2-3B-Instruct,0,0.7,1.0,Unknown|Paradox|True|False,A,A,Unknown,B,Paradox,Unknown,False,False,False,0.4764864570604751,1.1828514475373115,-2.1152343747440883,0.12059235170444547,-2.4589843735294123,0.08551278225215775,-1.1474609372520461,0.31740840898292166,-0.741210937331894,0.4764864570604751,-1.1474609372520461,0.31740840898292166,-0.741210937331894,0.4764864570604751,-2.1152343747440883,0.12059235170444547,-2.4589843735294123,0.08551278225215775
P08_abstract,P08,abstract,Propositional,Symbolic,True,meta-llama/Llama-3.2-3B-Instruct,1,0.7,1.0,Unknown|Paradox|False|True,B,B,Paradox,B,Paradox,Paradox,False,False,False,0.4774356428804106,1.1900674440877537,-2.4570312490958126,0.08568312811988603,-2.0507812497197397,0.12862560968788614,-1.1767578123042648,0.30825561931181733,-0.739257812375397,0.4774356428804106,-1.1767578123042648,0.30825561931181733,-0.739257812375397,0.4774356428804106,-2.0507812497197397,0.12862560968788614,-2.4570312490958126,0.08568312811988603
P08_abstract,P08,abstract,Propositional,Symbolic,True,meta-llama/Llama-3.2-3B-Instruct,2,0.7,1.0,Paradox|True|False|Unknown,C,C,False,B,True,False,False,False,True,0.4666462251745178,1.25872205014196,-0.7622070311352738,0.4666462251745178,-1.4501953123409632,0.23452991324718497,-2.10546874847386,0.1217913951539452,-1.7314453120340672,0.17703246642435208,-1.7314453120340672,0.17703246642435208,-0.7622070311352738,0.4666462251745178,-1.4501953123409632,0.23452991324718497,-2.10546874847386,0.1217913951539452
P08_abstract,P08,abstract,Propositional,Symbolic,True,meta-llama/Llama-3.2-3B-Instruct,3,0.7,1.0,Paradox|True|Unknown|False,B,B,True,B,True,True,False,True,True,0.43757186266149495,1.2521944770579585,-0.8266601561370668,0.43757186266149495,-2.2011718741554582,0.1106895273995323,-1.2021484373197724,0.30059164082680784,-1.8896484371189959,0.15114696911216485,-1.8896484371189959,0.15114696911216485,-0.8266601561370668,0.43757186266149495,-1.2021484373197724,0.30059164082680784,-2.2011718741554582,0.1106895273995323
P08_abstract,P08,abstract,Propositional,Symbolic,True,meta-llama/Llama-3.2-3B-Instruct,4,0.7,1.0,Paradox|False|True|Unknown,D,D,Unknown,B,False,Unknown,False,False,False,0.31773539076948876,1.368190081940746,-1.302734374815743,0.27177348179324423,-1.1464843747361328,0.31773539076948876,-1.5527343741621569,0.21165740057695712,-1.6152343745787268,0.1988337268603099,-1.6152343745787268,0.1988337268603099,-1.1464843747361328,0.31773539076948876,-1.302734374815743,0.27177348179324423,-1.5527343741621569,0.21165740057695712
P08_abstract,P08,abstract,Propositional,Symbolic,True,meta-llama/Llama-3.2-3B-Instruct,5,0.7,1.0,Paradox|False|Unknown|True,B,B,False,C,Unknown,False,False,False,False,0.48242558293692595,1.2537779751143991,-1.854492187012678,0.15654419961002794,-1.5419921872349003,0.21397055145012137,-0.7290039061125113,0.48242558293692595,-1.9169921871379048,0.14705966600292467,-1.9169921871379048,0.14705966600292467,-1.5419921872349003,0.21397055145012137,-0.7290039061125113,0.48242558293692595,-1.854492187012678,0.15654419961002794
P08_abstract,P08,abstract,Propositional,Symbolic,True,meta-llama/Llama-3.2-3B-Instruct,6,0.7,1.0,Paradox|Unknown|True|False,B,B,Unknown,B,Unknown,Unknown,False,False,False,0.6631489662193939,0.9934447131858828,-1.8486328122233706,0.15743479442769537,-2.597656248336722,0.07443959065716153,-0.4106445310871416,0.6631489662193939,-2.2539062490815804,0.10497664869574919,-2.2539062490815804,0.10497664869574919,-0.4106445310871416,0.6631489662193939,-1.8486328122233706,0.15743479442769537,-2.597656248336722,0.07443959065716153
P08_abstract,P08,abstract,Propositional,Symbolic,True,meta-llama/Llama-3.2-3B-Instruct,7,0.7,1.0,Paradox|Unknown|False|True,B,B,Unknown,B,Unknown,Unknown,False,False,False,0.6679001922516088,0.9987814533910904,-2.341796874206613,0.09617317465224968,-2.185546874636553,0.11243783246428499,-0.4038085936472846,0.6679001922516088,-2.0917968744105284,0.12348880063185655,-2.0917968744105284,0.12348880063185655,-0.4038085936472846,0.6679001922516088,-2.185546874636553,0.11243783246428499,-2.341796874206613,0.09617317465224968
P08_abstract,P08,abstract,Propositional,Symbolic,True,meta-llama/Llama-3.2-3B-Instruct,8,0.7,1.0,True|False|Unknown|Paradox,A,A,True,C,Unknown,True,False,True,False,0.44571928161260543,1.1032234139360784,-2.0585937490300963,0.12763837367334058,-0.9331054685527542,0.39334588539109444,-0.8081054684148072,0.44571928161260543,-3.402343744150966,0.033296459322959535,-2.0585937490300963,0.12763837367334058,-0.9331054685527542,0.39334588539109444,-0.8081054684148072,0.44571928161260543,-3.402343744150966,0.033296459322959535
P08_abstract,P08,abstract,Propositional,Symbolic,True,meta-llama/Llama-3.2-3B-Instruct,9,0.7,1.0,True|False|Paradox|Unknown,C,C,Paradox,C,Paradox,Paradox,False,False,False,0.42564165009678756,1.1266841989276204,-2.228515623969484,0.10767162404801932,-0.8852539061504829,0.41254603316635635,-2.9160156227490113,0.0541406926888367,-0.8540039059449267,0.42564165009678756,-2.228515623969484,0.10767162404801932,-0.8852539061504829,0.41254603316635635,-0.8540039059449267,0.42564165009678756,-2.9160156227490113,0.0541406926888367
P08_artificial,P08,artificial,Propositional,Plort and Snorg,True,meta-llama/Llama-3.2-3B-Instruct,0,0.7,1.0,True|Unknown|False|Paradox,C,C,False,A,True,False,False,False,True,0.5008157548608707,1.0252251775198735,-0.6914062499549798,0.5008157548608707,-1.0976562499312956,0.33361521524811466,-1.8164062498274067,0.16259107052825836,-5.816406240281268,0.002977959362756303,-0.6914062499549798,0.5008157548608707,-1.8164062498274067,0.16259107052825836,-1.0976562499312956,0.33361521524811466,-5.816406240281268,0.002977959362756303
P08_artificial,P08,artificial,Propositional,Plort and Snorg,True,meta-llama/Llama-3.2-3B-Instruct,1,0.7,1.0,True|Unknown|Paradox|False,A,A,True,A,True,True,False,True,True,0.6842258051621641,0.9082963314273385,-0.3793945312287208,0.6842258051621641,-2.378906249672541,0.09264511899992327,-1.660156249917172,0.19009544135527895,-3.410156249724215,0.033033634482633724,-0.3793945312287208,0.6842258051621641,-1.660156249917172,0.19009544135527895,-3.410156249724215,0.033033634482633724,-2.378906249672541,0.09264511899992327
P08_artificial,P08,artificial,Propositional,Plort and Snorg,True,meta-llama/Llama-3.2-3B-Instruct,2,0.7,1.0,True|Paradox|False|Unknown,B,B,Paradox,A,True,Paradox,False,False,True,0.5459266176482359,1.0852065455037978,-0.6054687499657452,0.5459266176482359,-1.9492187498876112,0.14241346710587466,-3.292968748375774,0.037150772625016315,-1.292968749920311,0.27450914262087306,-0.6054687499657452,0.5459266176482359,-1.292968749920311,0.27450914262087306,-1.9492187498876112,0.14241346710587466,-3.292968748375774,0.037150772625016315
P08_artificial,P08,artificial,Propositional,Plort and Snorg,True,meta-llama/Llama-3.2-3B-Instruct,3,0.7,1.0,True|Paradox|Unknown|False,A,A,True,A,True,True,False,True,True,0.6313889025793177,0.9924677145227355,-0.4597167968458502,0.6313889025793177,-2.9277343743054662,0.053511919453680126,-2.4902343747813678,0.0828808821484859,-1.4599609373982123,0.23221829581851627,-0.4597167968458502,0.6313889025793177,-1.4599609373982123,0.23221829581851627,-2.4902343747813678,0.0828808821484859,-2.9277343743054662,0.053511919453680126
P08_artificial,P08,artificial,Propositional,Plort and Snorg,True,meta-llama/Llama-3.2-3B-Instruct,4,0.7,1.0,False|True|Unknown|Paradox,B,B,True,B,True,True,False,True,True,0.894004538718943,0.4120024797862758,-0.11199951170578104,0.894004538718943,-2.67382812475332,0.0689845274074533,-3.330078124733155,0.03578870135557188,-6.70703124446238,0.0012222325180317802,-2.67382812475332,0.0689845274074533,-0.11199951170578104,0.894004538718943,-3.330078124733155,0.03578870135557188,-6.70703124446238,0.0012222325180317802
P08_artificial,P08,artificial,Propositional,Plort and Snorg,True,meta-llama/Llama-3.2-3B-Instruct,5,0.7,1.0,False|True|Paradox|Unknown,B,B,True,B,True,True,False,True,True,0.9135924367469751,0.3677285820441168,-0.09033203124165312,0.9135924367469751,-2.8398437497659925,0.05843253505572816,-4.152343749144051,0.015726903467020485,-4.402343749562707,0.012248124730276195,-2.8398437497659925,0.05843253505572816,-0.09033203124165312,0.9135924367469751,-4.402343749562707,0.012248124730276195,-4.152343749144051,0.015726903467020485
P08_artificial,P08,artificial,Propositional,Plort and Snorg,True,meta-llama/Llama-3.2-3B-Instruct,6,0.7,1.0,False|Unknown|True|Paradox,C,C,True,C,True,True,False,True,True,0.8374797911584434,0.5560778866299186,-0.17736816403378408,0.8374797911584434,-2.9902343747322417,0.050276155689275334,-2.2089843748070797,0.10981322001298922,-6.019531243215208,0.002430833139291994,-2.9902343747322417,0.050276155689275334,-2.2089843748070797,0.10981322001298922,-0.17736816403378408,0.8374797911584434,-6.019531243215208,0.002430833139291994
P08_artificial,P08,artificial,Propositional,Plort and Snorg,True,meta-llama/Llama-3.2-3B-Instruct,7,0.7,1.0,False|Unknown|Paradox|True,D,D,True,D,True,True,False,True,True,0.5791292971538341,1.069363012925751,-0.546386718707188,0.5791292971538341,-2.109374999913568,0.12133283630621733,-1.3906249999557843,0.24895881533927286,-2.9843749998197726,0.050579051200675684,-2.109374999913568,0.12133283630621733,-1.3906249999557843,0.24895881533927286,-2.9843749998197726,0.050579051200675684,-0.546386718707188,0.5791292971538341
P08_artificial,P08,artificial,Propositional,Plort and Snorg,True,meta-llama/Llama-3.2-3B-Instruct,8,0.7,1.0,False|Paradox|True|Unknown,A,A,False,C,True,False,False,False,True,0.7541498910011833,0.7757101600505222,-0.2822265624644211,0.7541498910011833,-2.5957031248108646,0.07459806588027854,-3.7832031230899448,0.022751124711810223,-1.907226562365941,0.14850091840672777,-2.5957031248108646,0.07459806588027854,-1.907226562365941,0.14850091840672777,-0.2822265624644211,0.7541498910011833,-3.7832031230899448,0.022751124711810223
P08_artificial,P08,artificial,Propositional,Plort and Snorg,True,meta-llama/Llama-3.2-3B-Instruct,9,0.7,1.0,False|Paradox|Unknown|True,D,D,True,D,True,True,False,True,True,0.5405195170734823,1.1601355515414986,-0.6152343749541569,0.5405195170734823,-2.2089843748999396,0.10981320058713867,-2.2089843748754037,0.10981320058983304,-1.4277343749463864,0.2398540817495459,-2.2089843748999396,0.10981320058713867,-1.4277343749463864,0.2398540817495459,-2.2089843748754037,0.10981320058983304,-0.6152343749541569,0.5405195170734823
P08_belief_violating,P08,belief_violating,Propositional,Counterfactual tautology,True,meta-llama/Llama-3.2-3B-Instruct,0,0.7,1.0,Unknown|True|False|Paradox,B,B,True,C,False,True,False,True,False,0.4301868345671953,1.0877942236778624,-1.3749999998717246,0.25289379383585614,-0.843749999940141,0.4301868345671953,-1.1562499998854077,0.31473141155366985,-6.12499999061656,0.0021879600432785857,-1.1562499998854077,0.31473141155366985,-1.3749999998717246,0.25289379383585614,-0.843749999940141,0.4301868345671953,-6.12499999061656,0.0021879600432785857
P08_belief_violating,P08,belief_violating,Propositional,Counterfactual tautology,True,meta-llama/Llama-3.2-3B-Instruct,1,0.7,1.0,Unknown|True|Paradox|False,D,D,False,D,False,False,False,False,False,0.4312090899518894,1.0980369401498,-1.4355468749455322,0.23802002735680727,-0.841308593668699,0.4312090899518894,-1.1230468749459328,0.3253348041503788,-5.214843749156517,0.005436078540924499,-1.1230468749459328,0.3253348041503788,-1.4355468749455322,0.23802002735680727,-5.214843749156517,0.005436078540924499,-0.841308593668699,0.4312090899518894
P08_belief_violating,P08,belief_violating,Propositional,Counterfactual tautology,True,meta-llama/Llama-3.2-3B-Instruct,2,0.7,1.0,Unknown|False|True|Paradox,A,A,Unknown,B,False,Unknown,False,False,False,0.5327897162508157,0.938542512819515,-2.472656249884565,0.08434074647014207,-0.6293945311799041,0.5327897162508157,-0.9731445311589706,0.3778044817404294,-5.285156246072938,0.005065055538612851,-0.9731445311589706,0.3778044817404294,-0.6293945311799041,0.5327897162508157,-2.472656249884565,0.08434074647014207,-5.285156246072938,0.005065055538612851
P08_belief_violating,P08,belief_violating,Propositional,Counterfactual tautology,True,meta-llama/Llama-3.2-3B-Instruct,3,0.7,1.0,Unknown|False|Paradox|True,B,B,False,B,False,False,False,False,False,0.4572400565837623,0.9728392922074667,-2.376953124854547,0.09284860465638721,-0.7827148436987248,0.4572400565837623,-0.8139648437013822,0.4431722589736488,-4.999999999241008,0.006739079786201644,-0.8139648437013822,0.4431722589736488,-0.7827148436987248,0.4572400565837623,-4.999999999241008,0.006739079786201644,-2.376953124854547,0.09284860465638721
P08_belief_violating,P08,belief_violating,Propositional,Counterfactual tautology,True,meta-llama/Llama-3.2-3B-Instruct,4,0.7,1.0,Unknown|Paradox|True|False,B,B,Paradox,A,Unknown,Paradox,False,False,False,0.4993489317613003,1.1052362186953497,-2.943359374735402,0.05268241276061869,-1.0693359372841555,0.3431971672317462,-0.6943359374487248,0.4993489317613003,-2.2558593747230686,0.10477148824633485,-0.6943359374487248,0.4993489317613003,-2.2558593747230686,0.10477148824633485,-2.943359374735402,0.05268241276061869,-1.0693359372841555,0.3431971672317462
P08_belief_violating,P08,belief_violating,Propositional,Counterfactual tautology,True,meta-llama/Llama-3.2-3B-Instruct,5,0.7,1.0,Unknown|Paradox|False|True,C,C,False,A,Unknown,False,False,False,False,0.5389614300035092,1.0895441624820887,-2.6796874996212825,0.06858820442296315,-1.1806640624137898,0.307090966025022,-0.6181640624678615,0.5389614300035092,-2.460937499755343,0.08535939954850577,-0.6181640624678615,0.5389614300035092,-2.460937499755343,0.08535939954850577,-1.1806640624137898,0.307090966025022,-2.6796874996212825,0.06858820442296315
P08_belief_violating,P08,belief_violating,Propositional,Counterfactual tautology,True,meta-llama/Llama-3.2-3B-Instruct,6,0.7,1.0,Paradox|True|False|Unknown,C,C,False,C,False,False,False,False,False,0.41857427944472253,1.2152137071958355,-1.0585937498565068,0.3470102658120461,-0.8710937499458162,0.41857427944472253,-1.808593749541119,0.16391604307907648,-2.6523437492443995,0.07049941166415492,-2.6523437492443995,0.07049941166415492,-1.0585937498565068,0.3470102658120461,-0.8710937499458162,0.41857427944472253,-1.808593749541119,0.16391604307907648
P08_belief_violating,P08,belief_violating,Propositional,Counterfactual tautology,True,meta-llama/Llama-3.2-3B-Instruct,7,0.7,1.0,Paradox|True|Unknown|False,C,C,Unknown,C,Unknown,Unknown,False,False,False,0.5168492796005846,1.1352754296175183,-1.3789062498707947,0.2518922214247398,-1.6601562497813567,0.19013822418138307,-0.6601562499499576,0.5168492796005846,-3.191406249295778,0.04112027479329246,-3.191406249295778,0.04112027479329246,-1.3789062498707947,0.2518922214247398,-0.6601562499499576,0.5168492796005846,-1.6601562497813567,0.19013822418138307
P08_belief_violating,P08,belief_violating,Propositional,Counterfactual tautology,True,meta-llama/Llama-3.2-3B-Instruct,8,0.7,1.0,Paradox|False|True|Unknown,C,C,True,B,False,True,False,True,False,0.6817140520120625,0.9402128885414422,-2.5390624998483884,0.07893339787727752,-0.3830566405448552,0.6817140520120625,-1.7265624997970044,0.17787915799852624,-2.78906249928191,0.061473392112133846,-2.78906249928191,0.061473392112133846,-0.3830566405448552,0.6817140520120625,-2.5390624998483884,0.07893339787727752,-1.7265624997970044,0.17787915799852624
P08_belief_violating,P08,belief_violating,Propositional,Counterfactual tautology,True,meta-llama/Llama-3.2-3B-Instruct,9,0.7,1.0,Paradox|False|Unknown|True,C,C,Unknown,C,Unknown,Unknown,False,False,False,0.4880042412253685,1.0274702353306266,-2.716796874698403,0.06607644823820463,-0.9047851561312648,0.4045697257966461,-0.7172851561937594,0.4880042412253685,-3.1855468741942414,0.04134958473978078,-3.1855468741942414,0.04134958473978078,-0.9047851561312648,0.4045697257966461,-0.7172851561937594,0.4880042412253685,-2.716796874698403,0.06607644823820463
P08_familiar,P08,familiar,Propositional,Stock market trader,True,meta-llama/Llama-3.2-3B-Instruct,0,0.7,1.0,Paradox|Unknown|True|False,C,C,True,B,Unknown,True,False,True,False,0.4060249529752523,1.1755617338732456,-0.9013671874406157,0.40602495294429825,-2.275390624563474,0.10275948710582608,-0.9013671873643789,0.4060249529752523,-2.4628906246267417,0.08519060697462343,-2.4628906246267417,0.08519060697462343,-0.9013671873643789,0.4060249529752523,-0.9013671874406157,0.40602495294429825,-2.275390624563474,0.10275948710582608
P08_familiar,P08,familiar,Propositional,Stock market trader,True,meta-llama/Llama-3.2-3B-Instruct,1,0.7,1.0,Paradox|Unknown|False|True,B,B,Unknown,B,Unknown,Unknown,False,False,False,0.4327936392194422,1.2619409989288075,-1.212890624909822,0.29745442816968953,-1.900390624892832,0.14956947949355007,-0.8378906249274343,0.4327936392194422,-2.119140624815219,0.12018245311731826,-2.119140624815219,0.12018245311731826,-0.8378906249274343,0.4327936392194422,-1.900390624892832,0.14956947949355007,-1.212890624909822,0.29745442816968953
P08_familiar,P08,familiar,Propositional,Stock market trader,True,meta-llama/Llama-3.2-3B-Instruct,2,0.7,1.0,True|False|Unknown|Paradox,B,B,False,A,True,False,False,False,True,0.5613575700709864,0.9516201211381441,-0.5776367186608582,0.5613575700709864,-1.1093749998871312,0.3298439952650336,-2.2656249994786726,0.10379001811064326,-5.296874993027055,0.005008416553336706,-0.5776367186608582,0.5613575700709864,-1.1093749998871312,0.3298439952650336,-2.2656249994786726,0.10379001811064326,-5.296874993027055,0.005008416553336706
P08_familiar,P08,familiar,Propositional,Stock market trader,True,meta-llama/Llama-3.2-3B-Instruct,3,0.7,1.0,True|False|Paradox|Unknown,A,A,True,A,True,True,False,True,True,0.4916486005412694,1.0820162894620913,-0.7099609374115934,0.4916486005412694,-1.0224609374341638,0.3596978000976186,-3.335937498739907,0.035580142007281906,-2.1796874995907727,0.11307345735383009,-0.7099609374115934,0.4916486005412694,-1.0224609374341638,0.3596978000976186,-2.1796874995907727,0.11307345735383009,-3.335937498739907,0.035580142007281906
P08_familiar,P08,familiar,Propositional,Stock market trader,True,meta-llama/Llama-3.2-3B-Instruct,4,0.7,1.0,True|Unknown|False|Paradox,B,B,Unknown,C,False,Unknown,False,False,False,0.4991280704417636,1.013329726415524,-1.038085937379159,0.35410766252228787,-0.6948242186798639,0.4991280704417636,-1.9443359371556532,0.14307242900003467,-5.601562488944007,0.003691838035913753,-1.038085937379159,0.35410766252228787,-1.9443359371556532,0.14307242900003467,-0.6948242186798639,0.4991280704417636,-5.601562488944007,0.003691838035913753
P08_familiar,P08,familiar,Propositional,Stock market trader,True,meta-llama/Llama-3.2-3B-Instruct,5,0.7,1.0,True|Unknown|Paradox|False,B,B,Unknown,A,True,Unknown,False,False,True,0.4897833204852449,1.2413690659663303,-0.7138671874399423,0.4897833204852449,-1.68261718728705,0.1859007799707794,-1.5888671873687454,0.20417206419686176,-2.119140624758897,0.12014383534711398,-0.7138671874399423,0.4897833204852449,-1.5888671873687454,0.20417206419686176,-2.119140624758897,0.12014383534711398,-1.68261718728705,0.1859007799707794
P08_familiar,P08,familiar,Propositional,Stock market trader,True,meta-llama/Llama-3.2-3B-Instruct,6,0.7,1.0,True|Paradox|False|Unknown,A,A,True,A,True,True,False,True,True,0.3521345501523909,1.1631161490410935,-1.0439453124137956,0.3521345501523909,-1.137695312413601,0.3206221565137117,-4.1054687471044575,0.016485643522634732,-1.1689453123856133,0.31075764981126275,-1.0439453124137956,0.3521345501523909,-1.1689453123856133,0.31075764981126275,-1.137695312413601,0.3206221565137117,-4.1054687471044575,0.016485643522634732
P08_familiar,P08,familiar,Propositional,Stock market trader,True,meta-llama/Llama-3.2-3B-Instruct,7,0.7,1.0,True|Paradox|Unknown|False,A,A,True,A,True,True,False,True,True,0.43413404436155073,1.2403056967993107,-0.8344726561892652,0.43413404436155073,-2.427734374597964,0.08824275763446852,-1.7724609373213214,0.16992634241701063,-1.1787109373898765,0.30769685558697013,-0.8344726561892652,0.43413404436155073,-1.1787109373898765,0.30769685558697013,-1.7724609373213214,0.16992634241701063,-2.427734374597964,0.08824275763446852
P08_familiar,P08,familiar,Propositional,Stock market trader,True,meta-llama/Llama-3.2-3B-Instruct,8,0.7,1.0,False|True|Unknown|Paradox,B,B,True,B,True,True,False,True,True,0.8131324192230707,0.6031421249383871,-0.20703124997643263,0.8131324192230707,-2.019531249744971,0.13274021849972137,-2.957031249538023,0.051981816461556155,-6.144531244012327,0.0021455458156518525,-2.019531249744971,0.13274021849972137,-0.20703124997643263,0.8131324192230707,-2.957031249538023,0.051981816461556155,-6.144531244012327,0.0021455458156518525
P08_familiar,P08,familiar,Propositional,Stock market trader,True,meta-llama/Llama-3.2-3B-Instruct,9,0.7,1.0,False|True|Paradox|Unknown,B,B,True,B,True,True,False,True,True,0.7901285038892054,0.6986503196762127,-0.23583984373220712,0.7901285038892054,-2.0175781247645945,0.13301438953359715,-3.7675781239115578,0.023114435024624253,-2.923828124611701,0.05374267155257314,-2.0175781247645945,0.13301438953359715,-0.23583984373220712,0.7901285038892054,-2.923828124611701,0.05374267155257314,-3.7675781239115578,0.023114435024624253
P09_abstract,P09,abstract,Paradox,Symbolic,Paradox,meta-llama/Llama-3.2-3B-Instruct,0,0.7,1.0,False|Unknown|True|Paradox,C,C,True,D,Paradox,True,False,False,True,0.5974701572891417,1.0788507646406913,-2.0468749998631566,0.12914890684214816,-2.7031249981224774,0.06700157033800554,-1.5781249997136568,0.20637936553070463,-0.515136718520731,0.5974701572891417,-2.7031249981224774,0.06700157033800554,-1.5781249997136568,0.20637936553070463,-2.0468749998631566,0.12914890684214816,-0.515136718520731,0.5974701572891417
P09_abstract,P09,abstract,Paradox,Symbolic,Paradox,meta-llama/Llama-3.2-3B-Instruct,1,0.7,1.0,False|Unknown|Paradox|True,C,C,Paradox,C,Paradox,Paradox,False,True,True,0.9064727220284625,0.40789680913550147,-3.8164062489808526,0.02200564960118388,-3.6914062481991192,0.02493566782380518,-3.066406249511713,0.04658596054654834,-0.09814453121289501,0.9064727220284625,-3.6914062481991192,0.02493566782380518,-3.066406249511713,0.04658596054654834,-0.09814453121289501,0.9064727220284625,-3.8164062489808526,0.02200564960118388
P09_abstract,P09,abstract,Paradox,Symbolic,Paradox,meta-llama/Llama-3.2-3B-Instruct,2,0.7,1.0,False|Paradox|True|Unknown,B,B,Paradox,B,Paradox,Paradox,False,True,True,0.9251603778707853,0.34231890765413187,-3.2968749998384004,0.036999778579299335,-3.7031249962072734,0.02464716618754101,-4.328124997731895,0.013192677362374306,-0.07781982415593403,0.9251603778707853,-3.7031249962072734,0.02464716618754101,-0.07781982415593403,0.9251603778707853,-3.2968749998384004,0.036999778579299335,-4.328124997731895,0.013192677362374306
P09_abstract,P09,abstract,Paradox,Symbolic,Paradox,meta-llama/Llama-3.2-3B-Instruct,3,0.7,1.0,False|Paradox|Unknown|True,B,B,Paradox,B,Paradox,Paradox,False,True,True,0.9039465764841891,0.4214907983859686,-3.5703124991690838,0.028147849185687076,-3.3828124974130884,0.0339527872035364,-3.3828124996794426,0.033952787126587364,-0.10101318351756072,0.9039465764841891,-3.3828124974130884,0.0339527872035364,-0.10101318351756072,0.9039465764841891,-3.3828124996794426,0.033952787126587364,-3.5703124991690838,0.028147849185687076
P09_abstract,P09,abstract,Paradox,Symbolic,Paradox,meta-llama/Llama-3.2-3B-Instruct,4,0.7,1.0,Unknown|True|False|Paradox,B,B,True,C,False,True,False,False,False,0.3765934831503832,1.2580611622803617,-1.6015624997834685,0.20157596579093737,-0.9765624999269429,0.3765934831503832,-2.5390624986774952,0.07893828249384466,-1.0703124995530249,0.3428922685648348,-2.5390624986774952,0.07893828249384466,-1.6015624997834685,0.20157596579093737,-0.9765624999269429,0.3765934831503832,-1.0703124995530249,0.3428922685648348
P09_abstract,P09,abstract,Paradox,Symbolic,Paradox,meta-llama/Llama-3.2-3B-Instruct,5,0.7,1.0,Unknown|True|Paradox|False,C,C,Paradox,C,Paradox,Paradox,False,True,True,0.8184468167619069,0.6645578565032457,-2.701171874738848,0.06713301814035418,-2.5449218745935287,0.07848644986632564,-3.326171873602976,0.03593371523141336,-0.2004394530813911,0.8184468167619069,-3.326171873602976,0.03593371523141336,-2.701171874738848,0.06713301814035418,-0.2004394530813911,0.8184468167619069,-2.5449218745935287,0.07848644986632564
P09_abstract,P09,abstract,Paradox,Symbolic,Paradox,meta-llama/Llama-3.2-3B-Instruct,6,0.7,1.0,Unknown|False|True|Paradox,D,D,Paradox,D,Paradox,Paradox,False,True,True,0.603111789786664,0.9694870138737086,-3.0996093748209366,0.045076117867158684,-1.2246093748512679,0.29393321124950683,-2.8496093736179713,0.05787888109667047,-0.5058593748526299,0.603111789786664,-2.8496093736179713,0.05787888109667047,-1.2246093748512679,0.29393321124950683,-3.0996093748209366,0.045076117867158684,-0.5058593748526299,0.603111789786664
P09_abstract,P09,abstract,Paradox,Symbolic,Paradox,meta-llama/Llama-3.2-3B-Instruct,7,0.7,1.0,Unknown|False|Paradox|True,C,C,Paradox,C,Paradox,Paradox,False,True,True,0.8766630861454264,0.4808701939489722,-4.03906249922401,0.01761326039474501,-2.505859374823827,0.08160211447162909,-3.7246093737962664,0.024121538988199468,-0.13159179685007572,0.8766630861454264,-3.7246093737962664,0.024121538988199468,-2.505859374823827,0.08160211447162909,-0.13159179685007572,0.8766630861454264,-4.03906249922401,0.01761326039474501
P09_abstract,P09,abstract,Paradox,Symbolic,Paradox,meta-llama/Llama-3.2-3B-Instruct,8,0.7,1.0,Unknown|Paradox|True|False,D,D,False,B,Paradox,False,False,False,True,0.811963346893057,0.6808511834587457,-3.3027343747225633,0.0367851727086772,-2.646484374149997,0.07090527625469956,-2.5214843736362536,0.08034620414356614,-0.20837402333149746,0.811963346893057,-2.5214843736362536,0.08034620414356614,-0.20837402333149746,0.811963346893057,-3.3027343747225633,0.0367851727086772,-2.646484374149997,0.07090527625469956
P09_abstract,P09,abstract,Paradox,Symbolic,Paradox,meta-llama/Llama-3.2-3B-Instruct,9,0.7,1.0,Unknown|Paradox|False|True,B,B,Paradox,B,Paradox,Paradox,False,True,True,0.8093726395793707,0.6696431144579865,-3.804687498523251,0.02226459416647318,-2.679687499799332,0.06857977799837944,-2.304687499281084,0.09978298825577667,-0.21142578117603605,0.8093726395793707,-2.304687499281084,0.09978298825577667,-0.21142578117603605,0.8093726395793707,-2.679687499799332,0.06857977799837944,-3.804687498523251,0.02226459416647318
P09_artificial,P09,artificial,Paradox,Vorbian Plort ledger,Paradox,meta-llama/Llama-3.2-3B-Instruct,0,0.7,1.0,Paradox|True|False|Unknown,B,B,True,C,False,True,False,False,False,0.5317081497887491,1.1259429581956253,-1.2880859370361515,0.27584655433204947,-0.6318359373956701,0.5317081497887491,-2.849609373571307,0.057877071939288156,-2.0058593739562567,0.1345682239399132,-2.0058593739562567,0.1345682239399132,-1.2880859370361515,0.27584655433204947,-0.6318359373956701,0.5317081497887491,-2.849609373571307,0.057877071939288156
P09_artificial,P09,artificial,Paradox,Vorbian Plort ledger,Paradox,meta-llama/Llama-3.2-3B-Instruct,1,0.7,1.0,Paradox|True|Unknown|False,D,D,False,D,False,False,False,False,False,0.44514253239877954,1.2686555780283058,-1.3095703119591033,0.26999259392909986,-0.8095703122817632,0.44514253239877954,-1.997070311933594,0.13576080204929994,-1.9033203112910737,0.14910407162282072,-1.9033203112910737,0.14910407162282072,-1.3095703119591033,0.26999259392909986,-1.997070311933594,0.13576080204929994,-0.8095703122817632,0.44514253239877954
P09_artificial,P09,artificial,Paradox,Vorbian Plort ledger,Paradox,meta-llama/Llama-3.2-3B-Instruct,2,0.7,1.0,Paradox|False|True|Unknown,A,A,Paradox,B,False,Paradox,False,True,False,0.7724766585513873,0.7858427968338515,-2.539062499615183,0.07893272706980485,-0.25805664037599696,0.7724766585513873,-2.664062499031447,0.06965788719231981,-2.53906249813692,0.07893272718648815,-2.53906249813692,0.07893272718648815,-0.25805664037599696,0.7724766585513873,-2.539062499615183,0.07893272706980485,-2.664062499031447,0.06965788719231981
P09_artificial,P09,artificial,Paradox,Vorbian Plort ledger,Paradox,meta-llama/Llama-3.2-3B-Instruct,3,0.7,1.0,Paradox|False|Unknown|True,B,B,False,B,False,False,False,False,False,0.7949104967657404,0.7257534757777395,-3.072265624102625,0.04630889311011604,-0.2293701169312352,0.7949104967657404,-2.416015624167807,0.08926272775534656,-2.6660156228178895,0.06951788236879693,-2.6660156228178895,0.06951788236879693,-0.2293701169312352,0.7949104967657404,-2.416015624167807,0.08926272775534656,-3.072265624102625,0.04630889311011604
P09_artificial,P09,artificial,Paradox,Vorbian Plort ledger,Paradox,meta-llama/Llama-3.2-3B-Instruct,4,0.7,1.0,Paradox|Unknown|True|False,A,A,Paradox,B,Unknown,Paradox,False,True,False,0.5018346549128545,1.1552073574305526,-2.5957031243012536,0.07459106238243499,-1.189453124557763,0.30437810425516515,-0.6894531243744704,0.5018346549128545,-2.126953122997266,0.11919617844954528,-2.126953122997266,0.11919617844954528,-0.6894531243744704,0.5018346549128545,-2.5957031243012536,0.07459106238243499,-1.189453124557763,0.30437810425516515
P09_artificial,P09,artificial,Paradox,Vorbian Plort ledger,Paradox,meta-llama/Llama-3.2-3B-Instruct,5,0.7,1.0,Paradox|Unknown|False|True,B,B,Unknown,C,False,Unknown,False,False,False,0.5404490661827658,0.9897480829725428,-3.55273437316883,0.02864275122155466,-0.6152343748432971,0.5404490661827658,-1.0214843744306565,0.36001669249687335,-2.6464843733335752,0.07089149009880626,-2.6464843733335752,0.07089149009880626,-1.0214843744306565,0.36001669249687335,-0.6152343748432971,0.5404490661827658,-3.55273437316883,0.02864275122155466
P09_artificial,P09,artificial,Paradox,Vorbian Plort ledger,Paradox,meta-llama/Llama-3.2-3B-Instruct,6,0.7,1.0,True|False|Unknown|Paradox,B,B,False,B,False,False,False,False,False,0.6207704152875755,0.9715111772300132,-2.945312496573912,0.05258629086331364,-0.4768066404259863,0.6207704152875755,-1.3203124996963977,0.2670552197810649,-2.8203124978533625,0.05958807406804605,-2.945312496573912,0.05258629086331364,-0.4768066404259863,0.6207704152875755,-1.3203124996963977,0.2670552197810649,-2.8203124978533625,0.05958807406804605
P09_artificial,P09,artificial,Paradox,Vorbian Plort ledger,Paradox,meta-llama/Llama-3.2-3B-Instruct,7,0.7,1.0,True|False|Paradox|Unknown,B,B,False,B,False,False,False,False,False,0.5458999697708715,0.9249749791171029,-3.2929687459775083,0.03714895929949443,-0.6054687498634681,0.5458999697708715,-3.5117187477016993,0.02985002733473277,-0.9492187497653355,0.38710104359490116,-3.2929687459775083,0.03714895929949443,-0.6054687498634681,0.5458999697708715,-0.9492187497653355,0.38710104359490116,-3.5117187477016993,0.02985002733473277
P09_artificial,P09,artificial,Paradox,Vorbian Plort ledger,Paradox,meta-llama/Llama-3.2-3B-Instruct,8,0.7,1.0,True|Unknown|False|Paradox,C,C,False,C,False,False,False,False,False,0.6939078219482605,0.8357678737329495,-3.3339843714724426,0.035652999270849306,-0.3654785155284872,0.6939078219482605,-1.4589843745183113,0.23248675863434554,-3.2714843720277935,0.037952420146544645,-3.3339843714724426,0.035652999270849306,-1.4589843745183113,0.23248675863434554,-0.3654785155284872,0.6939078219482605,-3.2714843720277935,0.037952420146544645
P09_artificial,P09,artificial,Paradox,Vorbian Plort ledger,Paradox,meta-llama/Llama-3.2-3B-Instruct,9,0.7,1.0,True|Unknown|Paradox|False,B,B,Unknown,B,Unknown,Unknown,False,False,False,0.3479741331914545,1.251553398125731,-2.8691406219222437,0.05674976908240638,-1.2119140620396294,0.297638048879254,-1.0556640621407345,0.3479741331914545,-1.211914062148382,0.2976380488468851,-2.8691406219222437,0.05674976908240638,-1.0556640621407345,0.3479741331914545,-1.211914062148382,0.2976380488468851,-1.2119140620396294,0.297638048879254
P09_belief_violating,P09,belief_violating,Paradox,Counterfactual contradiction,Paradox,meta-llama/Llama-3.2-3B-Instruct,0,0.7,1.0,True|Paradox|False|Unknown,C,C,False,A,True,False,False,False,False,0.6902936964135256,0.7887920790044908,-0.3706054687237341,0.6902936964135256,-1.3701171874425033,0.25406888607954653,-4.7460937474446565,0.00868527336981406,-3.0585937495955635,0.04695214413711382,-0.3706054687237341,0.6902936964135256,-3.0585937495955635,0.04695214413711382,-1.3701171874425033,0.25406888607954653,-4.7460937474446565,0.00868527336981406
P09_belief_violating,P09,belief_violating,Paradox,Counterfactual contradiction,Paradox,meta-llama/Llama-3.2-3B-Instruct,1,0.7,1.0,True|Paradox|Unknown|False,A,A,True,A,True,True,False,False,False,0.8630129973456956,0.5394064676042625,-0.14721679685674283,0.8630129973456956,-2.6777343746867612,0.0687111972651762,-3.67773437465045,0.02527743685305162,-3.1464843745299493,0.042998368536076616,-0.14721679685674283,0.8630129973456956,-3.1464843745299493,0.042998368536076616,-3.67773437465045,0.02527743685305162,-2.6777343746867612,0.0687111972651762
P09_belief_violating,P09,belief_violating,Paradox,Counterfactual contradiction,Paradox,meta-llama/Llama-3.2-3B-Instruct,2,0.7,1.0,False|True|Unknown|Paradox,B,B,True,B,True,True,False,False,False,0.9638582311978157,0.17646746569363075,-0.036804199206882604,0.9638582311978157,-3.599609374260654,0.02733421039406618,-4.753906249499991,0.00861790633350217,-8.570312491654237,0.0001896520746159826,-3.599609374260654,0.02733421039406618,-0.036804199206882604,0.9638582311978157,-4.753906249499991,0.00861790633350217,-8.570312491654237,0.0001896520746159826
P09_belief_violating,P09,belief_violating,Paradox,Counterfactual contradiction,Paradox,meta-llama/Llama-3.2-3B-Instruct,3,0.7,1.0,False|True|Paradox|Unknown,B,B,True,B,True,True,False,False,False,0.966650363805712,0.16767970248925954,-0.03390502928830896,0.966650363805712,-3.6269531243081623,0.0265967430647368,-5.722656248744605,0.003270966943843764,-5.660156249123075,0.0034819261857073716,-3.6269531243081623,0.0265967430647368,-0.03390502928830896,0.966650363805712,-5.660156249123075,0.0034819261857073716,-5.722656248744605,0.003270966943843764
P09_belief_violating,P09,belief_violating,Paradox,Counterfactual contradiction,Paradox,meta-llama/Llama-3.2-3B-Instruct,4,0.7,1.0,False|Unknown|True|Paradox,C,C,True,C,True,True,False,False,False,0.9547062190225182,0.21682324677965611,-0.04638671873045719,0.9547062190225182,-3.8906249993307305,0.020433289079281148,-3.703124999126888,0.02464725138761645,-8.453124980443931,0.0002132405105843128,-3.8906249993307305,0.020433289079281148,-3.703124999126888,0.02464725138761645,-0.04638671873045719,0.9547062190225182,-8.453124980443931,0.0002132405105843128
P09_belief_violating,P09,belief_violating,Paradox,Counterfactual contradiction,Paradox,meta-llama/Llama-3.2-3B-Instruct,5,0.7,1.0,False|Unknown|Paradox|True,D,D,True,D,True,True,False,False,False,0.9122876306324621,0.3704592905270583,-0.09179687499434097,0.9122876306324621,-3.1230468748724256,0.04402269625651271,-3.2167968748433635,0.04008312107860576,-5.624999999552952,0.0036065520324195318,-3.1230468748724256,0.04402269625651271,-3.2167968748433635,0.04008312107860576,-5.624999999552952,0.0036065520324195318,-0.09179687499434097,0.9122876306324621
P09_belief_violating,P09,belief_violating,Paradox,Counterfactual contradiction,Paradox,meta-llama/Llama-3.2-3B-Instruct,6,0.7,1.0,False|Paradox|True|Unknown,C,C,True,C,True,True,False,False,False,0.9493792499567284,0.2423161737718556,-0.05200195310268385,0.9493792499567284,-3.5527343745786677,0.028647779289544453,-6.082031244715605,0.002283659176156887,-3.9277343740354134,0.01968931157757026,-3.5527343745786677,0.028647779289544453,-3.9277343740354134,0.01968931157757026,-0.05200195310268385,0.9493792499567284,-6.082031244715605,0.002283659176156887
P09_belief_violating,P09,belief_violating,Paradox,Counterfactual contradiction,Paradox,meta-llama/Llama-3.2-3B-Instruct,7,0.7,1.0,False|Paradox|Unknown|True,D,D,True,D,True,True,False,False,False,0.9105573124393319,0.3817313746595845,-0.09368896483757383,0.9105573124393319,-3.0937499998681743,0.04533121229090881,-5.031249999612092,0.006530580315805461,-3.281249999805025,0.03758089495395387,-3.0937499998681743,0.04533121229090881,-3.281249999805025,0.03758089495395387,-5.031249999612092,0.006530580315805461,-0.09368896483757383,0.9105573124393319
P09_belief_violating,P09,belief_violating,Paradox,Counterfactual contradiction,Paradox,meta-llama/Llama-3.2-3B-Instruct,8,0.7,1.0,Unknown|True|False|Paradox,C,C,False,B,True,False,False,False,False,0.5495079930570211,0.7335916572392703,-0.5986328124727156,0.5495079930570211,-0.8173828124700948,0.4415420768450453,-4.7539062479943395,0.00861711105672594,-8.007812488769755,0.00033281904120767273,-4.7539062479943395,0.00861711105672594,-0.5986328124727156,0.5495079930570211,-0.8173828124700948,0.4415420768450453,-8.007812488769755,0.00033281904120767273
P09_belief_violating,P09,belief_violating,Paradox,Counterfactual contradiction,Paradox,meta-llama/Llama-3.2-3B-Instruct,9,0.7,1.0,Unknown|True|Paradox|False,B,B,True,B,True,True,False,False,False,0.8567301575777136,0.48746158586930655,-0.15466308593008682,0.8567301575777136,-2.123046874935582,0.11967015039990032,-3.998046874437512,0.018352011956044904,-5.249999999493976,0.005247680066341009,-3.998046874437512,0.018352011956044904,-0.15466308593008682,0.8567301575777136,-5.249999999493976,0.005247680066341009,-2.123046874935582,0.11967015039990032
P09_familiar,P09,familiar,Paradox,Lamp report,Paradox,meta-llama/Llama-3.2-3B-Instruct,0,0.7,1.0,Unknown|False|True|Paradox,B,B,False,B,False,False,False,False,False,0.9189751833377033,0.35622445139322595,-4.085937498537251,0.016809031739910843,-0.08459472604957607,0.9189751833377033,-2.990234367295735,0.05028060804161602,-4.273437489928449,0.01393517688076982,-2.990234367295735,0.05028060804161602,-0.08459472604957607,0.9189751833377033,-4.085937498537251,0.016809031739910843,-4.273437489928449,0.01393517688076982
P09_familiar,P09,familiar,Paradox,Lamp report,Paradox,meta-llama/Llama-3.2-3B-Instruct,1,0.7,1.0,Unknown|False|Paradox|True,B,B,False,B,False,False,False,False,False,0.9122435804688921,0.3699134478645928,-3.6855468729023246,0.025086758208299247,-0.09197998014697206,0.9122435804688921,-2.8730468702897176,0.05653388246850967,-5.093749995687171,0.006135778854299081,-2.8730468702897176,0.05653388246850967,-0.09197998014697206,0.9122435804688921,-5.093749995687171,0.006135778854299081,-3.6855468729023246,0.025086758208299247
P09_familiar,P09,familiar,Paradox,Lamp report,Paradox,meta-llama/Llama-3.2-3B-Instruct,2,0.7,1.0,Unknown|Paradox|True|False,D,D,False,B,Paradox,False,False,False,True,0.45029291790368986,1.1358819807735827,-3.580078122596992,0.027873369590255225,-1.079101560958986,0.33989892692717055,-1.7041015587616326,0.18193478557888423,-0.7978515609539274,0.45029291790368986,-1.7041015587616326,0.18193478557888423,-0.7978515609539274,0.45029291790368986,-3.580078122596992,0.027873369590255225,-1.079101560958986,0.33989892692717055
P09_familiar,P09,familiar,Paradox,Lamp report,Paradox,meta-llama/Llama-3.2-3B-Instruct,3,0.7,1.0,Unknown|Paradox|False|True,C,C,False,C,False,False,False,False,False,0.7238055905369052,0.8392722931915572,-3.699218745847881,0.024749131980714066,-0.32348632779172526,0.7238055905369052,-2.3554687480398835,0.09487311950179145,-1.8544921856843144,0.15657215798058924,-2.3554687480398835,0.09487311950179145,-1.8544921856843144,0.15657215798058924,-0.32348632779172526,0.7238055905369052,-3.699218745847881,0.024749131980714066
P09_familiar,P09,familiar,Paradox,Lamp report,Paradox,meta-llama/Llama-3.2-3B-Instruct,4,0.7,1.0,Paradox|True|False|Unknown,A,A,Paradox,C,False,Paradox,False,True,False,0.3798967728880938,1.231184827452234,-1.093749998861257,0.33509406556167765,-0.9682617184705342,0.3798967728880938,-2.90624999631353,0.05470260259226368,-1.4687499975111236,0.23030655895796476,-1.4687499975111236,0.23030655895796476,-1.093749998861257,0.33509406556167765,-0.9682617184705342,0.3798967728880938,-2.90624999631353,0.05470260259226368
P09_familiar,P09,familiar,Paradox,Lamp report,Paradox,meta-llama/Llama-3.2-3B-Instruct,5,0.7,1.0,Paradox|True|Unknown|False,B,B,True,D,False,True,False,False,False,0.6083769575934657,1.017120896740538,-1.5595703110333294,0.21024945084220342,-0.49707031206537744,0.6083769575934657,-3.591796872384787,0.027551807062978887,-1.8720703091626751,0.1538217845013521,-1.8720703091626751,0.1538217845013521,-1.5595703110333294,0.21024945084220342,-3.591796872384787,0.027551807062978887,-0.49707031206537744,0.6083769575934657
P09_familiar,P09,familiar,Paradox,Lamp report,Paradox,meta-llama/Llama-3.2-3B-Instruct,6,0.7,1.0,Paradox|False|True|Unknown,B,B,False,B,False,False,False,False,False,0.920551670514657,0.3503185648528049,-4.519531248383021,0.010894592772571732,-0.08282470642740525,0.920551670514657,-3.925781245874339,0.019727559011620155,-3.0195312412857556,0.04882617770115112,-3.0195312412857556,0.04882617770115112,-0.08282470642740525,0.920551670514657,-4.519531248383021,0.010894592772571732,-3.925781245874339,0.019727559011620155
P09_familiar,P09,familiar,Paradox,Lamp report,Paradox,meta-llama/Llama-3.2-3B-Instruct,7,0.7,1.0,Paradox|False|Unknown|True,B,B,False,B,False,False,False,False,False,0.9214010483915862,0.35618295350128554,-3.6445312479547907,0.026136540557846255,-0.08197021421491524,0.9214010483915862,-4.238281246462512,0.014433968583395247,-3.2695312388120117,0.03802844246717236,-3.2695312388120117,0.03802844246717236,-0.08197021421491524,0.9214010483915862,-4.238281246462512,0.014433968583395247,-3.6445312479547907,0.026136540557846255
P09_familiar,P09,familiar,Paradox,Lamp report,Paradox,meta-llama/Llama-3.2-3B-Instruct,8,0.7,1.0,Paradox|Unknown|True|False,A,A,Paradox,D,False,Paradox,False,True,False,0.45278862530115466,1.051853327287852,-3.8867187477933736,0.020515631871468737,-0.7924804679026467,0.45278862530115466,-0.8862304666877683,0.4122687353525796,-2.1679687432662424,0.11442700747479706,-2.1679687432662424,0.11442700747479706,-0.8862304666877683,0.4122687353525796,-3.8867187477933736,0.020515631871468737,-0.7924804679026467,0.45278862530115466
P09_familiar,P09,familiar,Paradox,Lamp report,Paradox,meta-llama/Llama-3.2-3B-Instruct,9,0.7,1.0,Paradox|Unknown|False|True,C,C,False,C,False,False,False,False,False,0.6644856511847657,0.8816774157357257,-3.4394531219443936,0.03208843578083636,-0.4089355466050997,0.6644856511847657,-1.3779296855837688,0.2521487385010804,-2.9707031188336916,0.05127717453331761,-2.9707031188336916,0.05127717453331761,-1.3779296855837688,0.2521487385010804,-0.4089355466050997,0.6644856511847657,-3.4394531219443936,0.03208843578083636
