puzzle_id,template_id,variant_type,category,domain_label,gold_label,model_name,seed,temperature,top_p,option_order,raw_output,sampled_letter,sampled_label,argmax_letter,argmax_label,parsed_label,is_invalid,correct_sampled,correct_argmax,max_prob,entropy_nats,logprob_True,prob_True,logprob_False,prob_False,logprob_Unknown,prob_Unknown,logprob_Paradox,prob_Paradox,logprob_A,prob_A,logprob_B,prob_B,logprob_C,prob_C,logprob_D,prob_D
P01_abstract,P01,abstract,Transitive,Symbolic,False,Qwen/Qwen2.5-3B-Instruct,0,0.7,1.0,True|False|Unknown|Paradox,B,B,False,B,False,False,False,True,True,0.9840871550409594,0.08167479020799956,-23.48437499999967,6.32213644787098e-11,-0.0160369873046875,0.9840871550409594,-4.140625,0.015912841943364214,-19.640625,2.952454949639122e-09,-23.48437499999967,6.32213644787098e-11,-0.0160369873046875,0.9840871550409594,-4.140625,0.015912841943364214,-19.640625,2.952454949639122e-09
P01_abstract,P01,abstract,Transitive,Symbolic,False,Qwen/Qwen2.5-3B-Instruct,1,0.7,1.0,True|False|Paradox|Unknown,B,B,False,B,False,False,False,True,True,0.9944358792017284,0.03443429451644869,-22.593749999999925,1.5404748757497601e-10,-0.0055694580078125,0.9944358792017284,-5.19140625,0.00556411993191582,-21.06249999999999,7.123083658504231e-10,-22.593749999999925,1.5404748757497601e-10,-0.0055694580078125,0.9944358792017284,-21.06249999999999,7.123083658504231e-10,-5.19140625,0.00556411993191582
P01_abstract,P01,abstract,Transitive,Symbolic,False,Qwen/Qwen2.5-3B-Instruct,2,0.7,1.0,True|Unknown|False|Paradox,C,C,False,C,False,False,False,True,True,0.9999501234992249,0.0005440826828496659,-22.78124999999946,1.2771114928780558e-10,-4.982948303222656e-05,0.9999501234992249,-9.90625,4.986206582273214e-05,-18.0625,1.4307241228077075e-08,-22.78124999999946,1.2771114928780558e-10,-9.90625,4.986206582273214e-05,-4.982948303222656e-05,0.9999501234992249,-18.0625,1.4307241228077075e-08
P01_abstract,P01,abstract,Transitive,Symbolic,False,Qwen/Qwen2.5-3B-Instruct,3,0.7,1.0,True|Unknown|Paradox|False,D,D,False,D,False,False,False,True,True,0.9999936585370733,8.225854607964974e-05,-24.71874999999935,1.8398535932043937e-11,-6.318092346191406e-06,0.9999936585370733,-11.96875,6.339250441541499e-06,-19.93749999999999,2.194086558743148e-09,-24.71874999999935,1.8398535932043937e-11,-11.96875,6.339250441541499e-06,-19.93749999999999,2.194086558743148e-09,-6.318092346191406e-06,0.9999936585370733
P01_abstract,P01,abstract,Transitive,Symbolic,False,Qwen/Qwen2.5-3B-Instruct,4,0.7,1.0,True|Paradox|False|Unknown,D,D,Unknown,D,Unknown,Unknown,False,False,False,0.9723979100999726,0.12630567209225896,-20.81249999999849,9.146123282478778e-10,-3.589843749999999,0.027602068168934502,-0.0279693603515625,0.9723979100999726,-17.68749999999996,2.0816480642137312e-08,-20.81249999999849,9.146123282478778e-10,-17.68749999999996,2.0816480642137312e-08,-3.589843749999999,0.027602068168934502,-0.0279693603515625,0.9723979100999726
P01_abstract,P01,abstract,Transitive,Symbolic,False,Qwen/Qwen2.5-3B-Instruct,5,0.7,1.0,True|Paradox|Unknown|False,D,D,False,D,False,False,False,True,True,0.9999984941071491,2.1695999060674035e-05,-25.468749999998963,8.690853577881797e-12,-1.5497207641601562e-06,0.9999984941071491,-13.40625,1.505704058535791e-06,-22.437499999999986,1.8010160426112e-10,-25.468749999998963,8.690853577881797e-12,-22.437499999999986,1.8010160426112e-10,-13.40625,1.505704058535791e-06,-1.5497207641601562e-06,0.9999984941071491
P01_abstract,P01,abstract,Transitive,Symbolic,False,Qwen/Qwen2.5-3B-Instruct,6,0.7,1.0,False|True|Unknown|Paradox,A,A,False,A,False,False,False,True,True,0.7772894128546719,0.5304615068200068,-11.218749999999998,1.3420335882260765e-05,-0.251953125,0.7772894128546719,-1.501953125,0.2226971453315042,-17.65625,2.1477941649955747e-08,-0.251953125,0.7772894128546719,-11.218749999999998,1.3420335882260765e-05,-1.501953125,0.2226971453315042,-17.65625,2.1477941649955747e-08
P01_abstract,P01,abstract,Transitive,Symbolic,False,Qwen/Qwen2.5-3B-Instruct,7,0.7,1.0,False|True|Paradox|Unknown,D,D,Unknown,D,Unknown,Unknown,False,False,False,0.962634386323617,0.15952830642708235,-12.226562499999998,4.898464935053516e-06,-3.287109375,0.03736071396132781,-0.038055419921875,0.962634386323617,-20.49999999999997,1.2501201372003696e-09,-3.287109375,0.03736071396132781,-12.226562499999998,4.898464935053516e-06,-20.49999999999997,1.2501201372003696e-09,-0.038055419921875,0.962634386323617
P01_abstract,P01,abstract,Transitive,Symbolic,False,Qwen/Qwen2.5-3B-Instruct,8,0.7,1.0,False|Unknown|True|Paradox,B,B,Unknown,B,Unknown,Unknown,False,False,False,0.9796840150303899,0.09929160830291385,-12.8984375,2.5019894492003293e-06,-3.896484375,0.02031346651241006,-0.020538330078125,0.9796840150303899,-17.921875,1.6467750843745535e-08,-3.896484375,0.02031346651241006,-0.020538330078125,0.9796840150303899,-12.8984375,2.5019894492003293e-06,-17.921875,1.6467750843745535e-08
P01_abstract,P01,abstract,Transitive,Symbolic,False,Qwen/Qwen2.5-3B-Instruct,9,0.7,1.0,False|Unknown|Paradox|True,B,B,Unknown,B,Unknown,Unknown,False,False,False,0.6224507789948723,0.663005772325636,-11.1953125,1.3738861568116763e-05,-0.97412109375,0.3775354816224025,-0.47412109375,0.6224507789948723,-21.374999999999968,5.211570761372867e-10,-0.97412109375,0.3775354816224025,-0.47412109375,0.6224507789948723,-21.374999999999968,5.211570761372867e-10,-11.1953125,1.3738861568116763e-05
P01_artificial,P01,artificial,Transitive,Vorbian station,False,Qwen/Qwen2.5-3B-Instruct,0,0.7,1.0,False|Paradox|True|Unknown,D,D,Unknown,D,Unknown,Unknown,False,False,False,0.9998686221178922,0.001305644702715255,-18.56249999999999,8.677780724414464e-09,-8.9375,0.00013136905027807518,-0.00013136863708496094,0.9998686221178922,-22.59374999999987,1.540490561401051e-10,-8.9375,0.00013136905027807518,-22.59374999999987,1.540490561401051e-10,-18.56249999999999,8.677780724414464e-09,-0.00013136863708496094,0.9998686221178922
P01_artificial,P01,artificial,Transitive,Vorbian station,False,Qwen/Qwen2.5-3B-Instruct,1,0.7,1.0,False|Paradox|Unknown|True,A,A,False,A,False,False,False,True,True,0.9996489516372751,0.0031693865249208413,-12.21875,4.937012544149731e-06,-0.00035095214843727796,0.9996489516372751,-7.96875,0.00034611130016838735,-23.71874999999987,5.0012399169857286e-11,-0.00035095214843727796,0.9996489516372751,-23.71874999999987,5.0012399169857286e-11,-7.96875,0.00034611130016838735,-12.21875,4.937012544149731e-06
P01_artificial,P01,artificial,Transitive,Vorbian station,False,Qwen/Qwen2.5-3B-Instruct,2,0.7,1.0,Unknown|True|False|Paradox,C,C,False,C,False,False,False,True,True,0.9999999308157227,1.239781109368405e-06,-18.343749999999996,1.0799672048204556e-08,2.2204460492503128e-16,0.9999999308157227,-26.874999999933745,2.129785023749245e-12,-16.656249999999996,5.838247550086853e-08,-26.874999999933745,2.129785023749245e-12,-18.343749999999996,1.0799672048204556e-08,2.2204460492503128e-16,0.9999999308157227,-16.656249999999996,5.838247550086853e-08
P01_artificial,P01,artificial,Transitive,Vorbian station,False,Qwen/Qwen2.5-3B-Instruct,3,0.7,1.0,Unknown|True|Paradox|False,D,D,False,D,False,False,False,True,True,0.9999999846303729,2.92761936882374e-07,-17.999999999999996,1.5229979510633572e-08,2.2204460492503128e-16,0.9999999846303729,-23.937499999992568,4.0186097423198314e-11,-23.031249999999826,9.94615463437438e-11,-23.937499999992568,4.0186097423198314e-11,-17.999999999999996,1.5229979510633572e-08,-23.031249999999826,9.94615463437438e-11,2.2204460492503128e-16,0.9999999846303729
P01_artificial,P01,artificial,Transitive,Vorbian station,False,Qwen/Qwen2.5-3B-Instruct,4,0.7,1.0,Unknown|False|True|Paradox,B,B,False,B,False,False,False,True,True,0.9999996659416325,5.359319148179035e-06,-14.9375,3.2563133281925847e-07,-3.5762786843029915e-07,0.9999996659416325,-18.843749999999986,6.550332819645407e-09,-20.09375,1.876701773859117e-09,-18.843749999999986,6.550332819645407e-09,-3.5762786843029915e-07,0.9999996659416325,-14.9375,3.2563133281925847e-07,-20.09375,1.876701773859117e-09
P01_artificial,P01,artificial,Transitive,Vorbian station,False,Qwen/Qwen2.5-3B-Instruct,5,0.7,1.0,Unknown|False|Paradox|True,B,B,False,B,False,False,False,True,True,0.99999996074759,7.272883934874832e-07,-18.78125,6.972792552536451e-09,2.2204460492503128e-16,0.99999996074759,-17.25,3.224186610699634e-08,-23.99999999999999,3.7751343960960086e-11,-17.25,3.224186610699634e-08,2.2204460492503128e-16,0.99999996074759,-23.99999999999999,3.7751343960960086e-11,-18.78125,6.972792552536451e-09
P01_artificial,P01,artificial,Transitive,Vorbian station,False,Qwen/Qwen2.5-3B-Instruct,6,0.7,1.0,Unknown|Paradox|True|False,D,D,False,D,False,False,False,True,True,0.999999999456644,1.243215501021236e-08,-22.96874999999996,1.0587626652805308e-10,2.2204460492503128e-16,0.999999999456644,-25.937499999990454,5.438596957588264e-12,-21.56249999999997,4.3204126969611634e-10,-25.937499999990454,5.438596957588264e-12,-21.56249999999997,4.3204126969611634e-10,-22.96874999999996,1.0587626652805308e-10,2.2204460492503128e-16,0.999999999456644
P01_artificial,P01,artificial,Transitive,Vorbian station,False,Qwen/Qwen2.5-3B-Instruct,7,0.7,1.0,Unknown|Paradox|False|True,C,C,False,C,False,False,False,True,True,0.9999999920793542,1.5581101304717678e-07,-18.656249999999996,7.901209342021425e-09,2.2204460492503128e-16,0.9999999920793542,-27.593749999912227,1.0379743859553896e-12,-24.718749999999883,1.8398536216660255e-11,-27.593749999912227,1.0379743859553896e-12,-24.718749999999883,1.8398536216660255e-11,2.2204460492503128e-16,0.9999999920793542,-18.656249999999996,7.901209342021425e-09
P01_artificial,P01,artificial,Transitive,Vorbian station,False,Qwen/Qwen2.5-3B-Instruct,8,0.7,1.0,Paradox|True|False|Unknown,C,C,False,C,False,False,False,True,True,0.9975308983502859,0.017290354688267905,-19.249999999999975,4.3634778899506126e-09,-0.002475738525390403,0.9975308983502859,-6.00390625,0.0024690972860382707,-29.249999999085368,1.9810158990509856e-13,-29.249999999085368,1.9810158990509856e-13,-19.249999999999975,4.3634778899506126e-09,-0.002475738525390403,0.9975308983502859,-6.00390625,0.0024690972860382707
P01_artificial,P01,artificial,Transitive,Vorbian station,False,Qwen/Qwen2.5-3B-Instruct,9,0.7,1.0,Paradox|True|Unknown|False,D,D,False,D,False,False,False,True,True,0.9999999988823873,2.4522697236570214e-08,-22.906249999999996,1.1270469898529751e-10,0.0,0.9999999988823873,-20.718749999999993,1.004526047581168e-09,-28.593749999980414,3.818494396272369e-13,-28.593749999980414,3.818494396272369e-13,-22.906249999999996,1.1270469898529751e-10,-20.718749999999993,1.004526047581168e-09,0.0,0.9999999988823873
P01_belief_violating,P01,belief_violating,Transitive,Counterfactual chain,False,Qwen/Qwen2.5-3B-Instruct,0,0.7,1.0,Paradox|False|True|Unknown,B,B,False,B,False,False,False,True,True,0.8267279136957737,0.461057549838209,-13.312499999999998,1.6537385835700617e-06,-0.19030761718749978,0.8267279136957737,-1.7529296874999998,0.17327043231946612,-22.124999999999023,2.4617658189992906e-10,-22.124999999999023,2.4617658189992906e-10,-0.19030761718749978,0.8267279136957737,-13.312499999999998,1.6537385835700617e-06,-1.7529296874999998,0.17327043231946612
P01_belief_violating,P01,belief_violating,Transitive,Counterfactual chain,False,Qwen/Qwen2.5-3B-Instruct,1,0.7,1.0,Paradox|False|Unknown|True,B,B,False,B,False,False,False,True,True,0.9840867267747946,0.08168154624355475,-14.640625,4.381829754904806e-07,-0.0160369873046875,0.9840867267747946,-4.140625,0.015912835018233897,-24.453124999999204,2.399611289174449e-11,-24.453124999999204,2.399611289174449e-11,-0.0160369873046875,0.9840867267747946,-4.140625,0.015912835018233897,-14.640625,4.381829754904806e-07
P01_belief_violating,P01,belief_violating,Transitive,Counterfactual chain,False,Qwen/Qwen2.5-3B-Instruct,2,0.7,1.0,Paradox|Unknown|True|False,D,D,False,D,False,False,False,True,True,0.9999999913387666,1.714127085074612e-07,-21.406249999999996,5.051074138078106e-10,2.2204460492503128e-16,0.9999999913387666,-18.625,8.152020643863614e-09,-26.21874999999924,4.105268329482418e-12,-26.21874999999924,4.105268329482418e-12,-18.625,8.152020643863614e-09,-21.406249999999996,5.051074138078106e-10,2.2204460492503128e-16,0.9999999913387666
P01_belief_violating,P01,belief_violating,Transitive,Counterfactual chain,False,Qwen/Qwen2.5-3B-Instruct,3,0.7,1.0,Paradox|Unknown|False|True,C,C,False,C,False,False,False,True,True,0.9999999990804582,2.0662370543381458e-08,-21.281249999999993,5.723616890199556e-10,2.2204460492503128e-16,0.9999999990804582,-21.781249999999996,3.4715491283550963e-10,-31.31249999995446,2.5185700526464408e-14,-31.31249999995446,2.5185700526464408e-14,-21.781249999999996,3.4715491283550963e-10,2.2204460492503128e-16,0.9999999990804582,-21.281249999999993,5.723616890199556e-10
P01_belief_violating,P01,belief_violating,Transitive,Counterfactual chain,False,Qwen/Qwen2.5-3B-Instruct,4,0.7,1.0,True|False|Unknown|Paradox,B,B,False,B,False,False,False,True,True,0.9999994103550409,9.047400708500559e-06,-26.968749999999524,1.939191478083088e-12,-5.960464475318616e-07,0.9999994103550409,-14.34375,5.896421593650759e-07,-27.781249999999996,8.60511002131117e-13,-26.968749999999524,1.939191478083088e-12,-5.960464475318616e-07,0.9999994103550409,-14.34375,5.896421593650759e-07,-27.781249999999996,8.60511002131117e-13
P01_belief_violating,P01,belief_violating,Transitive,Counterfactual chain,False,Qwen/Qwen2.5-3B-Instruct,5,0.7,1.0,True|False|Paradox|Unknown,B,B,False,B,False,False,False,True,True,0.9999999982308012,3.7468941139971705e-08,-26.46874999999998,3.1971862117519006e-12,2.2204460492503128e-16,0.9999999982308012,-20.15625,1.7629981166964937e-09,-26.531249999999993,3.0034784915668246e-12,-26.46874999999998,3.1971862117519006e-12,2.2204460492503128e-16,0.9999999982308012,-26.531249999999993,3.0034784915668246e-12,-20.15625,1.7629981166964937e-09
P01_belief_violating,P01,belief_violating,Transitive,Counterfactual chain,False,Qwen/Qwen2.5-3B-Instruct,6,0.7,1.0,True|Unknown|False|Paradox,C,C,False,C,False,False,False,True,True,0.999999991075237,1.7977328290147355e-07,-25.249999999996902,1.0815941460789485e-11,2.2204460492503128e-16,0.999999991075237,-18.874999999999993,6.348800059382188e-09,-19.781249999999993,2.5651471054263994e-09,-25.249999999996902,1.0815941460789485e-11,-18.874999999999993,6.348800059382188e-09,2.2204460492503128e-16,0.999999991075237,-19.781249999999993,2.5651471054263994e-09
P01_belief_violating,P01,belief_violating,Transitive,Counterfactual chain,False,Qwen/Qwen2.5-3B-Instruct,7,0.7,1.0,True|Unknown|Paradox|False,D,D,False,D,False,False,False,True,True,0.9999999932764987,1.3406754973106062e-07,-26.24999999999489,3.978962509105008e-12,2.2204460492503128e-16,0.9999999932764987,-18.843749999999993,6.550332621216481e-09,-22.49999999999996,1.6918979112397189e-10,-26.24999999999489,3.978962509105008e-12,-18.843749999999993,6.550332621216481e-09,-22.49999999999996,1.6918979112397189e-10,2.2204460492503128e-16,0.9999999932764987
P01_belief_violating,P01,belief_violating,Transitive,Counterfactual chain,False,Qwen/Qwen2.5-3B-Instruct,8,0.7,1.0,True|Paradox|False|Unknown,C,C,False,C,False,False,False,True,True,0.9999957768915074,5.6486677322317944e-05,-23.937499999998895,4.018609599944607e-11,-4.172325134055299e-06,0.9999957768915074,-12.375,4.222851062569307e-06,-22.249999999999968,2.1724398247359213e-10,-23.937499999998895,4.018609599944607e-11,-22.249999999999968,2.1724398247359213e-10,-4.172325134055299e-06,0.9999957768915074,-12.375,4.222851062569307e-06
P01_belief_violating,P01,belief_violating,Transitive,Counterfactual chain,False,Qwen/Qwen2.5-3B-Instruct,9,0.7,1.0,True|Paradox|Unknown|False,D,D,False,D,False,False,False,True,True,0.9999999998138864,4.500763423714675e-09,-25.593749999998234,7.669651025738983e-12,2.2204460492503128e-16,0.9999999998138864,-22.84374999999995,1.1997352767561525e-10,-23.56249999999995,5.847042762511904e-11,-25.593749999998234,7.669651025738983e-12,-23.56249999999995,5.847042762511904e-11,-22.84374999999995,1.1997352767561525e-10,2.2204460492503128e-16,0.9999999998138864
P01_familiar,P01,familiar,Transitive,Robot factory,False,Qwen/Qwen2.5-3B-Instruct,0,0.7,1.0,False|True|Unknown|Paradox,C,C,Unknown,A,False,Unknown,False,False,True,0.5312092867242046,0.6912005754411997,-16.21874999999998,9.044384297690763e-08,-0.6328124999999998,0.5312092867242046,-0.7578125,0.4687905501582828,-16.437499999999996,7.267366948313279e-08,-0.6328124999999998,0.5312092867242046,-16.21874999999998,9.044384297690763e-08,-0.7578125,0.4687905501582828,-16.437499999999996,7.267366948313279e-08
P01_familiar,P01,familiar,Transitive,Robot factory,False,Qwen/Qwen2.5-3B-Instruct,1,0.7,1.0,False|True|Paradox|Unknown,D,D,Unknown,D,Unknown,Unknown,False,False,False,0.9956666057928376,0.027903962025432518,-17.93749999999996,1.6212201728723635e-08,-5.44140625,0.004333377859013138,-0.00434112548828125,0.9956666057928376,-22.718749999999737,1.35947588236541e-10,-5.44140625,0.004333377859013138,-17.93749999999996,1.6212201728723635e-08,-22.718749999999737,1.35947588236541e-10,-0.00434112548828125,0.9956666057928376
P01_familiar,P01,familiar,Transitive,Robot factory,False,Qwen/Qwen2.5-3B-Instruct,2,0.7,1.0,False|Unknown|True|Paradox,B,B,Unknown,A,False,Unknown,False,False,True,0.5312091822843018,0.6912033768779529,-14.882812499999993,3.440085259841409e-07,-0.6328124999999993,0.5312091822843018,-0.7578124999999993,0.46879045799039204,-17.968749999999996,1.571678016486722e-08,-0.6328124999999993,0.5312091822843018,-0.7578124999999993,0.46879045799039204,-14.882812499999993,3.440085259841409e-07,-17.968749999999996,1.571678016486722e-08
P01_familiar,P01,familiar,Transitive,Robot factory,False,Qwen/Qwen2.5-3B-Instruct,3,0.7,1.0,False|Unknown|Paradox|True,A,A,False,A,False,False,False,True,True,0.9579109974142116,0.17452789347742723,-16.890624999999996,4.61842898914428e-08,-0.042999267578124334,0.9579109974142116,-3.167968749999999,0.042088956343934635,-23.57812499999976,5.756386192103882e-11,-0.042999267578124334,0.9579109974142116,-3.167968749999999,0.042088956343934635,-23.57812499999976,5.756386192103882e-11,-16.890624999999996,4.61842898914428e-08
P01_familiar,P01,familiar,Transitive,Robot factory,False,Qwen/Qwen2.5-3B-Instruct,4,0.7,1.0,False|Paradox|True|Unknown,D,D,Unknown,D,Unknown,Unknown,False,False,False,0.9999999066765535,1.6042314017362716e-06,-24.312499999999524,2.7619475054675877e-11,-16.18749999999987,9.329493907681464e-08,-1.1920928955078125e-07,0.9999999066765535,-27.749999999992568,8.878265708346996e-13,-16.18749999999987,9.329493907681464e-08,-27.749999999992568,8.878265708346996e-13,-24.312499999999524,2.7619475054675877e-11,-1.1920928955078125e-07,0.9999999066765535
P01_familiar,P01,familiar,Transitive,Robot factory,False,Qwen/Qwen2.5-3B-Instruct,5,0.7,1.0,False|Paradox|Unknown|True,A,A,False,A,False,False,False,True,True,0.9940932932574102,0.036252583433815704,-11.914062499999998,6.6956596736576184e-06,-0.0059356689453125,0.9940932932574102,-5.1328125,0.005900011072432785,-25.281249999998895,1.048329003791245e-11,-0.0059356689453125,0.9940932932574102,-25.281249999998895,1.048329003791245e-11,-5.1328125,0.005900011072432785,-11.914062499999998,6.6956596736576184e-06
P01_familiar,P01,familiar,Transitive,Robot factory,False,Qwen/Qwen2.5-3B-Instruct,6,0.7,1.0,Unknown|True|False|Paradox,C,C,False,C,False,False,False,True,True,0.9999999594866843,7.587240281112553e-07,-17.562499999999993,2.3588653120540636e-08,2.2204460492503128e-16,0.9999999594866843,-22.34374999999886,1.9780289902309533e-10,-17.906249999999996,1.672685976314654e-08,-22.34374999999886,1.9780289902309533e-10,-17.562499999999993,2.3588653120540636e-08,2.2204460492503128e-16,0.9999999594866843,-17.906249999999996,1.672685976314654e-08
P01_familiar,P01,familiar,Transitive,Robot factory,False,Qwen/Qwen2.5-3B-Instruct,7,0.7,1.0,Unknown|True|Paradox|False,D,D,False,D,False,False,False,True,True,0.9999999774664169,4.254305416049433e-07,-17.687499999999993,2.081691368930211e-08,2.2204460492503128e-16,0.9999999774664169,-20.187499999999744,1.7087563315406086e-09,-25.562499999999712,7.913111706775204e-12,-20.187499999999744,1.7087563315406086e-09,-17.687499999999993,2.081691368930211e-08,-25.562499999999712,7.913111706775204e-12,2.2204460492503128e-16,0.9999999774664169
P01_familiar,P01,familiar,Transitive,Robot factory,False,Qwen/Qwen2.5-3B-Instruct,8,0.7,1.0,Unknown|False|True|Paradox,B,B,False,B,False,False,False,True,True,0.9999623482196656,0.00042134285290259627,-18.187499999999996,1.2626096900468627e-08,-3.7670135497602786e-05,0.9999623482196656,-10.1875,3.763786440061463e-05,-20.46875,1.2898370010215013e-09,-10.1875,3.763786440061463e-05,-3.7670135497602786e-05,0.9999623482196656,-18.187499999999996,1.2626096900468627e-08,-20.46875,1.2898370010215013e-09
P01_familiar,P01,familiar,Transitive,Robot factory,False,Qwen/Qwen2.5-3B-Instruct,9,0.7,1.0,Unknown|False|Paradox|True,B,B,False,B,False,False,False,True,True,0.9982963495511552,0.012563356623504898,-17.15625,3.5410664870271585e-08,-0.0017023086547844901,0.9982963495511552,-6.374999999999999,0.0017036150347765225,-26.406249999999897,3.403377501274545e-12,-6.374999999999999,0.0017036150347765225,-0.0017023086547844901,0.9982963495511552,-26.406249999999897,3.403377501274545e-12,-17.15625,3.5410664870271585e-08
P02_abstract,P02,abstract,Transitive,Symbolic,False,Qwen/Qwen2.5-3B-Instruct,0,0.7,1.0,Unknown|Paradox|True|False,A,A,Unknown,A,Unknown,Unknown,False,False,False,0.982031286772201,0.09008576406325366,-11.890624999999968,6.854541368242073e-06,-4.01953125,0.017961846638213652,-0.018157958984374778,0.982031286772201,-18.234374999999634,1.2048217034569474e-08,-0.018157958984374778,0.982031286772201,-18.234374999999634,1.2048217034569474e-08,-11.890624999999968,6.854541368242073e-06,-4.01953125,0.017961846638213652
P02_abstract,P02,abstract,Transitive,Symbolic,False,Qwen/Qwen2.5-3B-Instruct,1,0.7,1.0,Unknown|Paradox|False|True,A,A,Unknown,A,Unknown,Unknown,False,False,False,0.9848311224446814,0.07973831560492782,-4.203125,0.014948851644640023,-8.42187499999999,0.00022000268763511962,-0.015289306640624778,0.9848311224446814,-17.57812499999965,2.3223043540676393e-08,-0.015289306640624778,0.9848311224446814,-17.57812499999965,2.3223043540676393e-08,-8.42187499999999,0.00022000268763511962,-4.203125,0.014948851644640023
P02_abstract,P02,abstract,Transitive,Symbolic,False,Qwen/Qwen2.5-3B-Instruct,2,0.7,1.0,Paradox|True|False|Unknown,D,D,Unknown,D,Unknown,Unknown,False,False,False,0.9999988538581859,1.7605533249198797e-05,-14.656249999999977,4.313914363384929e-07,-14.156249999999957,7.112442370891674e-07,-1.1920928955078125e-06,0.9999988538581859,-19.468749999998536,3.506140580794167e-09,-19.468749999998536,3.506140580794167e-09,-14.656249999999977,4.313914363384929e-07,-14.156249999999957,7.112442370891674e-07,-1.1920928955078125e-06,0.9999988538581859
P02_abstract,P02,abstract,Transitive,Symbolic,False,Qwen/Qwen2.5-3B-Instruct,3,0.7,1.0,Paradox|True|Unknown|False,D,D,False,D,False,False,False,True,True,0.7548419101082805,0.5578124823765321,-9.249999999999996,9.61119459478789e-05,-0.2812499999999998,0.7548419101082805,-1.4062499999999996,0.24506128858214293,-14.187499999999863,6.893636286431376e-07,-14.187499999999863,6.893636286431376e-07,-9.249999999999996,9.61119459478789e-05,-1.4062499999999996,0.24506128858214293,-0.2812499999999998,0.7548419101082805
P02_abstract,P02,abstract,Transitive,Symbolic,False,Qwen/Qwen2.5-3B-Instruct,4,0.7,1.0,Paradox|False|True|Unknown,D,D,Unknown,D,Unknown,Unknown,False,False,False,0.999987769050415,0.00015068101847904138,-18.499999999999943,9.237450101049652e-09,-11.312499999999996,1.2219225908943854e-05,-1.2278556823730469e-05,0.999987769050415,-19.812499999999265,2.4862259662672317e-09,-19.812499999999265,2.4862259662672317e-09,-11.312499999999996,1.2219225908943854e-05,-18.499999999999943,9.237450101049652e-09,-1.2278556823730469e-05,0.999987769050415
P02_abstract,P02,abstract,Transitive,Symbolic,False,Qwen/Qwen2.5-3B-Instruct,5,0.7,1.0,Paradox|False|Unknown|True,C,C,Unknown,C,Unknown,Unknown,False,False,False,0.977137276553521,0.11713066946254824,-5.9609375,0.0025775052522423346,-3.8984375,0.020273649215678976,-0.023132324218749778,0.977137276553521,-11.367187499999995,1.1568978557684467e-05,-11.367187499999995,1.1568978557684467e-05,-3.8984375,0.020273649215678976,-0.023132324218749778,0.977137276553521,-5.9609375,0.0025775052522423346
P02_abstract,P02,abstract,Transitive,Symbolic,False,Qwen/Qwen2.5-3B-Instruct,6,0.7,1.0,Paradox|Unknown|True|False,B,B,Unknown,B,Unknown,Unknown,False,False,False,0.9755688613475153,0.11501760866455554,-10.867187499999998,1.9074231408682676e-05,-3.712890625,0.02440724170011632,-0.024749755859374778,0.9755688613475153,-12.242187499999996,4.822720959657537e-06,-12.242187499999996,4.822720959657537e-06,-0.024749755859374778,0.9755688613475153,-10.867187499999998,1.9074231408682676e-05,-3.712890625,0.02440724170011632
P02_abstract,P02,abstract,Transitive,Symbolic,False,Qwen/Qwen2.5-3B-Instruct,7,0.7,1.0,Paradox|Unknown|False|True,B,B,Unknown,B,Unknown,Unknown,False,False,False,0.9890454020636686,0.06830817357077527,-5.26171875,0.005186431885199087,-5.16796875,0.005696181070732861,-0.011024475097656028,0.9890454020636686,-9.539062499999998,7.198498039932317e-05,-9.539062499999998,7.198498039932317e-05,-0.011024475097656028,0.9890454020636686,-5.16796875,0.005696181070732861,-5.26171875,0.005186431885199087
P02_abstract,P02,abstract,Transitive,Symbolic,False,Qwen/Qwen2.5-3B-Instruct,8,0.7,1.0,True|False|Unknown|Paradox,C,C,Unknown,C,Unknown,Unknown,False,False,False,0.9284031552426648,0.25777071121126727,-15.109374999999991,2.742064846236738e-07,-2.63671875,0.07159513381159935,-0.07427978515625,0.9284031552426648,-13.453125,1.4367392512942844e-06,-15.109374999999991,2.742064846236738e-07,-2.63671875,0.07159513381159935,-0.07427978515625,0.9284031552426648,-13.453125,1.4367392512942844e-06
P02_abstract,P02,abstract,Transitive,Symbolic,False,Qwen/Qwen2.5-3B-Instruct,9,0.7,1.0,True|False|Paradox|Unknown,D,D,Unknown,D,Unknown,Unknown,False,False,False,0.9465872555189099,0.2084462081910333,-16.56249999999999,6.41192299006648e-08,-2.9296875,0.053412577899622546,-0.05487060546875,0.9465872555189099,-16.093749999999993,1.024622376356006e-07,-16.56249999999999,6.41192299006648e-08,-2.9296875,0.053412577899622546,-16.093749999999993,1.024622376356006e-07,-0.05487060546875,0.9465872555189099
P02_artificial,P02,artificial,Transitive,Plimble feeding,False,Qwen/Qwen2.5-3B-Instruct,0,0.7,1.0,True|Unknown|False|Paradox,C,C,False,C,False,False,False,True,True,0.9977432499628459,0.017379528074606417,-9.156249999999996,0.0001055582964307842,-0.002262115478515625,0.9977432499628459,-6.31640625,0.0018064287756613603,-7.97265625,0.00034476296506197844,-9.156249999999996,0.0001055582964307842,-6.31640625,0.0018064287756613603,-0.002262115478515625,0.9977432499628459,-7.97265625,0.00034476296506197844
P02_artificial,P02,artificial,Transitive,Plimble feeding,False,Qwen/Qwen2.5-3B-Instruct,1,0.7,1.0,True|Unknown|Paradox|False,D,D,False,D,False,False,False,True,True,0.9999429579006714,0.0006178722043880889,-15.06249999999999,2.8736865235479525e-07,-5.710124969482422e-05,0.9999429579006714,-9.78125,5.650112873071795e-05,-15.187499999999995,2.536019456030149e-07,-15.06249999999999,2.8736865235479525e-07,-9.78125,5.650112873071795e-05,-15.187499999999995,2.536019456030149e-07,-5.710124969482422e-05,0.9999429579006714
P02_artificial,P02,artificial,Transitive,Plimble feeding,False,Qwen/Qwen2.5-3B-Instruct,2,0.7,1.0,True|Paradox|False|Unknown,D,D,Unknown,C,False,Unknown,False,False,True,0.4999517085887309,0.6941013148662091,-9.351562499999996,8.683968042133641e-05,-0.6933593749999998,0.4999517085887309,-0.693359375,0.4999517085887308,-11.539062499999995,9.743142117054334e-06,-9.351562499999996,8.683968042133641e-05,-11.539062499999995,9.743142117054334e-06,-0.6933593749999998,0.4999517085887309,-0.693359375,0.4999517085887308
P02_artificial,P02,artificial,Transitive,Plimble feeding,False,Qwen/Qwen2.5-3B-Instruct,3,0.7,1.0,True|Paradox|Unknown|False,D,D,False,D,False,False,False,True,True,0.9999249141289195,0.0007898500925896113,-15.437499999999979,1.9750538506249628e-07,-7.510185241699219e-05,0.9999249141289195,-9.5,7.48518308729192e-05,-17.12499999999999,3.6534822618091355e-08,-15.437499999999979,1.9750538506249628e-07,-17.12499999999999,3.6534822618091355e-08,-9.5,7.48518308729192e-05,-7.510185241699219e-05,0.9999249141289195
P02_artificial,P02,artificial,Transitive,Plimble feeding,False,Qwen/Qwen2.5-3B-Instruct,4,0.7,1.0,False|True|Unknown|Paradox,A,A,False,A,False,False,False,True,True,0.9999985942250862,2.1068245897330444e-05,-17.343749999999993,2.9356555039114813e-08,-1.430511474609375e-06,0.9999985942250862,-13.656249999999996,1.1726434774742915e-06,-15.406249999999998,2.037748813421505e-07,-1.430511474609375e-06,0.9999985942250862,-17.343749999999993,2.9356555039114813e-08,-13.656249999999996,1.1726434774742915e-06,-15.406249999999998,2.037748813421505e-07
P02_artificial,P02,artificial,Transitive,Plimble feeding,False,Qwen/Qwen2.5-3B-Instruct,5,0.7,1.0,False|True|Paradox|Unknown,A,A,False,A,False,False,False,True,True,0.9999038560910223,0.000985738303741163,-17.343749999999993,2.9356552380018895e-08,-9.608268737792969e-05,0.9999038560910223,-9.25,9.611164573304604e-05,-19.65624999999993,2.9066923089570536e-09,-9.608268737792969e-05,0.9999038560910223,-17.343749999999993,2.9356552380018895e-08,-19.65624999999993,2.9066923089570536e-09,-9.25,9.611164573304604e-05
P02_artificial,P02,artificial,Transitive,Plimble feeding,False,Qwen/Qwen2.5-3B-Instruct,6,0.7,1.0,False|Unknown|True|Paradox,A,A,False,A,False,False,False,True,True,0.9999684156781361,0.00036115340939544296,-16.28124999999999,8.494600697403637e-08,-3.159046173095703e-05,0.9999684156781361,-10.375,3.1202885159636726e-05,-15.03125,2.964906972063292e-07,-3.159046173095703e-05,0.9999684156781361,-10.375,3.1202885159636726e-05,-16.28124999999999,8.494600697403637e-08,-15.03125,2.964906972063292e-07
P02_artificial,P02,artificial,Transitive,Plimble feeding,False,Qwen/Qwen2.5-3B-Instruct,7,0.7,1.0,False|Unknown|Paradox|True,A,A,False,A,False,False,False,True,True,0.999981533498843,0.00022903680996498696,-12.5,3.7266532122080753e-06,-1.847743988014905e-05,0.999981533498843,-11.125,1.4739199374001357e-05,-21.156249999999858,6.485707700881038e-10,-1.847743988014905e-05,0.999981533498843,-11.125,1.4739199374001357e-05,-21.156249999999858,6.485707700881038e-10,-12.5,3.7266532122080753e-06
P02_artificial,P02,artificial,Transitive,Plimble feeding,False,Qwen/Qwen2.5-3B-Instruct,8,0.7,1.0,False|Paradox|True|Unknown,A,A,False,A,False,False,False,True,True,0.9940999775103802,0.03616645293501133,-18.15624999999992,1.3027029355006001e-08,-0.00592803955078125,0.9940999775103802,-5.1328125,0.005900005730284035,-19.406249999999876,3.732306399047887e-09,-0.00592803955078125,0.9940999775103802,-19.406249999999876,3.732306399047887e-09,-18.15624999999992,1.3027029355006001e-08,-5.1328125,0.005900005730284035
P02_artificial,P02,artificial,Transitive,Plimble feeding,False,Qwen/Qwen2.5-3B-Instruct,9,0.7,1.0,False|Paradox|Unknown|True,A,A,False,A,False,False,False,True,True,0.9999931998971174,9.154437360260071e-05,-12.1875,5.09373092272324e-06,-6.794929504394531e-06,0.9999931998971174,-13.281249999999995,1.7061861410634426e-06,-22.406249999999915,1.8581863376699727e-10,-6.794929504394531e-06,0.9999931998971174,-22.406249999999915,1.8581863376699727e-10,-13.281249999999995,1.7061861410634426e-06,-12.1875,5.09373092272324e-06
P02_belief_violating,P02,belief_violating,Transitive,Counterfactual two-effect,False,Qwen/Qwen2.5-3B-Instruct,0,0.7,1.0,Unknown|True|False|Paradox,B,B,True,A,Unknown,True,False,False,False,0.6370497000541843,0.6556871023676737,-1.0136718749999996,0.3628913702490349,-9.828124999999993,5.3914835862221397e-05,-0.45092773437499956,0.6370497000541843,-12.203124999999996,5.014860918601266e-06,-0.45092773437499956,0.6370497000541843,-1.0136718749999996,0.3628913702490349,-9.828124999999993,5.3914835862221397e-05,-12.203124999999996,5.014860918601266e-06
P02_belief_violating,P02,belief_violating,Transitive,Counterfactual two-effect,False,Qwen/Qwen2.5-3B-Instruct,1,0.7,1.0,Unknown|True|Paradox|False,A,A,Unknown,A,Unknown,Unknown,False,False,False,0.7826593925378007,0.6445982667422844,-1.8076171874999996,0.1640342959967105,-2.9316406249999996,0.05330617032358797,-0.24499511718749956,0.7826593925378007,-15.773437499999945,1.411419008558426e-07,-0.24499511718749956,0.7826593925378007,-1.8076171874999996,0.1640342959967105,-15.773437499999945,1.411419008558426e-07,-2.9316406249999996,0.05330617032358797
P02_belief_violating,P02,belief_violating,Transitive,Counterfactual two-effect,False,Qwen/Qwen2.5-3B-Instruct,2,0.7,1.0,Unknown|False|True|Paradox,A,A,Unknown,A,Unknown,Unknown,False,False,False,0.9998024324212018,0.0020737839330013156,-9.499999999999991,7.485183452134644e-05,-9.218749999999993,9.916256953677474e-05,-0.00019764900207475122,0.9998024324212018,-10.656249999999996,2.3553174739984977e-05,-0.00019764900207475122,0.9998024324212018,-9.218749999999993,9.916256953677474e-05,-9.499999999999991,7.485183452134644e-05,-10.656249999999996,2.3553174739984977e-05
P02_belief_violating,P02,belief_violating,Transitive,Counterfactual two-effect,False,Qwen/Qwen2.5-3B-Instruct,3,0.7,1.0,Unknown|False|Paradox|True,A,A,Unknown,A,Unknown,Unknown,False,False,False,0.6926316824584654,0.6171415678513964,-1.1796874999999996,0.3073534459678767,-11.11718749999997,1.4853769243328368e-05,-0.36718749999999956,0.6926316824584654,-17.843749999999673,1.7804414517018576e-08,-0.36718749999999956,0.6926316824584654,-11.11718749999997,1.4853769243328368e-05,-17.843749999999673,1.7804414517018576e-08,-1.1796874999999996,0.3073534459678767
P02_belief_violating,P02,belief_violating,Transitive,Counterfactual two-effect,False,Qwen/Qwen2.5-3B-Instruct,4,0.7,1.0,Unknown|Paradox|True|False,A,A,Unknown,A,Unknown,Unknown,False,False,False,0.987993998141777,0.0722363710749872,-5.667968749999998,0.003454871294310082,-4.76171875,0.008550888575580359,-0.012077331542968528,0.987993998141777,-15.23437499999987,2.4198833257187254e-07,-0.012077331542968528,0.987993998141777,-15.23437499999987,2.4198833257187254e-07,-5.667968749999998,0.003454871294310082,-4.76171875,0.008550888575580359
P02_belief_violating,P02,belief_violating,Transitive,Counterfactual two-effect,False,Qwen/Qwen2.5-3B-Instruct,5,0.7,1.0,Unknown|Paradox|False|True,D,D,True,D,True,True,False,False,False,0.9149687197941262,0.2909310079992666,-0.08892822265624978,0.9149687197941262,-12.492187499999977,3.756117635879197e-06,-2.4648437499999996,0.08502746749844341,-16.687499999999794,5.658979447342235e-08,-2.4648437499999996,0.08502746749844341,-16.687499999999794,5.658979447342235e-08,-12.492187499999977,3.756117635879197e-06,-0.08892822265624978,0.9149687197941262
P02_belief_violating,P02,belief_violating,Transitive,Counterfactual two-effect,False,Qwen/Qwen2.5-3B-Instruct,6,0.7,1.0,Paradox|True|False|Unknown,D,D,Unknown,D,Unknown,Unknown,False,False,False,0.9999594879101844,0.0004862458799747768,-10.843749999999986,1.952626683259548e-05,-12.84374999999994,2.6425928523431074e-06,-4.0531158447265625e-05,0.9999594879101844,-10.90624999999998,1.8343230130521807e-05,-10.90624999999998,1.8343230130521807e-05,-10.843749999999986,1.952626683259548e-05,-12.84374999999994,2.6425928523431074e-06,-4.0531158447265625e-05,0.9999594879101844
P02_belief_violating,P02,belief_violating,Transitive,Counterfactual two-effect,False,Qwen/Qwen2.5-3B-Instruct,7,0.7,1.0,Paradox|True|Unknown|False,D,D,False,D,False,False,False,True,True,0.7072959732333304,0.6410865448185945,-6.128906249999998,0.002178713068912804,-0.3461914062499998,0.7072959732333304,-1.2519531249999993,0.28591297809467425,-5.378906249999998,0.004612335603082657,-5.378906249999998,0.004612335603082657,-6.128906249999998,0.002178713068912804,-1.2519531249999993,0.28591297809467425,-0.3461914062499998,0.7072959732333304
P02_belief_violating,P02,belief_violating,Transitive,Counterfactual two-effect,False,Qwen/Qwen2.5-3B-Instruct,8,0.7,1.0,Paradox|False|True|Unknown,D,D,Unknown,D,Unknown,Unknown,False,False,False,0.9999916708508779,0.00011233940653311563,-13.499999999999943,1.3709591075880449e-06,-12.031249999999982,5.955174904631384e-06,-8.344650268332643e-06,0.9999916708508779,-13.8124999999999,1.003015109758197e-06,-13.8124999999999,1.003015109758197e-06,-12.031249999999982,5.955174904631384e-06,-13.499999999999943,1.3709591075880449e-06,-8.344650268332643e-06,0.9999916708508779
P02_belief_violating,P02,belief_violating,Transitive,Counterfactual two-effect,False,Qwen/Qwen2.5-3B-Instruct,9,0.7,1.0,Paradox|False|Unknown|True,D,D,True,D,True,True,False,False,False,0.6781956737708468,0.6368746703510761,-0.38818359374999956,0.6781956737708468,-9.734374999999993,5.920462852727698e-05,-1.1376953124999993,0.32051341499196034,-6.6992187499999964,0.0012317066086654583,-6.6992187499999964,0.0012317066086654583,-9.734374999999993,5.920462852727698e-05,-1.1376953124999993,0.32051341499196034,-0.38818359374999956,0.6781956737708468
P02_familiar,P02,familiar,Transitive,Alchemist's potion,False,Qwen/Qwen2.5-3B-Instruct,0,0.7,1.0,Paradox|Unknown|True|False,D,D,False,D,False,False,False,True,True,0.9986675698100885,0.010781239248180457,-13.15625,1.933358350367208e-06,-0.001331329345703125,0.9986675698100885,-6.8125,0.0010999374226251443,-8.375,0.00023055940893585986,-8.375,0.00023055940893585986,-6.8125,0.0010999374226251443,-13.15625,1.933358350367208e-06,-0.001331329345703125,0.9986675698100885
P02_familiar,P02,familiar,Transitive,Alchemist's potion,False,Qwen/Qwen2.5-3B-Instruct,1,0.7,1.0,Paradox|Unknown|False|True,C,C,False,C,False,False,False,True,True,0.9940056096888182,0.03905054638042526,-11.1953125,1.373859514804657e-05,-0.006023406982421875,0.9940056096888182,-7.1640625,0.000773912668752984,-5.2578125,0.0052067390472807125,-5.2578125,0.0052067390472807125,-7.1640625,0.000773912668752984,-0.006023406982421875,0.9940056096888182,-11.1953125,1.373859514804657e-05
P02_familiar,P02,familiar,Transitive,Alchemist's potion,False,Qwen/Qwen2.5-3B-Instruct,2,0.7,1.0,True|False|Unknown|Paradox,B,B,False,C,Unknown,False,False,True,False,0.7662407538405389,0.5448579767059469,-14.171874999999996,7.002864042202378e-07,-1.4541015625,0.23363318029150165,-0.266357421875,0.7662407538405389,-8.984375,0.00012536558155523442,-14.171874999999996,7.002864042202378e-07,-1.4541015625,0.23363318029150165,-0.266357421875,0.7662407538405389,-8.984375,0.00012536558155523442
P02_familiar,P02,familiar,Transitive,Alchemist's potion,False,Qwen/Qwen2.5-3B-Instruct,3,0.7,1.0,True|False|Paradox|Unknown,B,B,False,B,False,False,False,True,True,0.9571611282567417,0.19365877658401642,-15.234374999999998,2.4198349234037925e-07,-0.04376220703125,0.9571611282567417,-3.29296875,0.03714262390264254,-5.16796875,0.005696005857123394,-15.234374999999998,2.4198349234037925e-07,-0.04376220703125,0.9571611282567417,-5.16796875,0.005696005857123394,-3.29296875,0.03714262390264254
P02_familiar,P02,familiar,Transitive,Alchemist's potion,False,Qwen/Qwen2.5-3B-Instruct,4,0.7,1.0,True|Unknown|False|Paradox,C,C,False,C,False,False,False,True,True,0.9995770652704181,0.003977017244554196,-14.593749999999995,4.5921374052972176e-07,-0.0004229545593261719,0.9995770652704181,-8.15625,0.00028693637128262076,-8.90625,0.00013553914455878744,-14.593749999999995,4.5921374052972176e-07,-8.15625,0.00028693637128262076,-0.0004229545593261719,0.9995770652704181,-8.90625,0.00013553914455878744
P02_familiar,P02,familiar,Transitive,Alchemist's potion,False,Qwen/Qwen2.5-3B-Instruct,5,0.7,1.0,True|Unknown|Paradox|False,D,D,False,D,False,False,False,True,True,0.9993905091416159,0.005265982319975465,-17.874999999999968,1.7257823176733383e-08,-0.0006093978881835938,0.9993905091416159,-10.15625,3.883260695646669e-05,-7.46875,0.0005706409936045012,-17.874999999999968,1.7257823176733383e-08,-10.15625,3.883260695646669e-05,-7.46875,0.0005706409936045012,-0.0006093978881835938,0.9993905091416159
P02_familiar,P02,familiar,Transitive,Alchemist's potion,False,Qwen/Qwen2.5-3B-Instruct,6,0.7,1.0,True|Paradox|False|Unknown,D,D,Unknown,D,Unknown,Unknown,False,False,False,0.5618967165309949,0.6893487311756685,-13.234374999999996,1.7884663945884687e-06,-0.82666015625,0.43760560283959005,-0.57666015625,0.5618967165309949,-7.609375,0.0004958921630203957,-13.234374999999996,1.7884663945884687e-06,-7.609375,0.0004958921630203957,-0.82666015625,0.43760560283959005,-0.57666015625,0.5618967165309949
P02_familiar,P02,familiar,Transitive,Alchemist's potion,False,Qwen/Qwen2.5-3B-Instruct,7,0.7,1.0,True|Paradox|Unknown|False,D,D,False,D,False,False,False,True,True,0.9770203685515142,0.10947951424946638,-15.83593749999999,1.3259971817571486e-07,-0.02325439453125,0.9770203685515142,-3.7734375,0.022973109836553325,-11.9609375,6.3890122143451335e-06,-15.83593749999999,1.3259971817571486e-07,-11.9609375,6.3890122143451335e-06,-3.7734375,0.022973109836553325,-0.02325439453125,0.9770203685515142
P02_familiar,P02,familiar,Transitive,Alchemist's potion,False,Qwen/Qwen2.5-3B-Instruct,8,0.7,1.0,False|True|Unknown|Paradox,A,A,False,A,False,False,False,True,True,0.9930922429266551,0.04133139043063829,-12.945312499999998,2.387400855976844e-06,-0.006938934326171875,0.9930922429266551,-4.9765625,0.006897782528259682,-11.7890625,7.587144229194993e-06,-0.006938934326171875,0.9930922429266551,-12.945312499999998,2.387400855976844e-06,-4.9765625,0.006897782528259682,-11.7890625,7.587144229194993e-06
P02_familiar,P02,familiar,Transitive,Alchemist's potion,False,Qwen/Qwen2.5-3B-Instruct,9,0.7,1.0,False|True|Paradox|Unknown,A,A,False,A,False,False,False,True,True,0.9043330889774241,0.3183037544971911,-11.4453125,1.0700468284573296e-05,-0.10064697265625,0.9043330889774241,-2.3515625,0.09522878184805832,-7.7578125,0.000427428706232957,-0.10064697265625,0.9043330889774241,-11.4453125,1.0700468284573296e-05,-7.7578125,0.000427428706232957,-2.3515625,0.09522878184805832
P03_abstract,P03,abstract,Sets,Symbolic,True,Qwen/Qwen2.5-3B-Instruct,0,0.7,1.0,False|Unknown|True|Paradox,B,B,Unknown,B,Unknown,Unknown,False,False,False,0.8413344168084095,0.45263903389698645,-1.860351562499999,0.15561222141946904,-5.7968749999999964,0.003036919608403785,-0.17272949218749933,0.8413344168084095,-11.015624999999998,1.6442163717738808e-05,-5.7968749999999964,0.003036919608403785,-0.17272949218749933,0.8413344168084095,-1.860351562499999,0.15561222141946904,-11.015624999999998,1.6442163717738808e-05
P03_abstract,P03,abstract,Sets,Symbolic,True,Qwen/Qwen2.5-3B-Instruct,1,0.7,1.0,False|Unknown|Paradox|True,D,D,True,D,True,True,False,True,True,0.998420968760632,0.012839569865412404,-0.0015773773193359375,0.998420968760632,-7.312499999999999,0.0006671451617603992,-6.999999999999999,0.0009118793193646434,-18.81249999999992,6.7582429325070166e-09,-7.312499999999999,0.0006671451617603992,-6.999999999999999,0.0009118793193646434,-18.81249999999992,6.7582429325070166e-09,-0.0015773773193359375,0.998420968760632
P03_abstract,P03,abstract,Sets,Symbolic,True,Qwen/Qwen2.5-3B-Instruct,2,0.7,1.0,False|Paradox|True|Unknown,D,D,Unknown,D,Unknown,Unknown,False,False,False,0.9737864644139732,0.12289942395688704,-3.6523437499999996,0.02593073914229512,-8.179687499999998,0.0002802944431778071,-0.026580810546875,0.9737864644139732,-12.898437499999961,2.5020005538843093e-06,-8.179687499999998,0.0002802944431778071,-12.898437499999961,2.5020005538843093e-06,-3.6523437499999996,0.02593073914229512,-0.026580810546875,0.9737864644139732
P03_abstract,P03,abstract,Sets,Symbolic,True,Qwen/Qwen2.5-3B-Instruct,3,0.7,1.0,False|Paradox|Unknown|True,D,D,True,D,True,True,False,True,True,0.9999883631668192,0.0001514932180221296,-1.1682510375976562e-05,0.9999883631668192,-11.812499999999998,7.411335137477753e-06,-12.374999999999996,4.222851469659626e-06,-19.749999999999908,2.6465737596182294e-09,-11.812499999999998,7.411335137477753e-06,-19.749999999999908,2.6465737596182294e-09,-12.374999999999996,4.222851469659626e-06,-1.1682510375976562e-05,0.9999883631668192
P03_abstract,P03,abstract,Sets,Symbolic,True,Qwen/Qwen2.5-3B-Instruct,4,0.7,1.0,Unknown|True|False|Paradox,B,B,True,B,True,True,False,True,True,0.5466340072309736,0.6904681384270926,-0.6040039062499998,0.5466340072309736,-0.7915039062499996,0.4531755089821127,-8.570312499999998,0.00018965870600579245,-14.007812499999995,8.250809079013481e-07,-8.570312499999998,0.00018965870600579245,-0.6040039062499998,0.5466340072309736,-0.7915039062499996,0.4531755089821127,-14.007812499999995,8.250809079013481e-07
P03_abstract,P03,abstract,Sets,Symbolic,True,Qwen/Qwen2.5-3B-Instruct,5,0.7,1.0,Unknown|True|Paradox|False,B,B,True,B,True,True,False,True,True,0.9461794488327162,0.21201662902877058,-0.0552978515625,0.9461794488327162,-2.9296875,0.053412382165057296,-7.804687499999999,0.0004078085702839683,-14.835937499999982,3.604319426105485e-07,-7.804687499999999,0.0004078085702839683,-0.0552978515625,0.9461794488327162,-14.835937499999982,3.604319426105485e-07,-2.9296875,0.053412382165057296
P03_abstract,P03,abstract,Sets,Symbolic,True,Qwen/Qwen2.5-3B-Instruct,6,0.7,1.0,Unknown|False|True|Paradox,B,B,False,B,False,False,False,False,False,0.9355665943915707,0.243123928021745,-2.7539062499999996,0.06367776442510414,-0.06658935546874978,0.9355665943915707,-7.191406249999998,0.000753019190986009,-12.851562499999998,2.6219923389750785e-06,-7.191406249999998,0.000753019190986009,-0.06658935546874978,0.9355665943915707,-2.7539062499999996,0.06367776442510414,-12.851562499999998,2.6219923389750785e-06
P03_abstract,P03,abstract,Sets,Symbolic,True,Qwen/Qwen2.5-3B-Instruct,7,0.7,1.0,Unknown|False|Paradox|True,D,D,True,D,True,True,False,True,True,0.71673504103752,0.6107363534414523,-0.3330078125,0.71673504103752,-1.2705078124999998,0.2806774749067193,-5.957031249999999,0.0025874757757057914,-18.60937499999984,8.280054946832451e-09,-5.957031249999999,0.0025874757757057914,-1.2705078124999998,0.2806774749067193,-18.60937499999984,8.280054946832451e-09,-0.3330078125,0.71673504103752
P03_abstract,P03,abstract,Sets,Symbolic,True,Qwen/Qwen2.5-3B-Instruct,8,0.7,1.0,Unknown|Paradox|True|False,C,C,True,D,False,True,False,True,False,0.6370812702920069,0.6551903184695745,-1.0136718749999998,0.36290935403720964,-0.450927734375,0.6370812702920069,-11.671874999999977,8.530988532132087e-06,-13.984374999999858,8.44682251279214e-07,-11.671874999999977,8.530988532132087e-06,-13.984374999999858,8.44682251279214e-07,-1.0136718749999998,0.36290935403720964,-0.450927734375,0.6370812702920069
P03_abstract,P03,abstract,Sets,Symbolic,True,Qwen/Qwen2.5-3B-Instruct,9,0.7,1.0,Unknown|Paradox|False|True,D,D,True,D,True,True,False,True,True,0.9953813754371534,0.029489917348060134,-0.004627227783203125,0.9953813754371534,-5.378906249999999,0.004612854825754949,-12.070312499999995,5.727023646667341e-06,-16.96874999999987,4.271344497855087e-08,-12.070312499999995,5.727023646667341e-06,-16.96874999999987,4.271344497855087e-08,-5.378906249999999,0.004612854825754949,-0.004627227783203125,0.9953813754371534
P03_artificial,P03,artificial,Sets,Zorbian relics,True,Qwen/Qwen2.5-3B-Instruct,0,0.7,1.0,Paradox|True|False|Unknown,B,B,True,B,True,True,False,True,True,0.9994631070339741,0.004586044129575323,-0.0005369186401367188,0.9994631070339741,-15.343749999999996,2.1691720098412043e-07,-14.3125,6.083593347208137e-07,-7.53125,0.0005360676894902453,-7.53125,0.0005360676894902453,-0.0005369186401367188,0.9994631070339741,-15.343749999999996,2.1691720098412043e-07,-14.3125,6.083593347208137e-07
P03_artificial,P03,artificial,Sets,Zorbian relics,True,Qwen/Qwen2.5-3B-Instruct,1,0.7,1.0,Paradox|True|Unknown|False,B,B,True,B,True,True,False,True,True,0.9965045460836751,0.023349332334090686,-0.0035037994384763405,0.9965045460836751,-11.21875,1.3420223425674277e-05,-16.749999999999986,5.315797066907889e-08,-5.66015625,0.003481980534928478,-5.66015625,0.003481980534928478,-0.0035037994384763405,0.9965045460836751,-16.749999999999986,5.315797066907889e-08,-11.21875,1.3420223425674277e-05
P03_artificial,P03,artificial,Sets,Zorbian relics,True,Qwen/Qwen2.5-3B-Instruct,2,0.7,1.0,Paradox|False|True|Unknown,C,C,True,B,False,True,False,True,False,0.8577757906772604,0.5117193606226353,-2.560546875,0.07727421482962009,-0.15356445312499978,0.8577757906772604,-7.02734375,0.0008874203148367273,-2.7480468749999996,0.06406257417828276,-2.7480468749999996,0.06406257417828276,-0.15356445312499978,0.8577757906772604,-2.560546875,0.07727421482962009,-7.02734375,0.0008874203148367273
P03_artificial,P03,artificial,Sets,Zorbian relics,True,Qwen/Qwen2.5-3B-Instruct,3,0.7,1.0,Paradox|False|Unknown|True,D,D,True,D,True,True,False,True,True,0.9990266521262398,0.007741229878891773,-0.000972747802734375,0.9990266521262398,-12.843749999999996,2.6425899657619496e-06,-18.15624999999998,1.302687801768841e-08,-6.9375,0.0009706922569165813,-6.9375,0.0009706922569165813,-12.843749999999996,2.6425899657619496e-06,-18.15624999999998,1.302687801768841e-08,-0.000972747802734375,0.9990266521262398
P03_artificial,P03,artificial,Sets,Zorbian relics,True,Qwen/Qwen2.5-3B-Instruct,4,0.7,1.0,Paradox|Unknown|True|False,C,C,True,B,Unknown,True,False,True,False,0.3778983638854919,1.0822839197883405,-1.4111328124999996,0.24387041535458057,-8.0078125,0.00033285687443564165,-0.9731445312499996,0.3778983638854919,-0.9731445312499996,0.3778983638854919,-0.9731445312499996,0.3778983638854919,-0.9731445312499996,0.3778983638854919,-1.4111328124999996,0.24387041535458057,-8.0078125,0.00033285687443564165
P03_artificial,P03,artificial,Sets,Zorbian relics,True,Qwen/Qwen2.5-3B-Instruct,5,0.7,1.0,Paradox|Unknown|False|True,D,D,True,D,True,True,False,True,True,0.9974296739677709,0.018026592174599537,-0.0025768280029296875,0.9974296739677709,-17.56249999999996,2.3588729395158995e-08,-10.687499999999996,2.2828591214077195e-05,-5.972656249999999,0.002547473852285573,-5.972656249999999,0.002547473852285573,-10.687499999999996,2.2828591214077195e-05,-17.56249999999996,2.3588729395158995e-08,-0.0025768280029296875,0.9974296739677709
P03_artificial,P03,artificial,Sets,Zorbian relics,True,Qwen/Qwen2.5-3B-Instruct,6,0.7,1.0,True|False|Unknown|Paradox,A,A,True,A,True,True,False,True,True,0.9999991744337074,1.2486844735428432e-05,-8.344650268554688e-07,0.9999991744337074,-14.03125,8.059452771483407e-07,-17.812499999999986,1.837086242961262e-08,-20.5,1.2501528775110949e-09,-8.344650268554688e-07,0.9999991744337074,-14.03125,8.059452771483407e-07,-17.812499999999986,1.837086242961262e-08,-20.5,1.2501528775110949e-09
P03_artificial,P03,artificial,Sets,Zorbian relics,True,Qwen/Qwen2.5-3B-Instruct,7,0.7,1.0,True|False|Paradox|Unknown,A,A,True,A,True,True,False,True,True,0.9999990202860144,1.458002024024233e-05,-9.5367431640625e-07,0.9999990202860144,-13.84375,9.721555387086062e-07,-18.71875,7.42249913342677e-09,-22.718749999999964,1.3594781377979196e-10,-9.5367431640625e-07,0.9999990202860144,-13.84375,9.721555387086062e-07,-22.718749999999964,1.3594781377979196e-10,-18.71875,7.42249913342677e-09
P03_artificial,P03,artificial,Sets,Zorbian relics,True,Qwen/Qwen2.5-3B-Instruct,8,0.7,1.0,True|Unknown|False|Paradox,A,A,True,A,True,True,False,True,True,0.9999990590359312,1.4141896584828249e-05,-9.5367431640625e-07,0.9999990590359312,-17.937499999999975,1.62122292537325e-08,-13.90625,9.132556475379498e-07,-18.28125,1.149619199491388e-08,-9.5367431640625e-07,0.9999990590359312,-13.90625,9.132556475379498e-07,-17.937499999999975,1.62122292537325e-08,-18.28125,1.149619199491388e-08
P03_artificial,P03,artificial,Sets,Zorbian relics,True,Qwen/Qwen2.5-3B-Instruct,9,0.7,1.0,True|Unknown|Paradox|False,A,A,True,A,True,True,False,True,True,0.9999981140510757,2.8055663635980298e-05,-1.9073486328125e-06,0.9999981140510757,-13.84375,9.721555848257987e-07,-13.906249999999998,9.132556554724309e-07,-21.343749999999858,5.37684059319152e-10,-1.9073486328125e-06,0.9999981140510757,-13.906249999999998,9.132556554724309e-07,-21.343749999999858,5.37684059319152e-10,-13.84375,9.721555848257987e-07
P03_belief_violating,P03,belief_violating,Sets,Counterfactual disjuncts,True,Qwen/Qwen2.5-3B-Instruct,0,0.7,1.0,True|Paradox|False|Unknown,C,C,False,C,False,False,False,False,False,0.9998726460926711,0.0012697891230529802,-19.21874999999984,4.501973204021527e-09,-0.00012731552124023438,0.9998726460926711,-8.96875,0.00012732724586694328,-17.624999999999986,2.2159488743032346e-08,-19.21874999999984,4.501973204021527e-09,-17.624999999999986,2.2159488743032346e-08,-0.00012731552124023438,0.9998726460926711,-8.96875,0.00012732724586694328
P03_belief_violating,P03,belief_violating,Sets,Counterfactual disjuncts,True,Qwen/Qwen2.5-3B-Instruct,1,0.7,1.0,True|Paradox|Unknown|False,D,D,False,D,False,False,False,False,False,0.9999990860386505,1.3629073917680024e-05,-23.0624999999952,9.640144157921258e-11,-9.5367431640625e-07,0.9999990860386505,-13.906249999999993,9.132556721983654e-07,-21.218749999999872,6.092758712148356e-10,-23.0624999999952,9.640144157921258e-11,-21.218749999999872,6.092758712148356e-10,-13.906249999999993,9.132556721983654e-07,-9.5367431640625e-07,0.9999990860386505
P03_belief_violating,P03,belief_violating,Sets,Counterfactual disjuncts,True,Qwen/Qwen2.5-3B-Instruct,2,0.7,1.0,False|True|Unknown|Paradox,A,A,False,C,Unknown,False,False,False,False,0.6061602867156268,0.686174595282419,-6.093749999999998,0.0022566529769109858,-0.9379882812499991,0.39136649589705325,-0.5004882812499998,0.6061602867156268,-8.4375,0.0002165644104089181,-0.9379882812499991,0.39136649589705325,-6.093749999999998,0.0022566529769109858,-0.5004882812499998,0.6061602867156268,-8.4375,0.0002165644104089181
P03_belief_violating,P03,belief_violating,Sets,Counterfactual disjuncts,True,Qwen/Qwen2.5-3B-Instruct,3,0.7,1.0,False|True|Paradox|Unknown,D,D,Unknown,D,Unknown,Unknown,False,False,False,0.753651321003924,0.568723576470136,-6.906249999999999,0.0010013956388118836,-1.4072265624999998,0.24479426016214767,-0.28271484375,0.753651321003924,-7.499999999999999,0.0005530231951164257,-1.4072265624999998,0.24479426016214767,-6.906249999999999,0.0010013956388118836,-7.499999999999999,0.0005530231951164257,-0.28271484375,0.753651321003924
P03_belief_violating,P03,belief_violating,Sets,Counterfactual disjuncts,True,Qwen/Qwen2.5-3B-Instruct,4,0.7,1.0,False|Unknown|True|Paradox,A,A,False,A,False,False,False,False,False,0.8387978055728934,0.5156797446191117,-4.707031249999998,0.009031510984869191,-0.17578124999999867,0.8387978055728934,-1.9570312499999996,0.1412766016943104,-4.51953125,0.010894081747927073,-0.17578124999999867,0.8387978055728934,-1.9570312499999996,0.1412766016943104,-4.707031249999998,0.009031510984869191,-4.51953125,0.010894081747927073
P03_belief_violating,P03,belief_violating,Sets,Counterfactual disjuncts,True,Qwen/Qwen2.5-3B-Instruct,5,0.7,1.0,False|Unknown|Paradox|True,A,A,False,D,True,False,False,False,True,0.5443206832160162,0.7141260614490498,-0.6083984374999998,0.5443206832160162,-0.7958984374999996,0.4512576960139271,-5.421874999999999,0.0044196566049343545,-13.14062499999997,1.9641651222475302e-06,-0.7958984374999996,0.4512576960139271,-5.421874999999999,0.0044196566049343545,-13.14062499999997,1.9641651222475302e-06,-0.6083984374999998,0.5443206832160162
P03_belief_violating,P03,belief_violating,Sets,Counterfactual disjuncts,True,Qwen/Qwen2.5-3B-Instruct,6,0.7,1.0,False|Paradox|True|Unknown,D,D,Unknown,D,Unknown,Unknown,False,False,False,0.9998154034616263,0.001795211867149527,-12.218749999999995,4.9370135288730016e-06,-8.624999999999996,0.00017956021289753187,-0.00018465518951416016,0.9998154034616263,-16.124999999999957,9.93119472540462e-08,-8.624999999999996,0.00017956021289753187,-16.124999999999957,9.93119472540462e-08,-12.218749999999995,4.9370135288730016e-06,-0.00018465518951416016,0.9998154034616263
P03_belief_violating,P03,belief_violating,Sets,Counterfactual disjuncts,True,Qwen/Qwen2.5-3B-Instruct,7,0.7,1.0,False|Paradox|Unknown|True,D,D,True,D,True,True,False,True,True,0.7639221884478398,0.701180387289986,-0.269287109375,0.7639221884478398,-2.457031249999999,0.08568877147918712,-1.894531249999999,0.1503884774337542,-14.390624999999906,5.626392189087809e-07,-2.457031249999999,0.08568877147918712,-14.390624999999906,5.626392189087809e-07,-1.894531249999999,0.1503884774337542,-0.269287109375,0.7639221884478398
P03_belief_violating,P03,belief_violating,Sets,Counterfactual disjuncts,True,Qwen/Qwen2.5-3B-Instruct,8,0.7,1.0,Unknown|True|False|Paradox,C,C,False,C,False,False,False,False,False,0.9999999001303788,1.7781245741008388e-06,-16.65624999999999,5.838247370938248e-08,0.0,0.9999999001303788,-23.156249999993015,8.777449915828047e-11,-16.999999999999996,4.1399373053311693e-08,-23.156249999993015,8.777449915828047e-11,-16.65624999999999,5.838247370938248e-08,0.0,0.9999999001303788,-16.999999999999996,4.1399373053311693e-08
P03_belief_violating,P03,belief_violating,Sets,Counterfactual disjuncts,True,Qwen/Qwen2.5-3B-Instruct,9,0.7,1.0,Unknown|True|Paradox|False,D,D,False,D,False,False,False,False,False,0.9999998005699191,3.312384018940506e-06,-15.468749999999995,1.9142878813449931e-07,-2.384185791015625e-07,0.9999998005699191,-20.937499999998234,8.071593874635467e-10,-18.74999999999996,7.1941333108139704e-09,-20.937499999998234,8.071593874635467e-10,-15.468749999999995,1.9142878813449931e-07,-18.74999999999996,7.1941333108139704e-09,-2.384185791015625e-07,0.9999998005699191
P03_familiar,P03,familiar,Sets,Diamond theft,True,Qwen/Qwen2.5-3B-Instruct,0,0.7,1.0,Unknown|False|True|Paradox,A,A,Unknown,A,Unknown,Unknown,False,False,False,0.9997194216378725,0.002688641950802571,-10.312499999999991,3.3215298198403605e-05,-8.312499999999995,0.0002454297017307135,-0.000280618667602095,0.9997194216378725,-13.156249999999996,1.93336219824644e-06,-0.000280618667602095,0.9997194216378725,-8.312499999999995,0.0002454297017307135,-10.312499999999991,3.3215298198403605e-05,-13.156249999999996,1.93336219824644e-06
P03_familiar,P03,familiar,Sets,Diamond theft,True,Qwen/Qwen2.5-3B-Instruct,1,0.7,1.0,Unknown|False|Paradox|True,A,A,Unknown,A,Unknown,Unknown,False,False,False,0.9893002749064468,0.05955278658249543,-4.542968749999999,0.01064184877525678,-9.757812499999991,5.784145625740765e-05,-0.010765075683593306,0.9893002749064468,-17.17187499999956,3.486203915229774e-08,-0.010765075683593306,0.9893002749064468,-9.757812499999991,5.784145625740765e-05,-17.17187499999956,3.486203915229774e-08,-4.542968749999999,0.01064184877525678
P03_familiar,P03,familiar,Sets,Diamond theft,True,Qwen/Qwen2.5-3B-Instruct,2,0.7,1.0,Unknown|Paradox|True|False,A,A,Unknown,A,Unknown,Unknown,False,False,False,0.999863286338525,0.0014300914225795986,-9.093749999999998,0.00011236590644579566,-10.874999999999998,1.892550660420545e-05,-0.00013673305511452405,0.999863286338525,-12.124999999999984,5.4222484251141455e-06,-0.00013673305511452405,0.999863286338525,-12.124999999999984,5.4222484251141455e-06,-9.093749999999998,0.00011236590644579566,-10.874999999999998,1.892550660420545e-05
P03_familiar,P03,familiar,Sets,Diamond theft,True,Qwen/Qwen2.5-3B-Instruct,3,0.7,1.0,Unknown|Paradox|False|True,A,A,Unknown,A,Unknown,Unknown,False,False,False,0.982036036324063,0.09002751219649241,-4.019531249999999,0.01796193350990837,-13.48437499999994,1.3925912809435112e-06,-0.018157958984374556,0.982036036324063,-14.26562499999994,6.375747477282063e-07,-0.018157958984374556,0.982036036324063,-14.26562499999994,6.375747477282063e-07,-13.48437499999994,1.3925912809435112e-06,-4.019531249999999,0.01796193350990837
P03_familiar,P03,familiar,Sets,Diamond theft,True,Qwen/Qwen2.5-3B-Instruct,4,0.7,1.0,Paradox|True|False|Unknown,B,B,True,B,True,True,False,True,True,0.9039162418855163,0.321511989934484,-0.10107421874999933,0.9039162418855163,-9.726562499999991,5.968040255219457e-05,-7.132812499999999,0.000798514958756184,-2.351562499999999,0.09522556275317542,-2.351562499999999,0.09522556275317542,-0.10107421874999933,0.9039162418855163,-9.726562499999991,5.968040255219457e-05,-7.132812499999999,0.000798514958756184
P03_familiar,P03,familiar,Sets,Diamond theft,True,Qwen/Qwen2.5-3B-Instruct,5,0.7,1.0,Paradox|True|Unknown|False,A,A,Paradox,B,True,Paradox,False,False,True,0.6077334739032705,0.7597258176830933,-0.4980468749999991,0.6077334739032705,-3.7480468749999996,0.023564384023419805,-9.281249999999991,9.315721730870043e-05,-0.9980468749999993,0.3686089848560011,-0.9980468749999993,0.3686089848560011,-0.4980468749999991,0.6077334739032705,-9.281249999999991,9.315721730870043e-05,-3.7480468749999996,0.023564384023419805
P03_familiar,P03,familiar,Sets,Diamond theft,True,Qwen/Qwen2.5-3B-Instruct,6,0.7,1.0,Paradox|False|True|Unknown,B,B,False,B,False,False,False,False,False,0.7639872477340429,0.5955573025012777,-5.144531249999998,0.005831690692034499,-0.26928710937499933,0.7639872477340429,-5.425781249999999,0.004401991080898316,-1.4882812499999991,0.22577907049302423,-1.4882812499999991,0.22577907049302423,-0.26928710937499933,0.7639872477340429,-5.144531249999998,0.005831690692034499,-5.425781249999999,0.004401991080898316
P03_familiar,P03,familiar,Sets,Diamond theft,True,Qwen/Qwen2.5-3B-Instruct,7,0.7,1.0,Paradox|False|Unknown|True,D,D,True,D,True,True,False,True,True,0.9239836127836019,0.2697474096763918,-0.07897949218749978,0.9239836127836019,-9.171874999999998,0.0001039130100780127,-12.92187499999999,2.443799762147638e-06,-2.578125,0.07591003040655797,-2.578125,0.07591003040655797,-9.171874999999998,0.0001039130100780127,-12.92187499999999,2.443799762147638e-06,-0.07897949218749978,0.9239836127836019
P03_familiar,P03,familiar,Sets,Diamond theft,True,Qwen/Qwen2.5-3B-Instruct,8,0.7,1.0,Paradox|Unknown|True|False,A,A,Paradox,A,Paradox,Paradox,False,False,False,0.6610173818367964,0.8390755380611775,-4.164062499999999,0.015545638792442314,-3.0390624999999996,0.04788393853567455,-1.2890624999999993,0.27555304083508675,-0.41406249999999956,0.6610173818367964,-0.41406249999999956,0.6610173818367964,-1.2890624999999993,0.27555304083508675,-4.164062499999999,0.015545638792442314,-3.0390624999999996,0.04788393853567455
P03_familiar,P03,familiar,Sets,Diamond theft,True,Qwen/Qwen2.5-3B-Instruct,9,0.7,1.0,Paradox|Unknown|False|True,D,D,True,D,True,True,False,True,True,0.914842625806102,0.29221459194192634,-0.08905029296874956,0.914842625806102,-11.148437499999988,1.439844376374033e-05,-9.054687499999998,0.00011684755409737539,-2.4648437499999996,0.08502612819603683,-2.4648437499999996,0.08502612819603683,-9.054687499999998,0.00011684755409737539,-11.148437499999988,1.439844376374033e-05,-0.08905029296874956,0.914842625806102
P04_abstract,P04,abstract,Sets,Symbolic,True,Qwen/Qwen2.5-3B-Instruct,0,0.7,1.0,True|False|Unknown|Paradox,B,B,False,B,False,False,False,False,False,0.9965178830714886,0.023186751905229983,-21.343749999997804,5.376852599657349e-10,-0.003490447998046875,0.9965178830714886,-5.66015625,0.0034819806471881373,-15.8125,1.357436378889746e-07,-21.343749999997804,5.376852599657349e-10,-0.003490447998046875,0.9965178830714886,-5.66015625,0.0034819806471881373,-15.8125,1.357436378889746e-07
P04_abstract,P04,abstract,Sets,Symbolic,True,Qwen/Qwen2.5-3B-Instruct,1,0.7,1.0,True|False|Paradox|Unknown,B,B,False,B,False,False,False,False,False,0.999925144158506,0.0007860244993340077,-21.406249999999883,5.051074206024411e-10,-7.486343383789062e-05,0.999925144158506,-9.5,7.485183024627869e-05,-19.468749999999996,3.5061404364765877e-09,-21.406249999999883,5.051074206024411e-10,-7.486343383789062e-05,0.999925144158506,-19.468749999999996,3.5061404364765877e-09,-9.5,7.485183024627869e-05
P04_abstract,P04,abstract,Sets,Symbolic,True,Qwen/Qwen2.5-3B-Instruct,2,0.7,1.0,True|Unknown|False|Paradox,B,B,Unknown,C,False,Unknown,False,False,False,0.8080249252650561,0.4891369771507283,-18.906249999996902,6.153298193786187e-09,-0.213134765625,0.8080249252650561,-1.6503906249999998,0.1919696039569191,-12.1171875,5.464624726549377e-06,-18.906249999996902,6.153298193786187e-09,-1.6503906249999998,0.1919696039569191,-0.213134765625,0.8080249252650561,-12.1171875,5.464624726549377e-06
P04_abstract,P04,abstract,Sets,Symbolic,True,Qwen/Qwen2.5-3B-Instruct,3,0.7,1.0,True|Unknown|Paradox|False,B,B,Unknown,B,Unknown,Unknown,False,False,False,0.7982025240036218,0.5029412780283243,-18.65624999999933,7.901769959472474e-09,-1.6005859375,0.20179256915389443,-0.2254638671875,0.7982025240036218,-12.226562499999996,4.898940713846942e-06,-18.65624999999933,7.901769959472474e-09,-0.2254638671875,0.7982025240036218,-12.226562499999996,4.898940713846942e-06,-1.6005859375,0.20179256915389443
P04_abstract,P04,abstract,Sets,Symbolic,True,Qwen/Qwen2.5-3B-Instruct,4,0.7,1.0,True|Paradox|False|Unknown,D,D,Unknown,D,Unknown,Unknown,False,False,False,0.5926525290117788,0.676133869180026,-18.578124999998465,8.541554777850555e-09,-0.8979492187499996,0.4073237292381513,-0.52294921875,0.5926525290117788,-10.648437499999995,2.373320851514185e-05,-18.578124999998465,8.541554777850555e-09,-10.648437499999995,2.373320851514185e-05,-0.8979492187499996,0.4073237292381513,-0.52294921875,0.5926525290117788
P04_abstract,P04,abstract,Sets,Symbolic,True,Qwen/Qwen2.5-3B-Instruct,5,0.7,1.0,True|Paradox|Unknown|False,D,D,False,D,False,False,False,False,False,0.9755892013445846,0.11477487413833158,-21.12499999999549,6.691725382394297e-10,-0.0247344970703125,0.9755892013445846,-3.712890625,0.02440737814587608,-12.585937499999996,3.419840366764442e-06,-21.12499999999549,6.691725382394297e-10,-12.585937499999996,3.419840366764442e-06,-3.712890625,0.02440737814587608,-0.0247344970703125,0.9755892013445846
P04_abstract,P04,abstract,Sets,Symbolic,True,Qwen/Qwen2.5-3B-Instruct,6,0.7,1.0,False|True|Unknown|Paradox,A,A,False,A,False,False,False,False,False,0.9908617211081195,0.05200723796087433,-14.882812499999957,3.4393186815924604e-07,-0.009170532226562278,0.9908617211081195,-4.695312499999999,0.009137922135208773,-18.171874999999986,1.2824803638234954e-08,-0.009170532226562278,0.9908617211081195,-14.882812499999957,3.4393186815924604e-07,-4.695312499999999,0.009137922135208773,-18.171874999999986,1.2824803638234954e-08
P04_abstract,P04,abstract,Sets,Symbolic,True,Qwen/Qwen2.5-3B-Instruct,7,0.7,1.0,False|True|Paradox|Unknown,A,A,False,A,False,False,False,False,False,0.9984962475205778,0.011279695832120065,-14.968749999999986,3.1561210489574773e-07,-0.00150299072265625,0.9984962475205778,-6.5,0.0015034363461771572,-21.374999999999858,5.211402619946963e-10,-0.00150299072265625,0.9984962475205778,-14.968749999999986,3.1561210489574773e-07,-21.374999999999858,5.211402619946963e-10,-6.5,0.0015034363461771572
P04_abstract,P04,abstract,Sets,Symbolic,True,Qwen/Qwen2.5-3B-Instruct,8,0.7,1.0,False|Unknown|True|Paradox,A,A,False,A,False,False,False,False,False,0.9902727268780515,0.05474550421087326,-19.453124999999854,3.561293923394429e-09,-0.009757995605468528,0.9902727268780515,-4.6328125,0.009727198030153874,-16.453124999999996,7.153050059265251e-08,-0.009757995605468528,0.9902727268780515,-4.6328125,0.009727198030153874,-19.453124999999854,3.561293923394429e-09,-16.453124999999996,7.153050059265251e-08
P04_abstract,P04,abstract,Sets,Symbolic,True,Qwen/Qwen2.5-3B-Instruct,9,0.7,1.0,False|Unknown|Paradox|True,A,A,False,A,False,False,False,False,False,0.9986732026676663,0.010116170916995118,-17.74999999999999,1.9555640587931502e-08,-0.0013256072998044655,0.9986732026676663,-6.624999999999999,0.0013267776832576864,-23.09374999999951,9.343528381366995e-11,-0.0013256072998044655,0.9986732026676663,-6.624999999999999,0.0013267776832576864,-23.09374999999951,9.343528381366995e-11,-17.74999999999999,1.9555640587931502e-08
P04_artificial,P04,artificial,Sets,Vorm moons,True,Qwen/Qwen2.5-3B-Instruct,0,0.7,1.0,False|Paradox|True|Unknown,D,D,Unknown,D,Unknown,Unknown,False,False,False,0.8267291762594845,0.46103678170796797,-16.09374999999988,1.0246746558092187e-07,-1.7529296874999984,0.1732706969348935,-0.1903076171875,0.8267291762594845,-17.53124999999958,2.4338156355423488e-08,-1.7529296874999984,0.1732706969348935,-17.53124999999958,2.4338156355423488e-08,-16.09374999999988,1.0246746558092187e-07,-0.1903076171875,0.8267291762594845
P04_artificial,P04,artificial,Sets,Vorm moons,True,Qwen/Qwen2.5-3B-Instruct,1,0.7,1.0,False|Paradox|Unknown|True,A,A,False,A,False,False,False,False,False,0.9998481932502792,0.0015650599919938388,-10.34375,3.2193368789128144e-05,-0.00015175342559814453,0.9998481932502792,-9.031249999999998,0.0001196128758243765,-21.40624999999983,5.05107385427577e-10,-0.00015175342559814453,0.9998481932502792,-21.40624999999983,5.05107385427577e-10,-9.031249999999998,0.0001196128758243765,-10.34375,3.2193368789128144e-05
P04_artificial,P04,artificial,Sets,Vorm moons,True,Qwen/Qwen2.5-3B-Instruct,2,0.7,1.0,Unknown|True|False|Paradox,C,C,False,C,False,False,False,False,False,0.9914238994348256,0.052599626777487814,-4.882812499999998,0.007575623430614168,-0.008605957031249556,0.9914238994348256,-6.945312499999995,0.0009631324372682374,-10.195312499999998,3.734469729211146e-05,-6.945312499999995,0.0009631324372682374,-4.882812499999998,0.007575623430614168,-0.008605957031249556,0.9914238994348256,-10.195312499999998,3.734469729211146e-05
P04_artificial,P04,artificial,Sets,Vorm moons,True,Qwen/Qwen2.5-3B-Instruct,3,0.7,1.0,Unknown|True|Paradox|False,D,D,False,D,False,False,False,False,False,0.999735422951722,0.0025305833681152907,-8.343749999999998,0.0002378785744548833,-0.0002644062042236328,0.999735422951722,-10.531249999999991,2.668923637525017e-05,-18.499999999999947,9.237447760435467e-09,-10.531249999999991,2.668923637525017e-05,-8.343749999999998,0.0002378785744548833,-18.499999999999947,9.237447760435467e-09,-0.0002644062042236328,0.999735422951722
P04_artificial,P04,artificial,Sets,Vorm moons,True,Qwen/Qwen2.5-3B-Instruct,4,0.7,1.0,Unknown|False|True|Paradox,B,B,False,B,False,False,False,False,False,0.999311008694859,0.005710189951876669,-17.74999999999994,1.955566786993106e-08,-0.0006885528564450905,0.999311008694859,-7.2812499999999964,0.0006883241546932179,-14.249999999999995,6.475947798668091e-07,-7.2812499999999964,0.0006883241546932179,-0.0006885528564450905,0.999311008694859,-17.74999999999994,1.955566786993106e-08,-14.249999999999995,6.475947798668091e-07
P04_artificial,P04,artificial,Sets,Vorm moons,True,Qwen/Qwen2.5-3B-Instruct,5,0.7,1.0,Unknown|False|Paradox|True,B,B,False,B,False,False,False,False,False,0.9914083438365846,0.049484135636078855,-11.820312499999998,7.353603730756563e-06,-0.008621215820312278,0.9914083438365846,-4.757812499999999,0.00858430226735312,-21.953124999999883,2.9233153573145816e-10,-4.757812499999999,0.00858430226735312,-0.008621215820312278,0.9914083438365846,-21.953124999999883,2.9233153573145816e-10,-11.820312499999998,7.353603730756563e-06
P04_artificial,P04,artificial,Sets,Vorm moons,True,Qwen/Qwen2.5-3B-Instruct,6,0.7,1.0,Unknown|Paradox|True|False,D,D,False,D,False,False,False,False,False,0.9999905575092812,0.00011986410306597806,-15.656249999999986,1.587000292662882e-07,-9.417533874511719e-06,0.9999905575092812,-11.593749999999984,9.223554952700948e-06,-16.624999999999925,6.023573687289002e-08,-11.593749999999984,9.223554952700948e-06,-16.624999999999925,6.023573687289002e-08,-15.656249999999986,1.587000292662882e-07,-9.417533874511719e-06,0.9999905575092812
P04_artificial,P04,artificial,Sets,Vorm moons,True,Qwen/Qwen2.5-3B-Instruct,7,0.7,1.0,Unknown|Paradox|False|True,C,C,False,C,False,False,False,False,False,0.9997638766688876,0.002344316415614784,-8.65625,0.0001740357191040596,-0.0002361536025998756,0.9997638766688876,-9.687499999999982,6.205434667429981e-05,-17.218749999999915,3.3265334186613244e-08,-9.687499999999982,6.205434667429981e-05,-17.218749999999915,3.3265334186613244e-08,-0.0002361536025998756,0.9997638766688876,-8.65625,0.0001740357191040596
P04_artificial,P04,artificial,Sets,Vorm moons,True,Qwen/Qwen2.5-3B-Instruct,8,0.7,1.0,Paradox|True|False|Unknown,D,D,Unknown,D,Unknown,Unknown,False,False,False,0.9195174234352697,0.28098189119798683,-8.867187499999982,0.0001409408236003409,-2.5214843749999933,0.08034163321570868,-0.08392333984374978,0.9195174234352697,-19.796874999930566,2.5254212754096274e-09,-19.796874999930566,2.5254212754096274e-09,-8.867187499999982,0.0001409408236003409,-2.5214843749999933,0.08034163321570868,-0.08392333984374978,0.9195174234352697
P04_artificial,P04,artificial,Sets,Vorm moons,True,Qwen/Qwen2.5-3B-Instruct,9,0.7,1.0,Paradox|True|Unknown|False,D,D,False,D,False,False,False,False,False,0.9968611038343659,0.02154668000512374,-9.624999999999995,6.605659952111685e-05,-0.0031452178955078125,0.9968611038343659,-5.785156249999999,0.003072834464701851,-19.093749999984748,5.1014112749253516e-09,-19.093749999984748,5.1014112749253516e-09,-9.624999999999995,6.605659952111685e-05,-5.785156249999999,0.003072834464701851,-0.0031452178955078125,0.9968611038343659
P04_belief_violating,P04,belief_violating,Sets,Counterfactual cardinality,True,Qwen/Qwen2.5-3B-Instruct,0,0.7,1.0,Paradox|False|True|Unknown,B,B,False,B,False,False,False,False,False,0.8519256879276144,0.4194957449012319,-11.195312499999995,1.3738751293871548e-05,-0.16027832031249978,0.8519256879276144,-1.9101562499999998,0.14806055901353027,-18.06249999999875,1.4307561597640523e-08,-18.06249999999875,1.4307561597640523e-08,-0.16027832031249978,0.8519256879276144,-11.195312499999995,1.3738751293871548e-05,-1.9101562499999998,0.14806055901353027
P04_belief_violating,P04,belief_violating,Sets,Counterfactual cardinality,True,Qwen/Qwen2.5-3B-Instruct,1,0.7,1.0,Paradox|False|Unknown|True,B,B,False,B,False,False,False,False,False,0.9944335204350145,0.03446732625354841,-12.9765625,2.313911310130703e-06,-0.005573272705078125,0.9944335204350145,-5.19140625,0.0055641279594434755,-17.093749999999968,3.769423177772154e-08,-17.093749999999968,3.769423177772154e-08,-0.005573272705078125,0.9944335204350145,-5.19140625,0.0055641279594434755,-12.9765625,2.313911310130703e-06
P04_belief_violating,P04,belief_violating,Sets,Counterfactual cardinality,True,Qwen/Qwen2.5-3B-Instruct,2,0.7,1.0,Paradox|Unknown|True|False,D,D,False,D,False,False,False,False,False,0.9626330431601662,0.15954499209312997,-11.976562499999998,6.289744703271367e-06,-0.038055419921875,0.9626330431601662,-3.287109375,0.03736066183193559,-19.062499999999567,5.2631950229433745e-09,-19.062499999999567,5.2631950229433745e-09,-3.287109375,0.03736066183193559,-11.976562499999998,6.289744703271367e-06,-0.038055419921875,0.9626330431601662
P04_belief_violating,P04,belief_violating,Sets,Counterfactual cardinality,True,Qwen/Qwen2.5-3B-Instruct,3,0.7,1.0,Paradox|Unknown|False|True,C,C,False,C,False,False,False,False,False,0.9993880564373796,0.005166068309006489,-12.3125,4.495200217324469e-06,-0.0006117820739746094,0.9993880564373796,-7.40625,0.0006074441331917923,-19.281249999999783,4.2292111577771725e-09,-19.281249999999783,4.2292111577771725e-09,-7.40625,0.0006074441331917923,-0.0006117820739746094,0.9993880564373796,-12.3125,4.495200217324469e-06
P04_belief_violating,P04,belief_violating,Sets,Counterfactual cardinality,True,Qwen/Qwen2.5-3B-Instruct,4,0.7,1.0,True|False|Unknown|Paradox,B,B,False,B,False,False,False,False,False,0.9850510970593318,0.07766889415417949,-22.078124999998767,2.579852483014085e-10,-0.01506805419921875,0.9850510970593318,-4.203125,0.014948882818919727,-17.734375,1.9863763202099016e-08,-22.078124999998767,2.579852483014085e-10,-0.01506805419921875,0.9850510970593318,-4.203125,0.014948882818919727,-17.734375,1.9863763202099016e-08
P04_belief_violating,P04,belief_violating,Sets,Counterfactual cardinality,True,Qwen/Qwen2.5-3B-Instruct,5,0.7,1.0,True|False|Paradox|Unknown,B,B,False,B,False,False,False,False,False,0.9999268969158336,0.0007725680029259186,-21.99999999999996,2.7894683404272447e-10,-7.319450378417969e-05,0.9999268969158336,-9.53125,7.254888762705814e-05,-14.40625,5.539175925060725e-07,-21.99999999999996,2.7894683404272447e-10,-7.319450378417969e-05,0.9999268969158336,-14.40625,5.539175925060725e-07,-9.53125,7.254888762705814e-05
P04_belief_violating,P04,belief_violating,Sets,Counterfactual cardinality,True,Qwen/Qwen2.5-3B-Instruct,6,0.7,1.0,True|Unknown|False|Paradox,C,C,False,C,False,False,False,False,False,0.9983991418178116,0.011908862356746727,-20.937499999998963,8.071570724647982e-10,-0.0015993118286132812,0.9983991418178116,-6.4375,0.001600398162557783,-14.59375,4.592124733477575e-07,-20.937499999998963,8.071570724647982e-10,-6.4375,0.001600398162557783,-0.0015993118286132812,0.9983991418178116,-14.59375,4.592124733477575e-07
P04_belief_violating,P04,belief_violating,Sets,Counterfactual cardinality,True,Qwen/Qwen2.5-3B-Instruct,7,0.7,1.0,True|Unknown|Paradox|False,D,D,False,D,False,False,False,False,False,0.9960279288513341,0.026082757920668696,-19.812499999999478,2.486222736512896e-09,-0.003978729248046875,0.9960279288513341,-5.53515625,0.003945587151044359,-10.5390625,2.64815113988821e-05,-19.812499999999478,2.486222736512896e-09,-5.53515625,0.003945587151044359,-10.5390625,2.64815113988821e-05,-0.003978729248046875,0.9960279288513341
P04_belief_violating,P04,belief_violating,Sets,Counterfactual cardinality,True,Qwen/Qwen2.5-3B-Instruct,8,0.7,1.0,True|Paradox|False|Unknown,C,C,False,C,False,False,False,False,False,0.9990870167818074,0.007310855706941342,-21.843749999998785,3.2612162089042657e-10,-0.0009126663208007812,0.9990870167818074,-7.0,0.0009118812963059732,-13.718749999999998,1.1015957650298295e-06,-21.843749999998785,3.2612162089042657e-10,-13.718749999999998,1.1015957650298295e-06,-0.0009126663208007812,0.9990870167818074,-7.0,0.0009118812963059732
P04_belief_violating,P04,belief_violating,Sets,Counterfactual cardinality,True,Qwen/Qwen2.5-3B-Instruct,9,0.7,1.0,True|Paradox|Unknown|False,D,D,False,D,False,False,False,False,False,0.9840861230351747,0.0816901754590905,-21.296874999997698,5.634852970148779e-10,-0.0160369873046875,0.9840861230351747,-4.140625,0.015912825255670594,-13.765624999999996,1.051145669260267e-06,-21.296874999997698,5.634852970148779e-10,-13.765624999999996,1.051145669260267e-06,-4.140625,0.015912825255670594,-0.0160369873046875,0.9840861230351747
P04_familiar,P04,familiar,Sets,Power plant generators,True,Qwen/Qwen2.5-3B-Instruct,0,0.7,1.0,False|True|Unknown|Paradox,A,A,False,A,False,False,False,False,False,0.9999359603351752,0.0006825602706030282,-18.53124999999993,8.953242978473108e-09,-6.401538848854749e-05,0.9999359603351752,-9.656249999999995,6.402416124929337e-05,-18.843749999999986,6.550332492807335e-09,-6.401538848854749e-05,0.9999359603351752,-18.53124999999993,8.953242978473108e-09,-9.656249999999995,6.402416124929337e-05,-18.843749999999986,6.550332492807335e-09
P04_familiar,P04,familiar,Sets,Power plant generators,True,Qwen/Qwen2.5-3B-Instruct,1,0.7,1.0,False|True|Paradox|Unknown,A,A,False,A,False,False,False,False,False,0.9999559910031383,0.0004855261999521156,-18.968749999999947,5.7806481623323374e-09,-4.398822784401624e-05,0.9999559910031383,-10.03125,4.4003119812176766e-05,-23.062499999999307,9.640143565494913e-11,-4.398822784401624e-05,0.9999559910031383,-18.968749999999947,5.7806481623323374e-09,-23.062499999999307,9.640143565494913e-11,-10.03125,4.4003119812176766e-05
P04_familiar,P04,familiar,Sets,Power plant generators,True,Qwen/Qwen2.5-3B-Instruct,2,0.7,1.0,False|Unknown|True|Paradox,A,A,False,A,False,False,False,False,False,0.9998463765597921,0.0015029371769236146,-19.999999999999762,2.0611534293572855e-09,-0.0001535415649411842,0.9998463765597921,-8.78125,0.0001535859682939419,-17.156249999999996,3.541076051390831e-08,-0.0001535415649411842,0.9998463765597921,-8.78125,0.0001535859682939419,-19.999999999999762,2.0611534293572855e-09,-17.156249999999996,3.541076051390831e-08
P04_familiar,P04,familiar,Sets,Power plant generators,True,Qwen/Qwen2.5-3B-Instruct,3,0.7,1.0,False|Unknown|Paradox|True,A,A,False,A,False,False,False,False,False,0.999977155724436,0.0002671072225318148,-17.968749999999982,1.5713430010611107e-08,-2.2768974303977174e-05,0.999977155724436,-10.687499999999998,2.2828516597267316e-05,-23.812499999998785,4.5536811388629174e-11,-2.2768974303977174e-05,0.999977155724436,-10.687499999999998,2.2828516597267316e-05,-23.812499999998785,4.5536811388629174e-11,-17.968749999999982,1.5713430010611107e-08
P04_familiar,P04,familiar,Sets,Power plant generators,True,Qwen/Qwen2.5-3B-Instruct,4,0.7,1.0,False|Paradox|True|Unknown,D,D,Unknown,D,Unknown,Unknown,False,False,False,0.9324763650472211,0.247185845076881,-19.281249999999112,4.229359877584616e-09,-2.6953124999999876,0.0675236289043941,-0.06994628906249978,0.9324763650472211,-20.12499999999812,1.8190250166890564e-09,-2.6953124999999876,0.0675236289043941,-20.12499999999812,1.8190250166890564e-09,-19.281249999999112,4.229359877584616e-09,-0.06994628906249978,0.9324763650472211
P04_familiar,P04,familiar,Sets,Power plant generators,True,Qwen/Qwen2.5-3B-Instruct,5,0.7,1.0,False|Paradox|Unknown|True,A,A,False,A,False,False,False,False,False,0.9999954646582582,6.056625094725576e-05,-17.031249999999993,4.012565204044859e-08,-4.5299530029296875e-06,0.9999954646582582,-12.312499999999986,4.495201760992308e-06,-24.96874999999937,1.4328794449041748e-11,-4.5299530029296875e-06,0.9999954646582582,-24.96874999999937,1.4328794449041748e-11,-12.312499999999986,4.495201760992308e-06,-17.031249999999993,4.012565204044859e-08
P04_familiar,P04,familiar,Sets,Power plant generators,True,Qwen/Qwen2.5-3B-Instruct,6,0.7,1.0,Unknown|True|False|Paradox,C,C,False,C,False,False,False,False,False,0.9990971783330653,0.007996166227545924,-7.749999999999995,0.0004307422921599061,-0.0009026527404778495,0.9990971783330653,-7.749999999999991,0.0004307422921599076,-10.093749999999998,4.133708261492947e-05,-7.749999999999991,0.0004307422921599076,-7.749999999999995,0.0004307422921599061,-0.0009026527404778495,0.9990971783330653,-10.093749999999998,4.133708261492947e-05
P04_familiar,P04,familiar,Sets,Power plant generators,True,Qwen/Qwen2.5-3B-Instruct,7,0.7,1.0,Unknown|True|Paradox|False,D,D,False,D,False,False,False,False,False,0.9999032956063183,0.0010576184316119736,-9.968749999999996,4.6841076812394005e-05,-9.66787338256836e-05,0.9999032956063183,-9.906249999999988,4.9862066716539694e-05,-20.499999999999847,1.2501528284622626e-09,-9.906249999999988,4.9862066716539694e-05,-9.968749999999996,4.6841076812394005e-05,-20.499999999999847,1.2501528284622626e-09,-9.66787338256836e-05,0.9999032956063183
P04_familiar,P04,familiar,Sets,Power plant generators,True,Qwen/Qwen2.5-3B-Instruct,8,0.7,1.0,Unknown|False|True|Paradox,B,B,False,B,False,False,False,False,False,0.9996077664069761,0.003469097388112024,-20.28124999999989,1.555840205786048e-09,-0.00039219856262184827,0.9996077664069761,-7.843749999999998,0.00039219550236557597,-17.124999999999993,3.653481804625645e-08,-7.843749999999998,0.00039219550236557597,-0.00039219856262184827,0.9996077664069761,-20.28124999999989,1.555840205786048e-09,-17.124999999999993,3.653481804625645e-08
P04_familiar,P04,familiar,Sets,Power plant generators,True,Qwen/Qwen2.5-3B-Instruct,9,0.7,1.0,Unknown|False|Paradox|True,B,B,False,B,False,False,False,False,False,0.9935200648375353,0.039112454313970466,-16.468749999999993,7.042319542737034e-08,-0.006507873535156028,0.9935200648375353,-5.0390625,0.006479864705953589,-24.124999999999776,3.3315673714984914e-11,-5.0390625,0.006479864705953589,-0.006507873535156028,0.9935200648375353,-24.124999999999776,3.3315673714984914e-11,-16.468749999999993,7.042319542737034e-08
P05_abstract,P05,abstract,Meta-Logic,Symbolic,True,Qwen/Qwen2.5-3B-Instruct,0,0.7,1.0,Unknown|Paradox|True|False,B,B,Paradox,B,Paradox,Paradox,False,False,False,0.9999288693642746,0.0007549882272071594,-14.03125,8.05945298007687e-07,-9.5625,7.031678921763234e-05,-18.656249999999996,7.901209679410014e-09,-7.11679458618164e-05,0.9999288693642746,-18.656249999999996,7.901209679410014e-09,-7.11679458618164e-05,0.9999288693642746,-14.03125,8.05945298007687e-07,-9.5625,7.031678921763234e-05
P05_abstract,P05,abstract,Meta-Logic,Symbolic,True,Qwen/Qwen2.5-3B-Instruct,1,0.7,1.0,Unknown|Paradox|False|True,B,B,Paradox,B,Paradox,Paradox,False,False,False,0.9999559484119529,0.0005079724156292237,-11.65625,8.664728700285399e-06,-10.25,3.5357502790786795e-05,-17.343749999999996,2.9356555924015656e-08,-4.410743713378906e-05,0.9999559484119529,-17.343749999999996,2.9356555924015656e-08,-4.410743713378906e-05,0.9999559484119529,-10.25,3.5357502790786795e-05,-11.65625,8.664728700285399e-06
P05_abstract,P05,abstract,Meta-Logic,Symbolic,True,Qwen/Qwen2.5-3B-Instruct,2,0.7,1.0,Paradox|True|False|Unknown,D,D,Unknown,D,Unknown,Unknown,False,False,False,0.9867157716872492,0.07088946363348994,-12.265624999999995,4.710828266958011e-06,-10.234374999999995,3.591351709662259e-05,-0.0133514404296875,0.9867157716872492,-4.32421875,0.013243603967387094,-4.32421875,0.013243603967387094,-12.265624999999995,4.710828266958011e-06,-10.234374999999995,3.591351709662259e-05,-0.0133514404296875,0.9867157716872492
P05_abstract,P05,abstract,Meta-Logic,Symbolic,True,Qwen/Qwen2.5-3B-Instruct,3,0.7,1.0,Paradox|True|Unknown|False,A,A,Paradox,A,Paradox,Paradox,False,False,False,0.8024291147912405,0.6318299961374283,-9.28125,9.31642107725692e-05,-2.501953125,0.08193327851264115,-2.158203125,0.11554444248534586,-0.22021484375,0.8024291147912405,-0.22021484375,0.8024291147912405,-9.28125,9.31642107725692e-05,-2.158203125,0.11554444248534586,-2.501953125,0.08193327851264115
P05_abstract,P05,abstract,Meta-Logic,Symbolic,True,Qwen/Qwen2.5-3B-Instruct,4,0.7,1.0,Paradox|False|True|Unknown,D,D,Unknown,D,Unknown,Unknown,False,False,False,0.8518220582686153,0.42054712275185785,-9.257812499999998,9.536587621746328e-05,-10.726562499999998,2.1954471303900868e-05,-0.160400390625,0.8518220582686153,-1.91015625,0.1480606213838634,-1.91015625,0.1480606213838634,-10.726562499999998,2.1954471303900868e-05,-9.257812499999998,9.536587621746328e-05,-0.160400390625,0.8518220582686153
P05_abstract,P05,abstract,Meta-Logic,Symbolic,True,Qwen/Qwen2.5-3B-Instruct,5,0.7,1.0,Paradox|False|Unknown|True,A,A,Paradox,A,Paradox,Paradox,False,False,False,0.999908174222345,0.0010102250859888781,-10.125,4.006530061293279e-05,-14.96875,3.1561272788170756e-07,-9.875,5.144486431424065e-05,-9.191036224365234e-05,0.999908174222345,-9.191036224365234e-05,0.999908174222345,-14.96875,3.1561272788170756e-07,-9.875,5.144486431424065e-05,-10.125,4.006530061293279e-05
P05_abstract,P05,abstract,Meta-Logic,Symbolic,True,Qwen/Qwen2.5-3B-Instruct,6,0.7,1.0,Paradox|Unknown|True|False,A,A,Paradox,A,Paradox,Paradox,False,False,False,0.9861631827060979,0.0816452614465947,-5.484375,0.004151214753960808,-4.640625,0.00965186347772903,-10.296875,3.3739062212194824e-05,-0.01395416259765625,0.9861631827060979,-0.01395416259765625,0.9861631827060979,-10.296875,3.3739062212194824e-05,-5.484375,0.004151214753960808,-4.640625,0.00965186347772903
P05_abstract,P05,abstract,Meta-Logic,Symbolic,True,Qwen/Qwen2.5-3B-Instruct,7,0.7,1.0,Paradox|Unknown|False|True,A,A,Paradox,A,Paradox,Paradox,False,False,False,0.9996142005008767,0.003687355320901294,-8.375,0.00023055984161343901,-8.78125,0.0001535859653756005,-13.3125,1.6536921343804495e-06,-0.0003857612609863281,0.9996142005008767,-0.0003857612609863281,0.9996142005008767,-13.3125,1.6536921343804495e-06,-8.78125,0.0001535859653756005,-8.375,0.00023055984161343901
P05_abstract,P05,abstract,Meta-Logic,Symbolic,True,Qwen/Qwen2.5-3B-Instruct,8,0.7,1.0,True|False|Unknown|Paradox,C,C,Unknown,C,Unknown,Unknown,False,False,False,0.8969434513019017,0.4028833127976324,-13.484374999999973,1.3926365939623157e-06,-2.890625,0.05554499992250155,-0.10882568359374978,0.8969434513019017,-3.046875,0.04751015613900285,-13.484374999999973,1.3926365939623157e-06,-2.890625,0.05554499992250155,-0.10882568359374978,0.8969434513019017,-3.046875,0.04751015613900285
P05_abstract,P05,abstract,Meta-Logic,Symbolic,True,Qwen/Qwen2.5-3B-Instruct,9,0.7,1.0,True|False|Paradox|Unknown,C,C,Paradox,C,Paradox,Paradox,False,False,False,0.9684083938659591,0.15523974334083313,-18.437499999999932,9.832944439473325e-09,-3.65625,0.025828482797989934,-5.15625,0.0057631135031064595,-0.032073974609375,0.9684083938659591,-18.437499999999932,9.832944439473325e-09,-3.65625,0.025828482797989934,-0.032073974609375,0.9684083938659591,-5.15625,0.0057631135031064595
P05_artificial,P05,artificial,Meta-Logic,Vorbian feedback loop,True,Qwen/Qwen2.5-3B-Instruct,0,0.7,1.0,True|Unknown|False|Paradox,C,C,False,C,False,False,False,False,False,0.8338641757604616,0.4602628517104498,-14.992187499999963,3.08287939036659e-07,-0.18164062499999978,0.8338641757604616,-6.24609375,0.0019379242098424175,-1.8066406249999998,0.164197591741757,-14.992187499999963,3.08287939036659e-07,-6.24609375,0.0019379242098424175,-0.18164062499999978,0.8338641757604616,-1.8066406249999998,0.164197591741757
P05_artificial,P05,artificial,Meta-Logic,Vorbian feedback loop,True,Qwen/Qwen2.5-3B-Instruct,1,0.7,1.0,True|Unknown|Paradox|False,C,C,Paradox,C,Paradox,Paradox,False,False,False,0.9999846141136538,0.00019577610890181234,-21.718749999999684,3.695444784807341e-10,-12.15625,5.255423284327025e-06,-11.5,1.0130093517525554e-05,-1.537799835205078e-05,0.9999846141136538,-21.718749999999684,3.695444784807341e-10,-11.5,1.0130093517525554e-05,-1.537799835205078e-05,0.9999846141136538,-12.15625,5.255423284327025e-06
P05_artificial,P05,artificial,Meta-Logic,Vorbian feedback loop,True,Qwen/Qwen2.5-3B-Instruct,2,0.7,1.0,True|Paradox|False|Unknown,B,B,Paradox,B,Paradox,Paradox,False,False,False,0.9871439273219547,0.06889605849808658,-18.109374999999986,1.3651857652421195e-08,-4.35546875,0.012836225567879035,-10.828125,1.9833458308680772e-05,-0.0129241943359375,0.9871439273219547,-18.109374999999986,1.3651857652421195e-08,-0.0129241943359375,0.9871439273219547,-4.35546875,0.012836225567879035,-10.828125,1.9833458308680772e-05
P05_artificial,P05,artificial,Meta-Logic,Vorbian feedback loop,True,Qwen/Qwen2.5-3B-Instruct,3,0.7,1.0,True|Paradox|Unknown|False,B,B,Paradox,B,Paradox,Paradox,False,False,False,0.9948855136817182,0.03372496248319882,-17.781249999999986,1.8953931277774734e-08,-7.59765625,0.0005016234990072512,-5.37890625,0.004612843865343324,-0.005123138427734375,0.9948855136817182,-17.781249999999986,1.8953931277774734e-08,-0.005123138427734375,0.9948855136817182,-5.37890625,0.004612843865343324,-7.59765625,0.0005016234990072512
P05_artificial,P05,artificial,Meta-Logic,Vorbian feedback loop,True,Qwen/Qwen2.5-3B-Instruct,4,0.7,1.0,False|True|Unknown|Paradox,A,A,False,A,False,False,False,False,False,0.9568167052532291,0.20763838966801876,-6.792968749999999,0.0011216513601331791,-0.044158935546874556,0.9568167052532291,-3.4824218749999996,0.030733365947569546,-4.48046875,0.01132827743906819,-0.044158935546874556,0.9568167052532291,-6.792968749999999,0.0011216513601331791,-3.4824218749999996,0.030733365947569546,-4.48046875,0.01132827743906819
P05_artificial,P05,artificial,Meta-Logic,Vorbian feedback loop,True,Qwen/Qwen2.5-3B-Instruct,5,0.7,1.0,False|True|Paradox|Unknown,C,C,Paradox,C,Paradox,Paradox,False,False,False,0.9906467544428462,0.055276004623664325,-8.6015625,0.0001838159437753903,-4.7265625,0.008856748160023215,-8.0703125,0.0003126814533552827,-0.0093841552734375,0.9906467544428462,-4.7265625,0.008856748160023215,-8.6015625,0.0001838159437753903,-0.0093841552734375,0.9906467544428462,-8.0703125,0.0003126814533552827
P05_artificial,P05,artificial,Meta-Logic,Vorbian feedback loop,True,Qwen/Qwen2.5-3B-Instruct,6,0.7,1.0,False|Unknown|True|Paradox,D,D,Paradox,D,Paradox,Paradox,False,False,False,0.6014508268003109,0.8914150337366022,-2.6640624999999996,0.06965699057395808,-1.1337890624999993,0.32177627305127154,-4.945312499999999,0.007115909574459442,-0.5083007812499996,0.6014508268003109,-1.1337890624999993,0.32177627305127154,-4.945312499999999,0.007115909574459442,-2.6640624999999996,0.06965699057395808,-0.5083007812499996,0.6014508268003109
P05_artificial,P05,artificial,Meta-Logic,Vorbian feedback loop,True,Qwen/Qwen2.5-3B-Instruct,7,0.7,1.0,False|Unknown|Paradox|True,C,C,Paradox,C,Paradox,Paradox,False,False,False,0.9999519024269894,0.0005632287000487551,-13.781249999999998,1.0348542750874221e-06,-10.5,2.7536451052139796e-05,-10.84375,1.9526267683457136e-05,-4.816055297829358e-05,0.9999519024269894,-10.5,2.7536451052139796e-05,-10.84375,1.9526267683457136e-05,-4.816055297829358e-05,0.9999519024269894,-13.781249999999998,1.0348542750874221e-06
P05_artificial,P05,artificial,Meta-Logic,Vorbian feedback loop,True,Qwen/Qwen2.5-3B-Instruct,8,0.7,1.0,False|Paradox|True|Unknown,B,B,Paradox,B,Paradox,Paradox,False,False,False,0.9994378816789394,0.005247423545337869,-9.4375,7.96793133598813e-05,-9.1875,0.00010231026353831472,-7.875,0.00038012874416238024,-0.0005617141723630592,0.9994378816789394,-9.1875,0.00010231026353831472,-0.0005617141723630592,0.9994378816789394,-9.4375,7.96793133598813e-05,-7.875,0.00038012874416238024
P05_artificial,P05,artificial,Meta-Logic,Vorbian feedback loop,True,Qwen/Qwen2.5-3B-Instruct,9,0.7,1.0,False|Paradox|Unknown|True,B,B,Paradox,B,Paradox,Paradox,False,False,False,0.9999196042070649,0.0008965945735867691,-13.46875,1.4144780944451922e-06,-10.5,2.7536451201452186e-05,-9.875,5.1444863639142715e-05,-8.04662704465553e-05,0.9999196042070649,-10.5,2.7536451201452186e-05,-8.04662704465553e-05,0.9999196042070649,-9.875,5.1444863639142715e-05,-13.46875,1.4144780944451922e-06
P05_belief_violating,P05,belief_violating,Meta-Logic,Counterfactual loop,True,Qwen/Qwen2.5-3B-Instruct,0,0.7,1.0,Unknown|True|False|Paradox,D,D,Paradox,D,Paradox,Paradox,False,False,False,0.9999804555019656,0.00023161094651733666,-17.874999999999993,1.7257828085198802e-08,-10.843749999999998,1.9526266586299906e-05,-20.749999999999712,9.736200367870557e-10,-1.9550323486328125e-05,0.9999804555019656,-20.749999999999712,9.736200367870557e-10,-17.874999999999993,1.7257828085198802e-08,-10.843749999999998,1.9526266586299906e-05,-1.9550323486328125e-05,0.9999804555019656
P05_belief_violating,P05,belief_violating,Meta-Logic,Counterfactual loop,True,Qwen/Qwen2.5-3B-Instruct,1,0.7,1.0,Unknown|True|Paradox|False,C,C,Paradox,C,Paradox,Paradox,False,False,False,0.9999416612639977,0.0006274565525434008,-16.9375,4.40694055436618e-08,-9.75,5.8294660985471063e-05,-25.906249999998288,5.611236295779109e-12,-5.829334259033203e-05,0.9999416612639977,-25.906249999998288,5.611236295779109e-12,-16.9375,4.40694055436618e-08,-5.829334259033203e-05,0.9999416612639977,-9.75,5.8294660985471063e-05
P05_belief_violating,P05,belief_violating,Meta-Logic,Counterfactual loop,True,Qwen/Qwen2.5-3B-Instruct,2,0.7,1.0,Unknown|False|True|Paradox,D,D,Paradox,D,Paradox,Paradox,False,False,False,0.9945991788722084,0.033649480308059344,-12.726562499999996,2.9711284804603414e-06,-5.22265625,0.005392951436587525,-12.226562499999998,4.8985627237179066e-06,-0.00540924072265625,0.9945991788722084,-12.226562499999998,4.8985627237179066e-06,-5.22265625,0.005392951436587525,-12.726562499999996,2.9711284804603414e-06,-0.00540924072265625,0.9945991788722084
P05_belief_violating,P05,belief_violating,Meta-Logic,Counterfactual loop,True,Qwen/Qwen2.5-3B-Instruct,3,0.7,1.0,Unknown|False|Paradox|True,C,C,Paradox,C,Paradox,Paradox,False,False,False,0.998933901170794,0.008361676055585337,-19.90625,2.263731196070226e-09,-6.84375,0.0010660965199381011,-23.81249999999987,4.553675047206245e-11,-0.0010652542114257812,0.998933901170794,-23.81249999999987,4.553675047206245e-11,-6.84375,0.0010660965199381011,-0.0010652542114257812,0.998933901170794,-19.90625,2.263731196070226e-09
P05_belief_violating,P05,belief_violating,Meta-Logic,Counterfactual loop,True,Qwen/Qwen2.5-3B-Instruct,4,0.7,1.0,Unknown|Paradox|True|False,B,B,Paradox,B,Paradox,Paradox,False,False,False,0.9999611311676587,0.00043389487316758846,-17.25,3.224186713528781e-08,-10.15625,3.8832617496643374e-05,-19.34375,3.972977563557334e-09,-3.886222839355469e-05,0.9999611311676587,-19.34375,3.972977563557334e-09,-3.886222839355469e-05,0.9999611311676587,-17.25,3.224186713528781e-08,-10.15625,3.8832617496643374e-05
P05_belief_violating,P05,belief_violating,Meta-Logic,Counterfactual loop,True,Qwen/Qwen2.5-3B-Instruct,5,0.7,1.0,Unknown|Paradox|False|True,B,B,Paradox,B,Paradox,Paradox,False,False,False,0.9999764319156081,0.0002748352886350671,-18.8125,6.758262781366543e-09,-10.65625,2.3553174108123307e-05,-18.625,8.152021000420295e-09,-2.3603439331054688e-05,0.9999764319156081,-18.625,8.152021000420295e-09,-2.3603439331054688e-05,0.9999764319156081,-10.65625,2.3553174108123307e-05,-18.8125,6.758262781366543e-09
P05_belief_violating,P05,belief_violating,Meta-Logic,Counterfactual loop,True,Qwen/Qwen2.5-3B-Instruct,6,0.7,1.0,Paradox|True|False|Unknown,D,D,Unknown,D,Unknown,Unknown,False,False,False,0.9999991126641508,1.3909256635355082e-05,-17.843749999999996,1.780564931292516e-08,-14.968749999999993,3.1561268582961165e-07,-8.344650268554688e-07,0.9999991126641508,-14.406249999999998,5.539175140610046e-07,-14.406249999999998,5.539175140610046e-07,-17.843749999999996,1.780564931292516e-08,-14.968749999999993,3.1561268582961165e-07,-8.344650268554688e-07,0.9999991126641508
P05_belief_violating,P05,belief_violating,Meta-Logic,Counterfactual loop,True,Qwen/Qwen2.5-3B-Instruct,7,0.7,1.0,Paradox|True|Unknown|False,C,C,Unknown,C,Unknown,Unknown,False,False,False,0.954058844552064,0.19665561643640034,-12.140625,5.338171712112705e-06,-3.140625,0.04325565340305803,-0.047027587890625,0.954058844552064,-5.921875,0.0026801638731658644,-5.921875,0.0026801638731658644,-12.140625,5.338171712112705e-06,-0.047027587890625,0.954058844552064,-3.140625,0.04325565340305803
P05_belief_violating,P05,belief_violating,Meta-Logic,Counterfactual loop,True,Qwen/Qwen2.5-3B-Instruct,8,0.7,1.0,Paradox|False|True|Unknown,D,D,Unknown,D,Unknown,Unknown,False,False,False,0.9999586883427881,0.00048536038383107744,-14.468749999999998,5.203574035796977e-07,-10.4375,2.9312399307944992e-05,-4.1365623474121094e-05,0.9999586883427881,-11.375,1.1478900500388369e-05,-11.375,1.1478900500388369e-05,-10.4375,2.9312399307944992e-05,-14.468749999999998,5.203574035796977e-07,-4.1365623474121094e-05,0.9999586883427881
P05_belief_violating,P05,belief_violating,Meta-Logic,Counterfactual loop,True,Qwen/Qwen2.5-3B-Instruct,9,0.7,1.0,Paradox|False|Unknown|True,A,A,Paradox,A,Paradox,Paradox,False,False,False,0.9813626518406706,0.1056119121055544,-14.390625,5.626495529196698e-07,-4.67578125,0.009318392754888228,-4.67578125,0.009318392754888228,-0.018829345703125,0.9813626518406706,-0.018829345703125,0.9813626518406706,-4.67578125,0.009318392754888228,-4.67578125,0.009318392754888228,-14.390625,5.626495529196698e-07
P05_familiar,P05,familiar,Meta-Logic,Grandfather paradox (time travel),True,Qwen/Qwen2.5-3B-Instruct,0,0.7,1.0,Paradox|Unknown|True|False,A,A,Paradox,A,Paradox,Paradox,False,False,False,0.999999996455478,7.527414103121262e-08,-20.156249999999996,1.7629981135666085e-09,-20.1875,1.7087563639878509e-09,-23.34375,7.276762264475579e-11,0.0,0.999999996455478,0.0,0.999999996455478,-23.34375,7.276762264475579e-11,-20.156249999999996,1.7629981135666085e-09,-20.1875,1.7087563639878509e-09
P05_familiar,P05,familiar,Meta-Logic,Grandfather paradox (time travel),True,Qwen/Qwen2.5-3B-Instruct,1,0.7,1.0,Paradox|Unknown|False|True,A,A,Paradox,A,Paradox,Paradox,False,False,False,0.9999999966979645,7.037480137202672e-08,-20.34375,1.4615767717982422e-09,-20.156249999999996,1.7629981139941116e-09,-23.28125,7.746073111275148e-11,0.0,0.9999999966979645,0.0,0.9999999966979645,-23.28125,7.746073111275148e-11,-20.156249999999996,1.7629981139941116e-09,-20.34375,1.4615767717982422e-09
P05_familiar,P05,familiar,Meta-Logic,Grandfather paradox (time travel),True,Qwen/Qwen2.5-3B-Instruct,2,0.7,1.0,True|False|Unknown|Paradox,D,D,Paradox,D,Paradox,Paradox,False,False,False,0.9999982527765771,2.5918556806666107e-05,-22.906249999999538,1.1270470372255391e-10,-13.5625,1.2878969270255585e-06,-14.593749999999998,4.5921379129431767e-07,-1.7881393432617188e-06,0.9999982527765771,-22.906249999999538,1.1270470372255391e-10,-13.5625,1.2878969270255585e-06,-14.593749999999998,4.5921379129431767e-07,-1.7881393432617188e-06,0.9999982527765771
P05_familiar,P05,familiar,Meta-Logic,Grandfather paradox (time travel),True,Qwen/Qwen2.5-3B-Instruct,3,0.7,1.0,True|False|Paradox|Unknown,C,C,Paradox,C,Paradox,Paradox,False,False,False,0.9999998153761177,3.1438639299373313e-06,-29.15624999999421,2.1757123834054791e-13,-17.03125,4.0125649632283846e-08,-15.75,1.4449801515864287e-07,-1.1920928955078125e-07,0.9999998153761177,-29.15624999999421,2.1757123834054791e-13,-17.03125,4.0125649632283846e-08,-1.1920928955078125e-07,0.9999998153761177,-15.75,1.4449801515864287e-07
P05_familiar,P05,familiar,Meta-Logic,Grandfather paradox (time travel),True,Qwen/Qwen2.5-3B-Instruct,4,0.7,1.0,True|Unknown|False|Paradox,D,D,Paradox,D,Paradox,Paradox,False,False,False,0.9999973453941845,3.7141950405185374e-05,-24.531249999999027,2.2192870395121785e-11,-12.874999999999998,2.5612886889680773e-06,-16.1875,9.329493367588318e-08,-2.6226043701171875e-06,0.9999973453941845,-24.531249999999027,2.2192870395121785e-11,-16.1875,9.329493367588318e-08,-12.874999999999998,2.5612886889680773e-06,-2.6226043701171875e-06,0.9999973453941845
P05_familiar,P05,familiar,Meta-Logic,Grandfather paradox (time travel),True,Qwen/Qwen2.5-3B-Instruct,5,0.7,1.0,True|Unknown|Paradox|False,C,C,Paradox,C,Paradox,Paradox,False,False,False,0.9999999895987451,2.0844750158353215e-07,-29.343749999989516,1.8037290178664684e-13,-19.375,3.850741882715068e-09,-18.84375,6.5503325971259255e-09,0.0,0.9999999895987451,-29.343749999989516,1.8037290178664684e-13,-18.84375,6.5503325971259255e-09,0.0,0.9999999895987451,-19.375,3.850741882715068e-09
P05_familiar,P05,familiar,Meta-Logic,Grandfather paradox (time travel),True,Qwen/Qwen2.5-3B-Instruct,6,0.7,1.0,True|Paradox|False|Unknown,B,B,Paradox,B,Paradox,Paradox,False,False,False,0.9999883313527707,0.00014734237790541712,-23.499999999999968,6.224143966794653e-11,-11.4375,1.0783427367335002e-05,-13.9375,8.851576206086063e-07,-1.1563301086425781e-05,0.9999883313527707,-23.499999999999968,6.224143966794653e-11,-1.1563301086425781e-05,0.9999883313527707,-11.4375,1.0783427367335002e-05,-13.9375,8.851576206086063e-07
P05_familiar,P05,familiar,Meta-Logic,Grandfather paradox (time travel),True,Qwen/Qwen2.5-3B-Instruct,7,0.7,1.0,True|Paradox|Unknown|False,B,B,Paradox,B,Paradox,Paradox,False,False,False,0.9999951022769541,6.531760994801173e-05,-23.37499999999997,7.052879779496231e-11,-16.0,1.1253517357655803e-07,-12.25,4.7851173435401225e-06,-4.887580871582031e-06,0.9999951022769541,-23.37499999999997,7.052879779496231e-11,-4.887580871582031e-06,0.9999951022769541,-12.25,4.7851173435401225e-06,-16.0,1.1253517357655803e-07
P05_familiar,P05,familiar,Meta-Logic,Grandfather paradox (time travel),True,Qwen/Qwen2.5-3B-Instruct,8,0.7,1.0,False|True|Unknown|Paradox,D,D,Paradox,D,Paradox,Paradox,False,False,False,0.9999721584785244,0.00033046619179980614,-14.156249999999998,7.112442421491235e-07,-10.593749999999998,2.5072223779011255e-05,-13.093749999999996,2.058053454398225e-06,-2.7894973754660768e-05,0.9999721584785244,-10.593749999999998,2.5072223779011255e-05,-14.156249999999998,7.112442421491235e-07,-13.093749999999996,2.058053454398225e-06,-2.7894973754660768e-05,0.9999721584785244
P05_familiar,P05,familiar,Meta-Logic,Grandfather paradox (time travel),True,Qwen/Qwen2.5-3B-Instruct,9,0.7,1.0,False|True|Paradox|Unknown,C,C,Paradox,C,Paradox,Paradox,False,False,False,0.9999997837028788,3.7071621930680576e-06,-17.0625,3.8891116582937356e-08,-17.562499999999996,2.3588654598010015e-08,-15.6875,1.5381734992556598e-07,-2.384185791015625e-07,0.9999997837028788,-17.562499999999996,2.3588654598010015e-08,-17.0625,3.8891116582937356e-08,-2.384185791015625e-07,0.9999997837028788,-15.6875,1.5381734992556598e-07
P06_abstract,P06,abstract,Default/Exception,Symbolic,Unknown,Qwen/Qwen2.5-3B-Instruct,0,0.7,1.0,False|Unknown|True|Paradox,B,B,Unknown,B,Unknown,Unknown,False,True,True,0.997100299042435,0.019922536902590042,-17.374999999999986,2.8453430208624534e-08,-5.847656249999997,0.002886665168940425,-0.0029067993164049177,0.997100299042435,-11.249999999999998,1.300733519423839e-05,-5.847656249999997,0.002886665168940425,-0.0029067993164049177,0.997100299042435,-17.374999999999986,2.8453430208624534e-08,-11.249999999999998,1.300733519423839e-05
P06_abstract,P06,abstract,Default/Exception,Symbolic,Unknown,Qwen/Qwen2.5-3B-Instruct,1,0.7,1.0,False|Unknown|Paradox|True,B,B,Unknown,B,Unknown,Unknown,False,True,True,0.9637240444211,0.15638942316786136,-9.6640625,6.352633591566256e-05,-3.318359374999999,0.03621242908404416,-0.036956787109374334,0.9637240444211,-22.562499999999954,1.5894013417718688e-10,-3.318359374999999,0.03621242908404416,-0.036956787109374334,0.9637240444211,-22.562499999999954,1.5894013417718688e-10,-9.6640625,6.352633591566256e-05
P06_abstract,P06,abstract,Default/Exception,Symbolic,Unknown,Qwen/Qwen2.5-3B-Instruct,2,0.7,1.0,False|Paradox|True|Unknown,D,D,Unknown,D,Unknown,Unknown,False,True,True,0.9999996405630558,5.704861597274463e-06,-22.65624999999941,1.4471569797727304e-10,-14.843749999999721,3.576360449778263e-07,-3.5762786865234375e-07,0.9999996405630558,-20.21874999999935,1.6561834604751694e-09,-14.843749999999721,3.576360449778263e-07,-20.21874999999935,1.6561834604751694e-09,-22.65624999999941,1.4471569797727304e-10,-3.5762786865234375e-07,0.9999996405630558
P06_abstract,P06,abstract,Default/Exception,Symbolic,Unknown,Qwen/Qwen2.5-3B-Instruct,3,0.7,1.0,False|Paradox|Unknown|True,A,A,False,A,False,False,False,False,False,0.932810092827123,0.2814838874433951,-4.2265625,0.014602886484466381,-0.06958007812499956,0.932810092827123,-2.9453124999999996,0.05258701433944271,-18.874999999999652,6.348967946298336e-09,-0.06958007812499956,0.932810092827123,-18.874999999999652,6.348967946298336e-09,-2.9453124999999996,0.05258701433944271,-4.2265625,0.014602886484466381
P06_abstract,P06,abstract,Default/Exception,Symbolic,Unknown,Qwen/Qwen2.5-3B-Instruct,4,0.7,1.0,Unknown|True|False|Paradox,A,A,Unknown,A,Unknown,Unknown,False,True,True,0.9996889042715739,0.0029968294562110905,-9.531249999999993,7.254889791362896e-05,-14.218749999999925,6.681522505033563e-07,-0.0003113746643064186,0.9996889042715739,-8.34375,0.0002378786782618571,-0.0003113746643064186,0.9996889042715739,-9.531249999999993,7.254889791362896e-05,-14.218749999999925,6.681522505033563e-07,-8.34375,0.0002378786782618571
P06_abstract,P06,abstract,Default/Exception,Symbolic,Unknown,Qwen/Qwen2.5-3B-Instruct,5,0.7,1.0,Unknown|True|Paradox|False,A,A,Unknown,A,Unknown,Unknown,False,True,True,0.9381171107412475,0.23246080161464758,-10.093749999999991,4.133807054483227e-05,-2.7832031249999996,0.06184155047587541,-0.06390380859374956,0.9381171107412475,-21.062499999999496,7.123322446317218e-10,-0.06390380859374956,0.9381171107412475,-10.093749999999991,4.133807054483227e-05,-21.062499999999496,7.123322446317218e-10,-2.7832031249999996,0.06184155047587541
P06_abstract,P06,abstract,Default/Exception,Symbolic,Unknown,Qwen/Qwen2.5-3B-Instruct,6,0.7,1.0,Unknown|False|True|Paradox,A,A,Unknown,A,Unknown,Unknown,False,True,True,0.9746638416377853,0.11908033391740828,-16.624999999999886,6.0234978158826e-08,-3.6816406249999987,0.025181309508336275,-0.025650024414061612,0.9746638416377853,-8.773437499999998,0.00015478861890033142,-0.025650024414061612,0.9746638416377853,-3.6816406249999987,0.025181309508336275,-16.624999999999886,6.0234978158826e-08,-8.773437499999998,0.00015478861890033142
P06_abstract,P06,abstract,Default/Exception,Symbolic,Unknown,Qwen/Qwen2.5-3B-Instruct,7,0.7,1.0,Unknown|False|Paradox|True,A,A,Unknown,A,Unknown,Unknown,False,True,True,0.9798255477803844,0.1056956159741998,-6.113281249999999,0.002213253880359481,-4.019531249999999,0.017961198221143896,-0.020370483398436834,0.9798255477803844,-22.859374999999503,1.18112299632486e-10,-0.020370483398436834,0.9798255477803844,-4.019531249999999,0.017961198221143896,-22.859374999999503,1.18112299632486e-10,-6.113281249999999,0.002213253880359481
P06_abstract,P06,abstract,Default/Exception,Symbolic,Unknown,Qwen/Qwen2.5-3B-Instruct,8,0.7,1.0,Unknown|Paradox|True|False,D,D,False,A,Unknown,False,False,False,True,0.5774953144659616,0.6810890678613457,-17.515624999999815,2.4715090582858325e-08,-0.8613281249999998,0.4225045977067531,-0.5488281249999996,0.5774953144659616,-16.57812499999976,6.311219476746093e-08,-0.5488281249999996,0.5774953144659616,-16.57812499999976,6.311219476746093e-08,-17.515624999999815,2.4715090582858325e-08,-0.8613281249999998,0.4225045977067531
P06_abstract,P06,abstract,Default/Exception,Symbolic,Unknown,Qwen/Qwen2.5-3B-Instruct,9,0.7,1.0,Unknown|Paradox|False|True,A,A,Unknown,A,Unknown,Unknown,False,True,True,0.9893568619961086,0.05894898130602586,-4.54296875,0.010641889126103954,-13.601562499999956,1.2385725492863138e-06,-0.010711669921874778,0.9893568619961086,-18.39062499999976,1.0305238163888795e-08,-0.010711669921874778,0.9893568619961086,-18.39062499999976,1.0305238163888795e-08,-13.601562499999956,1.2385725492863138e-06,-4.54296875,0.010641889126103954
P06_artificial,P06,artificial,Default/Exception,Glorps and Snorgles,Unknown,Qwen/Qwen2.5-3B-Instruct,0,0.7,1.0,Paradox|True|False|Unknown,D,D,Unknown,D,Unknown,Unknown,False,True,True,0.9324758577316854,0.24719406900030536,-14.41406249999999,5.496257589648588e-07,-2.6953124999999996,0.06752359216803488,-0.0699462890625,0.9324758577316854,-21.468749999996703,4.745207689935734e-10,-21.468749999996703,4.745207689935734e-10,-14.41406249999999,5.496257589648588e-07,-2.6953124999999996,0.06752359216803488,-0.0699462890625,0.9324758577316854
P06_artificial,P06,artificial,Default/Exception,Glorps and Snorgles,Unknown,Qwen/Qwen2.5-3B-Instruct,1,0.7,1.0,Paradox|True|Unknown|False,D,D,False,D,False,False,False,False,False,0.999987372371116,0.0001552165183888198,-17.71875,2.0176445212561778e-08,-1.2636184692382812e-05,0.999987372371116,-11.28125,1.2607105283907347e-05,-21.781249999999936,3.471549160972666e-10,-21.781249999999936,3.471549160972666e-10,-17.71875,2.0176445212561778e-08,-11.28125,1.2607105283907347e-05,-1.2636184692382812e-05,0.999987372371116
P06_artificial,P06,artificial,Default/Exception,Glorps and Snorgles,Unknown,Qwen/Qwen2.5-3B-Instruct,2,0.7,1.0,Paradox|False|True|Unknown,D,D,Unknown,D,Unknown,Unknown,False,True,True,0.9820382524691391,0.08999759129554029,-17.35937499999999,2.8901934176169167e-08,-4.01953125,0.017961699968435475,-0.0181427001953125,0.9820382524691391,-17.79687499999995,1.8660491211760282e-08,-17.79687499999995,1.8660491211760282e-08,-4.01953125,0.017961699968435475,-17.35937499999999,2.8901934176169167e-08,-0.0181427001953125,0.9820382524691391
P06_artificial,P06,artificial,Default/Exception,Glorps and Snorgles,Unknown,Qwen/Qwen2.5-3B-Instruct,3,0.7,1.0,Paradox|False|Unknown|True,B,B,False,B,False,False,False,False,False,0.9990292892935476,0.007704747556057176,-20.78125,9.43664119667055e-10,-0.0009703636169433594,0.9990292892935476,-6.9375,0.0009706925049745099,-17.875,1.725781386184249e-08,-17.875,1.725781386184249e-08,-0.0009703636169433594,0.9990292892935476,-6.9375,0.0009706925049745099,-20.78125,9.43664119667055e-10
P06_artificial,P06,artificial,Default/Exception,Glorps and Snorgles,Unknown,Qwen/Qwen2.5-3B-Instruct,4,0.7,1.0,Paradox|Unknown|True|False,D,D,False,D,False,False,False,False,False,0.9979530199214366,0.01471888232694981,-17.65625,2.147778330168112e-08,-0.00205230712890625,0.9979530199214366,-6.19140625,0.002046952820113095,-18.968749999999986,5.780666954444191e-09,-18.968749999999986,5.780666954444191e-09,-6.19140625,0.002046952820113095,-17.65625,2.147778330168112e-08,-0.00205230712890625,0.9979530199214366
P06_artificial,P06,artificial,Default/Exception,Glorps and Snorgles,Unknown,Qwen/Qwen2.5-3B-Instruct,5,0.7,1.0,Paradox|Unknown|False|True,C,C,False,C,False,False,False,False,False,0.9859565561549427,0.0738495975373227,-17.703125,2.0494529710629896e-08,-0.01416015625,0.9859565561549427,-4.265625,0.014043328584782277,-16.171875,9.476574527025313e-08,-16.171875,9.476574527025313e-08,-4.265625,0.014043328584782277,-0.01416015625,0.9859565561549427,-17.703125,2.0494529710629896e-08
P06_artificial,P06,artificial,Default/Exception,Glorps and Snorgles,Unknown,Qwen/Qwen2.5-3B-Instruct,6,0.7,1.0,True|False|Unknown|Paradox,B,B,False,B,False,False,False,False,False,0.9998258893066493,0.0016818222519764366,-26.437499999996597,3.2986759307525556e-12,-0.0001741647720336914,0.9998258893066493,-8.65625,0.00017403572546152742,-16.40625,7.496459053623119e-08,-26.437499999996597,3.2986759307525556e-12,-0.0001741647720336914,0.9998258893066493,-8.65625,0.00017403572546152742,-16.40625,7.496459053623119e-08
P06_artificial,P06,artificial,Default/Exception,Glorps and Snorgles,Unknown,Qwen/Qwen2.5-3B-Instruct,7,0.7,1.0,True|False|Paradox|Unknown,B,B,False,B,False,False,False,False,False,0.9999995524277026,7.006225015802611e-06,-27.843749999999662,8.083752945792004e-13,-4.76837158203125e-07,0.9999995524277026,-14.625,4.450852630672554e-07,-19.812499999999996,2.4862259208478337e-09,-27.843749999999662,8.083752945792004e-13,-4.76837158203125e-07,0.9999995524277026,-19.812499999999996,2.4862259208478337e-09,-14.625,4.450852630672554e-07
P06_artificial,P06,artificial,Default/Exception,Glorps and Snorgles,Unknown,Qwen/Qwen2.5-3B-Instruct,8,0.7,1.0,True|Unknown|False|Paradox,C,C,False,C,False,False,False,False,False,0.9998055160943504,0.0018934858127034044,-21.906249999999496,3.063631133744495e-10,-0.00019443035125732422,0.9998055160943504,-8.59375,0.00018526004477170682,-11.59375,9.223554514882502e-06,-21.906249999999496,3.063631133744495e-10,-8.59375,0.00018526004477170682,-0.00019443035125732422,0.9998055160943504,-11.59375,9.223554514882502e-06
P06_artificial,P06,artificial,Default/Exception,Glorps and Snorgles,Unknown,Qwen/Qwen2.5-3B-Instruct,9,0.7,1.0,True|Unknown|Paradox|False,D,D,False,D,False,False,False,False,False,0.9999788215759452,0.0002510674117701404,-24.093749999996376,3.437299257754555e-11,-2.1219253540039062e-05,0.9999788215759452,-10.781249999999998,2.0785603311357607e-05,-14.749999999999995,3.927863704972824e-07,-24.093749999996376,3.437299257754555e-11,-10.781249999999998,2.0785603311357607e-05,-14.749999999999995,3.927863704972824e-07,-2.1219253540039062e-05,0.9999788215759452
P06_belief_violating,P06,belief_violating,Default/Exception,Iron object with red exception,Unknown,Qwen/Qwen2.5-3B-Instruct,0,0.7,1.0,True|Paradox|False|Unknown,C,C,False,C,False,False,False,False,False,0.8519148308628707,0.41962844412169287,-17.99999999999919,1.5230125943896156e-08,-0.16027832031249978,0.8519148308628707,-1.91015625,0.14805867210825438,-10.539062499999995,2.6481798749050174e-05,-17.99999999999919,1.5230125943896156e-08,-10.539062499999995,2.6481798749050174e-05,-0.16027832031249978,0.8519148308628707,-1.91015625,0.14805867210825438
P06_belief_violating,P06,belief_violating,Default/Exception,Iron object with red exception,Unknown,Qwen/Qwen2.5-3B-Instruct,1,0.7,1.0,True|Paradox|Unknown|False,D,D,False,D,False,False,False,False,False,0.9999984693370861,2.2437806484780866e-05,-23.28124999999718,7.746073284489236e-11,-1.5497207641601562e-06,0.9999984693370861,-13.468749999999995,1.4144780262830328e-06,-15.968749999999986,1.1610742684097885e-07,-23.28124999999718,7.746073284489236e-11,-15.968749999999986,1.1610742684097885e-07,-13.468749999999995,1.4144780262830328e-06,-1.5497207641601562e-06,0.9999984693370861
P06_belief_violating,P06,belief_violating,Default/Exception,Iron object with red exception,Unknown,Qwen/Qwen2.5-3B-Instruct,2,0.7,1.0,False|True|Unknown|Paradox,A,A,False,A,False,False,False,False,False,0.999996221102931,5.126286592806508e-05,-18.468749999999982,9.530676995829938e-09,-3.695487975852174e-06,0.999996221102931,-12.499999999999995,3.7266528612153342e-06,-16.96875,4.27135309251327e-08,-3.695487975852174e-06,0.999996221102931,-18.468749999999982,9.530676995829938e-09,-12.499999999999995,3.7266528612153342e-06,-16.96875,4.27135309251327e-08
P06_belief_violating,P06,belief_violating,Default/Exception,Iron object with red exception,Unknown,Qwen/Qwen2.5-3B-Instruct,3,0.7,1.0,False|True|Paradox|Unknown,A,A,False,A,False,False,False,False,False,0.9999097024439314,0.0009312747923096036,-18.593749999999975,8.410793123613193e-09,-9.02414321899414e-05,0.9999097024439314,-9.3125,9.028853599960225e-05,-21.21874999999982,6.092758103399877e-10,-9.02414321899414e-05,0.9999097024439314,-18.593749999999975,8.410793123613193e-09,-21.21874999999982,6.092758103399877e-10,-9.3125,9.028853599960225e-05
P06_belief_violating,P06,belief_violating,Default/Exception,Iron object with red exception,Unknown,Qwen/Qwen2.5-3B-Instruct,4,0.7,1.0,False|Unknown|True|Paradox,A,A,False,A,False,False,False,False,False,0.9998554017737566,0.0014253331862532543,-20.062499999999964,1.936274622255374e-09,-0.0001446008682248756,0.9998554017737566,-8.84375,0.00014428067726858634,-14.968749999999998,3.156127000504445e-07,-0.0001446008682248756,0.9998554017737566,-8.84375,0.00014428067726858634,-20.062499999999964,1.936274622255374e-09,-14.968749999999998,3.156127000504445e-07
P06_belief_violating,P06,belief_violating,Default/Exception,Iron object with red exception,Unknown,Qwen/Qwen2.5-3B-Instruct,5,0.7,1.0,False|Unknown|Paradox|True,A,A,False,A,False,False,False,False,False,0.9999816377479063,0.0002187565588262474,-17.781249999999996,1.895401595374622e-08,-1.8358230590376223e-05,0.9999816377479063,-10.906249999999998,1.8343229718934508e-05,-23.406249999999684,6.835885521825653e-11,-1.8358230590376223e-05,0.9999816377479063,-10.906249999999998,1.8343229718934508e-05,-23.406249999999684,6.835885521825653e-11,-17.781249999999996,1.895401595374622e-08
P06_belief_violating,P06,belief_violating,Default/Exception,Iron object with red exception,Unknown,Qwen/Qwen2.5-3B-Instruct,6,0.7,1.0,False|Paradox|True|Unknown,A,A,False,A,False,False,False,False,False,0.9875586030322125,0.06694069620431158,-21.546874999999766,4.388417561910758e-10,-0.012512207031249778,0.9875586030322125,-4.38671875,0.0124413959654618,-21.296874999999677,5.634839688532763e-10,-0.012512207031249778,0.9875586030322125,-21.296874999999677,5.634839688532763e-10,-21.546874999999766,4.388417561910758e-10,-4.38671875,0.0124413959654618
P06_belief_violating,P06,belief_violating,Default/Exception,Iron object with red exception,Unknown,Qwen/Qwen2.5-3B-Instruct,7,0.7,1.0,False|Paradox|Unknown|True,A,A,False,A,False,False,False,False,False,0.9999999161309011,1.4874049928267254e-06,-18.124999999999996,1.3440410426121682e-08,-1.1920928955078125e-07,0.9999999161309011,-16.468749999999986,7.042271534612409e-08,-25.84374999999979,5.973130436923854e-12,-1.1920928955078125e-07,0.9999999161309011,-25.84374999999979,5.973130436923854e-12,-16.468749999999986,7.042271534612409e-08,-18.124999999999996,1.3440410426121682e-08
P06_belief_violating,P06,belief_violating,Default/Exception,Iron object with red exception,Unknown,Qwen/Qwen2.5-3B-Instruct,8,0.7,1.0,Unknown|True|False|Paradox,C,C,False,C,False,False,False,False,False,0.9973929875934698,0.02002520445307781,-6.535156249999999,0.0014515060608168,-0.002613067626952903,0.9973929875934698,-6.785156249999999,0.001130434056797014,-10.59375,2.5072288916259623e-05,-6.785156249999999,0.001130434056797014,-6.535156249999999,0.0014515060608168,-0.002613067626952903,0.9973929875934698,-10.59375,2.5072288916259623e-05
P06_belief_violating,P06,belief_violating,Default/Exception,Iron object with red exception,Unknown,Qwen/Qwen2.5-3B-Instruct,9,0.7,1.0,Unknown|True|Paradox|False,D,D,False,D,False,False,False,False,False,0.9985484745156089,0.011935512271466213,-7.124999999999999,0.0008047313673984153,-0.0014505386352539062,0.9985484745156089,-7.343749999999999,0.0006466198194602918,-15.562499999999973,1.7429753246764886e-07,-7.343749999999999,0.0006466198194602918,-7.124999999999999,0.0008047313673984153,-15.562499999999973,1.7429753246764886e-07,-0.0014505386352539062,0.9985484745156089
P06_familiar,P06,familiar,Default/Exception,Tweety the penguin,Unknown,Qwen/Qwen2.5-3B-Instruct,0,0.7,1.0,Unknown|False|True|Paradox,B,B,False,B,False,False,False,False,False,0.9999999785643741,4.129419219750942e-07,-21.999999999999996,2.78946803307494e-10,2.2204460492503128e-16,0.9999999785643741,-19.124999999999996,4.94445039595127e-09,-17.9375,1.621222870015855e-08,-19.124999999999996,4.94445039595127e-09,2.2204460492503128e-16,0.9999999785643741,-21.999999999999996,2.78946803307494e-10,-17.9375,1.621222870015855e-08
P06_familiar,P06,familiar,Default/Exception,Tweety the penguin,Unknown,Qwen/Qwen2.5-3B-Instruct,1,0.7,1.0,Unknown|False|Paradox|True,B,B,False,B,False,False,False,False,False,0.9999999893867787,2.0635513437293358e-07,-23.28125,7.746073054642167e-11,0.0,0.9999999893867787,-18.375,1.0467401683651807e-08,-23.406249999999993,6.835885477915758e-11,-18.375,1.0467401683651807e-08,0.0,0.9999999893867787,-23.406249999999993,6.835885477915758e-11,-23.28125,7.746073054642167e-11
P06_familiar,P06,familiar,Default/Exception,Tweety the penguin,Unknown,Qwen/Qwen2.5-3B-Instruct,2,0.7,1.0,Unknown|Paradox|True|False,D,D,False,D,False,False,False,False,False,0.9999999961013821,7.96537320693124e-08,-23.812499999999865,4.553681465191087e-11,0.0,0.9999999961013821,-26.78124999999131,2.3391113962097265e-12,-19.374999999999954,3.850741907755223e-09,-26.78124999999131,2.3391113962097265e-12,-19.374999999999954,3.850741907755223e-09,-23.812499999999865,4.553681465191087e-11,0.0,0.9999999961013821
P06_familiar,P06,familiar,Default/Exception,Tweety the penguin,Unknown,Qwen/Qwen2.5-3B-Instruct,3,0.7,1.0,Unknown|Paradox|False|True,C,C,False,C,False,False,False,False,False,0.9999999997264015,6.4985700154745535e-09,-22.531249999999986,1.639843695491435e-10,0.0,0.9999999997264015,-26.312499999995765,3.737889381604084e-12,-22.968749999999957,1.0587626655661439e-10,-26.312499999995765,3.737889381604084e-12,-22.968749999999957,1.0587626655661439e-10,0.0,0.9999999997264015,-22.531249999999986,1.639843695491435e-10
P06_familiar,P06,familiar,Default/Exception,Tweety the penguin,Unknown,Qwen/Qwen2.5-3B-Instruct,4,0.7,1.0,Paradox|True|False|Unknown,D,D,Unknown,D,Unknown,Unknown,False,True,True,0.9566582382279822,0.1784229523335757,-18.265624999999794,1.167761555431628e-08,-3.1386718749999982,0.043341750093244195,-0.044342041015625,0.9566582382279822,-27.48437499957466,1.157982293236895e-12,-27.48437499957466,1.157982293236895e-12,-18.265624999999794,1.167761555431628e-08,-3.1386718749999982,0.043341750093244195,-0.044342041015625,0.9566582382279822
P06_familiar,P06,familiar,Default/Exception,Tweety the penguin,Unknown,Qwen/Qwen2.5-3B-Instruct,5,0.7,1.0,Paradox|True|Unknown|False,D,D,False,D,False,False,False,False,False,0.9999999851982915,2.8193377334268074e-07,-23.93749999999987,4.0186097445727354e-11,0.0,0.9999999851982915,-18.031249999999986,1.4761402310483257e-08,-29.74999999992008,1.2015425554883209e-13,-29.74999999992008,1.2015425554883209e-13,-23.93749999999987,4.0186097445727354e-11,-18.031249999999986,1.4761402310483257e-08,0.0,0.9999999851982915
P06_familiar,P06,familiar,Default/Exception,Tweety the penguin,Unknown,Qwen/Qwen2.5-3B-Instruct,6,0.7,1.0,Paradox|False|True|Unknown,D,D,Unknown,D,Unknown,Unknown,False,True,True,0.9740194813037046,0.12047962847566318,-19.468749999999964,3.5060779343028397e-09,-3.650390625,0.02598051495162588,-0.026306152343749778,0.9740194813037046,-22.15624999999893,2.3859159770779845e-10,-22.15624999999893,2.3859159770779845e-10,-3.650390625,0.02598051495162588,-19.468749999999964,3.5060779343028397e-09,-0.026306152343749778,0.9740194813037046
P06_familiar,P06,familiar,Default/Exception,Tweety the penguin,Unknown,Qwen/Qwen2.5-3B-Instruct,7,0.7,1.0,Paradox|False|Unknown|True,B,B,False,B,False,False,False,False,False,0.999982768045117,0.00020624587482436223,-25.1875,1.15135104687311e-11,-1.728534698486328e-05,0.999982768045117,-10.96875,1.723187060184583e-05,-23.34374999999999,7.27676267770955e-11,-23.34374999999999,7.27676267770955e-11,-1.728534698486328e-05,0.999982768045117,-10.96875,1.723187060184583e-05,-25.1875,1.15135104687311e-11
P06_familiar,P06,familiar,Default/Exception,Tweety the penguin,Unknown,Qwen/Qwen2.5-3B-Instruct,8,0.7,1.0,Paradox|Unknown|True|False,D,D,False,D,False,False,False,False,False,0.9999999036582257,1.6534651001361963e-06,-23.187499999999947,8.507397216486677e-11,-1.1920928955078125e-07,0.9999999036582257,-16.15625,9.625643805498775e-08,-28.968749999977806,2.624410322635053e-13,-28.968749999977806,2.624410322635053e-13,-16.15625,9.625643805498775e-08,-23.187499999999947,8.507397216486677e-11,-1.1920928955078125e-07,0.9999999036582257
P06_familiar,P06,familiar,Default/Exception,Tweety the penguin,Unknown,Qwen/Qwen2.5-3B-Instruct,9,0.7,1.0,Paradox|Unknown|False|True,C,C,False,C,False,False,False,False,False,0.999999894210604,1.805584477920964e-06,-23.468749999999996,6.421720268184882e-11,-1.1920928955078125e-07,0.999999894210604,-16.0625,1.0571701457597931e-07,-25.53124999999951,8.164301129805905e-12,-25.53124999999951,8.164301129805905e-12,-16.0625,1.0571701457597931e-07,-1.1920928955078125e-07,0.999999894210604,-23.468749999999996,6.421720268184882e-11
P07_abstract,P07,abstract,Fallacy,Symbolic,Unknown,Qwen/Qwen2.5-3B-Instruct,0,0.7,1.0,True|False|Unknown|Paradox,C,C,Unknown,C,Unknown,Unknown,False,True,True,0.9999999830000578,3.303739349458897e-07,-30.24999999473666,7.287724010286586e-14,-19.343749999999595,3.972977525257127e-09,4.440892098500625e-16,0.9999999830000578,-18.1562499999999,1.3026891788171522e-08,-30.24999999473666,7.287724010286586e-14,-19.343749999999595,3.972977525257127e-09,4.440892098500625e-16,0.9999999830000578,-18.1562499999999,1.3026891788171522e-08
P07_abstract,P07,abstract,Fallacy,Symbolic,Unknown,Qwen/Qwen2.5-3B-Instruct,1,0.7,1.0,True|False|Paradox|Unknown,D,D,Unknown,D,Unknown,Unknown,False,True,True,0.9999999500576808,8.896483181572594e-07,-26.718749999927233,2.4899710055689336e-12,-16.81249999999988,4.9937178577202975e-08,0.0,0.9999999500576808,-26.656249999994028,2.650560338117218e-12,-26.718749999927233,2.4899710055689336e-12,-16.81249999999988,4.9937178577202975e-08,-26.656249999994028,2.650560338117218e-12,0.0,0.9999999500576808
P07_abstract,P07,abstract,Fallacy,Symbolic,Unknown,Qwen/Qwen2.5-3B-Instruct,2,0.7,1.0,True|Unknown|False|Paradox,B,B,Unknown,B,Unknown,Unknown,False,True,True,0.9996961785325781,0.0028714899168775752,-23.81249999997323,4.55368092587364e-11,-8.218749999999995,0.00026955176116616876,-0.0003037452697751686,0.9996961785325781,-10.28125,3.426966071898169e-05,-23.81249999997323,4.55368092587364e-11,-0.0003037452697751686,0.9996961785325781,-8.218749999999995,0.00026955176116616876,-10.28125,3.426966071898169e-05
P07_abstract,P07,abstract,Fallacy,Symbolic,Unknown,Qwen/Qwen2.5-3B-Instruct,3,0.7,1.0,True|Unknown|Paradox|False,B,B,Unknown,B,Unknown,Unknown,False,True,True,0.8267292356595667,0.461035586698698,-22.937499999986112,1.0924037070294887e-10,-1.7529296875,0.17327070938430703,-0.19030761718749978,0.8267292356595667,-16.718749999999893,5.484688594428525e-08,-22.937499999986112,1.0924037070294887e-10,-0.19030761718749978,0.8267292356595667,-16.718749999999893,5.484688594428525e-08,-1.7529296875,0.17327070938430703
P07_abstract,P07,abstract,Fallacy,Symbolic,Unknown,Qwen/Qwen2.5-3B-Instruct,4,0.7,1.0,True|Paradox|False|Unknown,D,D,Unknown,D,Unknown,Unknown,False,True,True,0.9999999998016786,4.76572013745003e-09,-26.781249999802196,2.3391114053074922e-12,-23.46874999999886,6.421720180739853e-11,0.0,0.9999999998016786,-22.74999999999893,1.3176514267496372e-10,-26.781249999802196,2.3391114053074922e-12,-22.74999999999893,1.3176514267496372e-10,-23.46874999999886,6.421720180739853e-11,0.0,0.9999999998016786
P07_abstract,P07,abstract,Fallacy,Symbolic,Unknown,Qwen/Qwen2.5-3B-Instruct,5,0.7,1.0,True|Paradox|Unknown|False,C,C,Unknown,C,Unknown,Unknown,False,True,True,0.9999646421905243,0.0003977783118086911,-28.124999999287684,6.10193696706128e-13,-10.249999999999998,3.535750250246876e-05,-3.540515899635999e-05,0.9999646421905243,-21.90624999999963,3.06363149890828e-10,-28.124999999287684,6.10193696706128e-13,-21.90624999999963,3.06363149890828e-10,-3.540515899635999e-05,0.9999646421905243,-10.249999999999998,3.535750250246876e-05
P07_abstract,P07,abstract,Fallacy,Symbolic,Unknown,Qwen/Qwen2.5-3B-Instruct,6,0.7,1.0,False|True|Unknown|Paradox,C,C,Unknown,C,Unknown,Unknown,False,True,True,0.9999999988950565,2.4071719534302883e-08,-25.28124999999751,1.0483170007917915e-11,-24.40624999987229,2.5147817537600136e-11,2.2204460492503128e-16,0.9999999988950565,-20.656249999999684,1.0693124115026893e-09,-24.40624999987229,2.5147817537600136e-11,-25.28124999999751,1.0483170007917915e-11,2.2204460492503128e-16,0.9999999988950565,-20.656249999999684,1.0693124115026893e-09
P07_abstract,P07,abstract,Fallacy,Symbolic,Unknown,Qwen/Qwen2.5-3B-Instruct,7,0.7,1.0,False|True|Paradox|Unknown,D,D,Unknown,D,Unknown,Unknown,False,True,True,0.999999998079186,4.069263802519456e-08,-23.90624999999743,4.14617416469111e-11,-20.093749999996803,1.8767017260275036e-09,2.2204460492503128e-16,0.999999998079186,-26.65624999999563,2.650560465396874e-12,-20.093749999996803,1.8767017260275036e-09,-23.90624999999743,4.14617416469111e-11,-26.65624999999563,2.650560465396874e-12,2.2204460492503128e-16,0.999999998079186
P07_abstract,P07,abstract,Fallacy,Symbolic,Unknown,Qwen/Qwen2.5-3B-Instruct,8,0.7,1.0,False|Unknown|True|Paradox,B,B,Unknown,B,Unknown,Unknown,False,True,True,0.999999995402751,9.604605673428262e-08,-24.093749999999908,3.4372991023680095e-11,-20.218749999999876,1.6561834558566786e-09,4.440892098500625e-16,0.999999995402751,-19.656249999999996,2.906692486981514e-09,-20.218749999999876,1.6561834558566786e-09,4.440892098500625e-16,0.999999995402751,-24.093749999999908,3.4372991023680095e-11,-19.656249999999996,2.906692486981514e-09
P07_abstract,P07,abstract,Fallacy,Symbolic,Unknown,Qwen/Qwen2.5-3B-Instruct,9,0.7,1.0,False|Unknown|Paradox|True,B,B,Unknown,B,Unknown,Unknown,False,True,True,0.9999999867619771,2.558738789821999e-07,-21.21874999999999,6.092758389532589e-10,-18.187499999999982,1.2626096510520135e-08,2.2204460492503128e-16,0.9999999867619771,-26.65624999999972,2.6505604353890886e-12,-18.187499999999982,1.2626096510520135e-08,2.2204460492503128e-16,0.9999999867619771,-26.65624999999972,2.6505604353890886e-12,-21.21874999999999,6.092758389532589e-10
P07_artificial,P07,artificial,Fallacy,Two Zorbian villages,Unknown,Qwen/Qwen2.5-3B-Instruct,0,0.7,1.0,False|Paradox|True|Unknown,D,D,Unknown,D,Unknown,Unknown,False,True,True,0.9999999975204064,5.252995026757497e-08,-25.74999999999421,6.560200151925138e-12,-19.937499999993836,2.1940866046374e-09,4.440892098500625e-16,0.9999999975204064,-21.999999999995765,2.7894680859639905e-10,-19.937499999993836,2.1940866046374e-09,-21.999999999995765,2.7894680859639905e-10,-25.74999999999421,6.560200151925138e-12,4.440892098500625e-16,0.9999999975204064
P07_artificial,P07,artificial,Fallacy,Two Zorbian villages,Unknown,Qwen/Qwen2.5-3B-Instruct,1,0.7,1.0,False|Paradox|Unknown|True,C,C,Unknown,C,Unknown,Unknown,False,True,True,0.9980556961255289,0.014162810897761858,-11.187499999999996,1.3846146959511569e-05,-6.249999999999999,0.0019304472601469956,-0.0019426345825190872,0.9980556961255289,-18.374999999999908,1.046736451092818e-08,-6.249999999999999,0.0019304472601469956,-18.374999999999908,1.046736451092818e-08,-0.0019426345825190872,0.9980556961255289,-11.187499999999996,1.3846146959511569e-05
P07_artificial,P07,artificial,Fallacy,Two Zorbian villages,Unknown,Qwen/Qwen2.5-3B-Instruct,2,0.7,1.0,Unknown|True|False|Paradox,A,A,Unknown,A,Unknown,Unknown,False,True,True,0.9999208823178851,0.0008910444312703684,-9.812499999999988,5.476303812970822e-05,-11.656249999999883,8.6647708703955e-06,-8.404254913307874e-05,0.9999208823178851,-11.062499999999993,1.5689873114798816e-05,-8.404254913307874e-05,0.9999208823178851,-9.812499999999988,5.476303812970822e-05,-11.656249999999883,8.6647708703955e-06,-11.062499999999993,1.5689873114798816e-05
P07_artificial,P07,artificial,Fallacy,Two Zorbian villages,Unknown,Qwen/Qwen2.5-3B-Instruct,3,0.7,1.0,Unknown|True|Paradox|False,D,D,False,D,False,False,False,False,False,0.8267216547497306,0.4611465671538889,-11.593749999999964,9.223743385654511e-06,-0.1903076171874991,0.8267216547497306,-1.7529296874999996,0.17326912053324375,-20.749999999997733,9.736398975668312e-10,-1.7529296874999996,0.17326912053324375,-11.593749999999964,9.223743385654511e-06,-20.749999999997733,9.736398975668312e-10,-0.1903076171874991,0.8267216547497306
P07_artificial,P07,artificial,Fallacy,Two Zorbian villages,Unknown,Qwen/Qwen2.5-3B-Instruct,4,0.7,1.0,Unknown|False|True|Paradox,B,B,False,B,False,False,False,False,False,0.5621759621375207,0.685408884710947,-20.703124999999574,1.0205812661342174e-09,-0.5761718749999991,0.5621759621375207,-0.8261718749999993,0.43782307953662153,-13.859374999999991,9.573052764501036e-07,-0.8261718749999993,0.43782307953662153,-0.5761718749999991,0.5621759621375207,-20.703124999999574,1.0205812661342174e-09,-13.859374999999991,9.573052764501036e-07
P07_artificial,P07,artificial,Fallacy,Two Zorbian villages,Unknown,Qwen/Qwen2.5-3B-Instruct,5,0.7,1.0,Unknown|False|Paradox|True,B,B,False,A,Unknown,False,False,False,True,0.6859236381682965,0.6227009639509234,-10.187499999999993,3.7636514553278346e-05,-1.158203124999998,0.3140387251812073,-0.37695312499999734,0.6859236381682965,-22.71874999999882,1.3594294407570152e-10,-0.37695312499999734,0.6859236381682965,-1.158203124999998,0.3140387251812073,-22.71874999999882,1.3594294407570152e-10,-10.187499999999993,3.7636514553278346e-05
P07_artificial,P07,artificial,Fallacy,Two Zorbian villages,Unknown,Qwen/Qwen2.5-3B-Instruct,6,0.7,1.0,Unknown|Paradox|True|False,D,D,False,D,False,False,False,False,False,0.9284047227273899,0.2577463843617361,-23.328124999998092,7.391297468964046e-11,-0.07427978515624933,0.9284047227273899,-2.6367187499999996,0.07159525469042016,-17.60937499999953,2.2508276915163838e-08,-2.6367187499999996,0.07159525469042016,-17.60937499999953,2.2508276915163838e-08,-23.328124999998092,7.391297468964046e-11,-0.07427978515624933,0.9284047227273899
P07_artificial,P07,artificial,Fallacy,Two Zorbian villages,Unknown,Qwen/Qwen2.5-3B-Instruct,7,0.7,1.0,Unknown|Paradox|False|True,A,A,Unknown,A,Unknown,Unknown,False,True,True,0.9819534435024773,0.10127295741469272,-5.238281249999998,0.005309495919243206,-4.363281249999992,0.012736818584091732,-0.018234252929686834,0.9819534435024773,-15.234374999999861,2.419941877362373e-07,-0.018234252929686834,0.9819534435024773,-15.234374999999861,2.419941877362373e-07,-4.363281249999992,0.012736818584091732,-5.238281249999998,0.005309495919243206
P07_artificial,P07,artificial,Fallacy,Two Zorbian villages,Unknown,Qwen/Qwen2.5-3B-Instruct,8,0.7,1.0,Paradox|True|False|Unknown,D,D,Unknown,D,Unknown,Unknown,False,True,True,0.9999999979669192,4.40058451159411e-08,-21.31249999999812,5.547519705224557e-10,-20.34374999999709,1.4615767736571697e-09,2.2204460492503128e-16,0.9999999979669192,-24.812499999663526,1.6752057963758473e-11,-24.812499999663526,1.6752057963758473e-11,-21.31249999999812,5.547519705224557e-10,-20.34374999999709,1.4615767736571697e-09,2.2204460492503128e-16,0.9999999979669192
P07_artificial,P07,artificial,Fallacy,Two Zorbian villages,Unknown,Qwen/Qwen2.5-3B-Instruct,9,0.7,1.0,Paradox|True|Unknown|False,D,D,False,D,False,False,False,False,False,0.9947729525965393,0.03267610815171651,-17.562499999999858,2.358848915530316e-08,-0.005233764648437278,0.9947729525965393,-5.253906249999998,0.005227023718570624,-23.062499999872287,9.640076376871027e-11,-23.062499999872287,9.640076376871027e-11,-17.562499999999858,2.358848915530316e-08,-5.253906249999998,0.005227023718570624,-0.005233764648437278,0.9947729525965393
P07_belief_violating,P07,belief_violating,Fallacy,Counterfactual independence,Unknown,Qwen/Qwen2.5-3B-Instruct,0,0.7,1.0,Paradox|False|True|Unknown,D,D,Unknown,D,Unknown,Unknown,False,True,True,0.9994112083949906,0.004968126692879869,-17.28124999999987,3.12498722754641e-08,-7.437499999999996,0.0005887549247236021,-0.0005884170532224342,0.9994112083949906,-19.031249999992085,5.4304135376724e-09,-19.031249999992085,5.4304135376724e-09,-7.437499999999996,0.0005887549247236021,-17.28124999999987,3.12498722754641e-08,-0.0005884170532224342,0.9994112083949906
P07_belief_violating,P07,belief_violating,Fallacy,Counterfactual independence,Unknown,Qwen/Qwen2.5-3B-Instruct,1,0.7,1.0,Paradox|False|Unknown|True,D,D,True,D,True,True,False,False,False,0.999866845096519,0.001412767773459313,-0.00013315677642822266,0.999866845096519,-9.749999999999996,5.8294663323217115e-05,-9.499999999999998,7.485182936426533e-05,-18.593749999999265,8.410793571140613e-09,-18.593749999999265,8.410793571140613e-09,-9.749999999999996,5.8294663323217115e-05,-9.499999999999998,7.485182936426533e-05,-0.00013315677642822266,0.999866845096519
P07_belief_violating,P07,belief_violating,Fallacy,Counterfactual independence,Unknown,Qwen/Qwen2.5-3B-Instruct,2,0.7,1.0,Paradox|Unknown|True|False,B,B,Unknown,B,Unknown,Unknown,False,True,True,0.9989194676493525,0.00916833581450659,-7.84375,0.00039219493554688454,-7.28125,0.0006883235480678038,-0.001079559326171653,0.9989194676493525,-18.09374999999964,1.3867032767130435e-08,-18.09374999999964,1.3867032767130435e-08,-0.001079559326171653,0.9989194676493525,-7.84375,0.00039219493554688454,-7.28125,0.0006883235480678038
P07_belief_violating,P07,belief_violating,Fallacy,Counterfactual independence,Unknown,Qwen/Qwen2.5-3B-Instruct,3,0.7,1.0,Paradox|Unknown|False|True,D,D,True,D,True,True,False,False,False,0.9668992697774669,0.14536218312530727,-0.033660888671875,0.9668992697774669,-16.24999999999996,8.764247623112533e-08,-3.4082031249999996,0.033100622403613174,-17.718749999999673,2.017644366871828e-08,-17.718749999999673,2.017644366871828e-08,-3.4082031249999996,0.033100622403613174,-16.24999999999996,8.764247623112533e-08,-0.033660888671875,0.9668992697774669
P07_belief_violating,P07,belief_violating,Fallacy,Counterfactual independence,Unknown,Qwen/Qwen2.5-3B-Instruct,4,0.7,1.0,True|False|Unknown|Paradox,C,C,Unknown,C,Unknown,Unknown,False,True,True,0.7662177659481402,0.5451037822584924,-16.859374999998767,4.7653658175057095e-08,-1.4541015624999996,0.23362617109187042,-0.2663574218749998,0.7662177659481402,-8.765625,0.0001560153063312879,-16.859374999998767,4.7653658175057095e-08,-1.4541015624999996,0.23362617109187042,-0.2663574218749998,0.7662177659481402,-8.765625,0.0001560153063312879
P07_belief_violating,P07,belief_violating,Fallacy,Counterfactual independence,Unknown,Qwen/Qwen2.5-3B-Instruct,5,0.7,1.0,True|False|Paradox|Unknown,D,D,Unknown,D,Unknown,Unknown,False,True,True,0.9363177080273704,0.2369824916541471,-17.468749999999904,2.5908532175846813e-08,-2.75390625,0.06368222836740552,-0.06585693359375,0.9363177080273704,-17.09374999999999,3.769669188121332e-08,-17.468749999999904,2.5908532175846813e-08,-2.75390625,0.06368222836740552,-17.09374999999999,3.769669188121332e-08,-0.06585693359375,0.9363177080273704
P07_belief_violating,P07,belief_violating,Fallacy,Counterfactual independence,Unknown,Qwen/Qwen2.5-3B-Instruct,6,0.7,1.0,True|Unknown|False|Paradox,B,B,Unknown,B,Unknown,Unknown,False,True,True,0.9999626168307563,0.0004440902708701686,-16.812499999999932,4.993718346061854e-08,-11.09375,1.5207072349829551e-05,-3.743171691872327e-05,0.9999626168307563,-10.71875,2.2126159710479835e-05,-16.812499999999932,4.993718346061854e-08,-3.743171691872327e-05,0.9999626168307563,-11.09375,1.5207072349829551e-05,-10.71875,2.2126159710479835e-05
P07_belief_violating,P07,belief_violating,Fallacy,Counterfactual independence,Unknown,Qwen/Qwen2.5-3B-Instruct,7,0.7,1.0,True|Unknown|Paradox|False,B,B,Unknown,B,Unknown,Unknown,False,True,True,0.9755927732054416,0.1147297372987387,-16.93749999999988,4.406981385609841e-08,-3.712890625,0.02440709508145453,-0.024719238281249778,0.9755927732054416,-16.24999999999999,8.764329009313011e-08,-16.93749999999988,4.406981385609841e-08,-0.024719238281249778,0.9755927732054416,-16.24999999999999,8.764329009313011e-08,-3.712890625,0.02440709508145453
P07_belief_violating,P07,belief_violating,Fallacy,Counterfactual independence,Unknown,Qwen/Qwen2.5-3B-Instruct,8,0.7,1.0,True|Paradox|False|Unknown,D,D,Unknown,D,Unknown,Unknown,False,True,True,0.9996938469837682,0.002788438320400063,-17.6562499999998,2.147771243460507e-08,-14.187499999999995,6.893614721848889e-07,-0.00030612945556640625,0.9996938469837682,-8.093749999999998,0.0003054421770471714,-17.6562499999998,2.147771243460507e-08,-8.093749999999998,0.0003054421770471714,-14.187499999999995,6.893614721848889e-07,-0.00030612945556640625,0.9996938469837682
P07_belief_violating,P07,belief_violating,Fallacy,Counterfactual independence,Unknown,Qwen/Qwen2.5-3B-Instruct,9,0.7,1.0,True|Paradox|Unknown|False,D,D,False,D,False,False,False,False,False,0.9091797113066605,0.35786596089934,-14.687499999999845,4.1814539781945287e-07,-0.09527587890625,0.9091797113066605,-2.720703125,0.06583262464642996,-3.6894531249999996,0.024987245901511728,-14.687499999999845,4.1814539781945287e-07,-3.6894531249999996,0.024987245901511728,-2.720703125,0.06583262464642996,-0.09527587890625,0.9091797113066605
P07_familiar,P07,familiar,Fallacy,Two rooms,Unknown,Qwen/Qwen2.5-3B-Instruct,0,0.7,1.0,False|True|Unknown|Paradox,C,C,Unknown,C,Unknown,Unknown,False,True,True,0.9999138238050131,0.0009506782419741399,-13.124999999999897,1.9947558319195215e-06,-9.687499999999938,6.20550350148387e-05,-9.727478027121705e-05,0.9999138238050131,-10.718749999999973,2.2126404140025666e-05,-9.687499999999938,6.20550350148387e-05,-13.124999999999897,1.9947558319195215e-06,-9.727478027121705e-05,0.9999138238050131,-10.718749999999973,2.2126404140025666e-05
P07_familiar,P07,familiar,Fallacy,Two rooms,Unknown,Qwen/Qwen2.5-3B-Instruct,1,0.7,1.0,False|True|Paradox|Unknown,D,D,Unknown,D,Unknown,Unknown,False,True,True,0.9999999607153143,7.341693913045132e-07,-18.28124999999958,1.1496192767632951e-08,-17.406249999999407,2.757793280496272e-08,-1.1920928910669204e-07,0.9999999607153143,-22.2812499999967,2.1056011532784936e-10,-17.406249999999407,2.757793280496272e-08,-18.28124999999958,1.1496192767632951e-08,-22.2812499999967,2.1056011532784936e-10,-1.1920928910669204e-07,0.9999999607153143
P07_familiar,P07,familiar,Fallacy,Two rooms,Unknown,Qwen/Qwen2.5-3B-Instruct,2,0.7,1.0,False|Unknown|True|Paradox,B,B,Unknown,B,Unknown,Unknown,False,True,True,0.9999966616771476,4.749950928089099e-05,-19.56249999999972,3.1924110491882187e-09,-13.81249999999997,1.003025735447541e-06,-1.3947486871002113e-05,0.9999966616771476,-12.968749999999991,2.3321047059661737e-06,-13.81249999999997,1.003025735447541e-06,-1.3947486871002113e-05,0.9999966616771476,-19.56249999999972,3.1924110491882187e-09,-12.968749999999991,2.3321047059661737e-06
P07_familiar,P07,familiar,Fallacy,Two rooms,Unknown,Qwen/Qwen2.5-3B-Instruct,3,0.7,1.0,False|Unknown|Paradox|True,B,B,Unknown,B,Unknown,Unknown,False,True,True,0.9999972112014236,3.9425744712421426e-05,-14.999999999999988,3.059027801913661e-07,-12.906249999999982,2.4824899304022712e-06,-4.2915344173888315e-06,0.9999972112014236,-21.624999999999517,4.0586582255484675e-10,-12.906249999999982,2.4824899304022712e-06,-4.2915344173888315e-06,0.9999972112014236,-21.624999999999517,4.0586582255484675e-10,-14.999999999999988,3.059027801913661e-07
P07_familiar,P07,familiar,Fallacy,Two rooms,Unknown,Qwen/Qwen2.5-3B-Instruct,4,0.7,1.0,False|Paradox|True|Unknown,D,D,Unknown,D,Unknown,Unknown,False,True,True,0.9999999981644427,4.023988380548471e-08,-23.46874999998812,6.42172017029495e-11,-20.68749999997238,1.03641312653753e-09,1.110223024625156e-15,0.9999999981644427,-21.03124999999233,7.349269555723755e-10,-20.68749999997238,1.03641312653753e-09,-21.03124999999233,7.349269555723755e-10,-23.46874999998812,6.42172017029495e-11,1.110223024625156e-15,0.9999999981644427
P07_familiar,P07,familiar,Fallacy,Two rooms,Unknown,Qwen/Qwen2.5-3B-Instruct,5,0.7,1.0,False|Paradox|Unknown|True,C,C,Unknown,C,Unknown,Unknown,False,True,True,0.9618815520453384,0.169691783418923,-6.226562499999997,0.0019762640339992745,-3.3203124999999982,0.03614209349471371,-0.038879394531248,0.9618815520453384,-16.2187499999998,9.042594865098753e-08,-3.3203124999999982,0.03614209349471371,-16.2187499999998,9.042594865098753e-08,-0.038879394531248,0.9618815520453384,-6.226562499999997,0.0019762640339992745
P07_familiar,P07,familiar,Fallacy,Two rooms,Unknown,Qwen/Qwen2.5-3B-Instruct,6,0.7,1.0,Unknown|True|False|Paradox,A,A,Unknown,A,Unknown,Unknown,False,True,True,0.9921705382848672,0.049684776076741086,-8.070312499999972,0.0003129832691037429,-7.101562499999866,0.0008246010847588015,-0.008811950683592418,0.9921705382848672,-5.007812499999995,0.0066918773612702695,-0.008811950683592418,0.9921705382848672,-8.070312499999972,0.0003129832691037429,-7.101562499999866,0.0008246010847588015,-5.007812499999995,0.0066918773612702695
P07_familiar,P07,familiar,Fallacy,Two rooms,Unknown,Qwen/Qwen2.5-3B-Instruct,7,0.7,1.0,Unknown|True|Paradox|False,D,D,False,D,False,False,False,False,False,0.9979488141178902,0.01477494747880605,-12.374999999999966,4.222879334105988e-06,-0.0020599365234361677,0.9979488141178902,-6.191406249999996,0.0020469598103773157,-19.562499999998,3.192398391053577e-09,-6.191406249999996,0.0020469598103773157,-12.374999999999966,4.222879334105988e-06,-19.562499999998,3.192398391053577e-09,-0.0020599365234361677,0.9979488141178902
P07_familiar,P07,familiar,Fallacy,Two rooms,Unknown,Qwen/Qwen2.5-3B-Instruct,8,0.7,1.0,Unknown|False|True|Paradox,B,B,False,B,False,False,False,False,False,0.9496680620934236,0.19984789578932036,-19.2343749999988,4.43322786307394e-09,-0.05187988281249378,0.9496680620934236,-2.9902343749999925,0.05028757471476687,-10.023437499999988,4.4358758581790466e-05,-2.9902343749999925,0.05028757471476687,-0.05187988281249378,0.9496680620934236,-19.2343749999988,4.43322786307394e-09,-10.023437499999988,4.4358758581790466e-05
P07_familiar,P07,familiar,Fallacy,Two rooms,Unknown,Qwen/Qwen2.5-3B-Instruct,9,0.7,1.0,Unknown|False|Paradox|True,B,B,False,B,False,False,False,False,False,0.6790987128748168,0.6279415485668699,-10.14062499999998,3.944312127301629e-05,-0.38696289062499156,0.6790987128748168,-1.1367187499999893,0.3208618438209772,-22.4218749999973,1.8293304733719306e-10,-1.1367187499999893,0.3208618438209772,-0.38696289062499156,0.6790987128748168,-22.4218749999973,1.8293304733719306e-10,-10.14062499999998,3.944312127301629e-05
P08_abstract,P08,abstract,Propositional,Symbolic,True,Qwen/Qwen2.5-3B-Instruct,0,0.7,1.0,Unknown|Paradox|True|False,A,A,Unknown,A,Unknown,Unknown,False,False,False,0.9999997334271649,4.327802300919348e-06,-19.21874999999985,4.5019732865966476e-09,-15.156249999999996,2.6165211308710517e-07,-2.384185791015625e-07,0.9999997334271649,-21.593749999999925,4.187487456928079e-10,-2.384185791015625e-07,0.9999997334271649,-21.593749999999925,4.187487456928079e-10,-19.21874999999985,4.5019732865966476e-09,-15.156249999999996,2.6165211308710517e-07
P08_abstract,P08,abstract,Propositional,Symbolic,True,Qwen/Qwen2.5-3B-Instruct,1,0.7,1.0,Unknown|Paradox|False|True,A,A,Unknown,A,Unknown,Unknown,False,False,False,0.9999877690973482,0.00015068075629769855,-11.312499999999998,1.2219225909517328e-05,-19.624999999999662,2.998960967547001e-09,-1.2278556823730469e-05,0.9999877690973482,-18.562499999999943,8.677781292420987e-09,-1.2278556823730469e-05,0.9999877690973482,-18.562499999999943,8.677781292420987e-09,-19.624999999999662,2.998960967547001e-09,-11.312499999999998,1.2219225909517328e-05
P08_abstract,P08,abstract,Propositional,Symbolic,True,Qwen/Qwen2.5-3B-Instruct,2,0.7,1.0,Paradox|True|False|Unknown,D,D,Unknown,D,Unknown,Unknown,False,False,False,0.9999999945420663,1.1155993886771377e-07,-19.156249999999662,4.792325726547596e-09,-21.249999999998963,5.905303966719408e-10,0.0,0.9999999945420663,-23.312499999986112,7.507751480049765e-11,-23.312499999986112,7.507751480049765e-11,-19.156249999999662,4.792325726547596e-09,-21.249999999998963,5.905303966719408e-10,0.0,0.9999999945420663
P08_abstract,P08,abstract,Propositional,Symbolic,True,Qwen/Qwen2.5-3B-Instruct,3,0.7,1.0,Paradox|True|Unknown|False,C,C,Unknown,C,Unknown,Unknown,False,False,False,0.9999998810348606,2.084891288815236e-06,-17.281249999999993,3.1249889406700414e-08,-16.249999999999996,8.764248221583399e-08,-1.1920928955078125e-07,0.9999998810348606,-23.343749999996803,7.276762292068062e-11,-23.343749999996803,7.276762292068062e-11,-17.281249999999993,3.1249889406700414e-08,-1.1920928955078125e-07,0.9999998810348606,-16.249999999999996,8.764248221583399e-08
P08_abstract,P08,abstract,Propositional,Symbolic,True,Qwen/Qwen2.5-3B-Instruct,4,0.7,1.0,Paradox|False|True|Unknown,D,D,Unknown,D,Unknown,Unknown,False,False,False,0.999999988405675,2.240873673185344e-07,-23.90624999999735,4.146174124583387e-11,-18.28124999999962,1.149619171551331e-08,0.0,0.999999988405675,-23.59374999997323,5.6671481043303123e-11,-23.59374999997323,5.6671481043303123e-11,-18.28124999999962,1.149619171551331e-08,-23.90624999999735,4.146174124583387e-11,0.0,0.999999988405675
P08_abstract,P08,abstract,Propositional,Symbolic,True,Qwen/Qwen2.5-3B-Instruct,5,0.7,1.0,Paradox|False|Unknown|True,C,C,Unknown,C,Unknown,Unknown,False,False,False,0.9999987135737924,1.966336195926565e-05,-14.187499999999998,6.893615378880814e-07,-14.343749999999998,5.896421702580291e-07,-1.3113021850585938e-06,0.9999987135737924,-18.718749999999932,7.422499511346044e-09,-18.718749999999932,7.422499511346044e-09,-14.343749999999998,5.896421702580291e-07,-1.3113021850585938e-06,0.9999987135737924,-14.187499999999998,6.893615378880814e-07
P08_abstract,P08,abstract,Propositional,Symbolic,True,Qwen/Qwen2.5-3B-Instruct,6,0.7,1.0,Paradox|Unknown|True|False,B,B,Unknown,B,Unknown,Unknown,False,False,False,0.999999228102015,1.2022842407630355e-05,-17.999999999999996,1.5229978882047887e-08,-14.25,6.475951809027802e-07,-7.152557373046875e-07,0.999999228102015,-16.03125,1.0907282520734537e-07,-16.03125,1.0907282520734537e-07,-7.152557373046875e-07,0.999999228102015,-17.999999999999996,1.5229978882047887e-08,-14.25,6.475951809027802e-07
P08_abstract,P08,abstract,Propositional,Symbolic,True,Qwen/Qwen2.5-3B-Instruct,7,0.7,1.0,Paradox|Unknown|False|True,B,B,Unknown,B,Unknown,Unknown,False,False,False,0.999991961564193,0.00010716320733824113,-13.0,2.260329290696794e-06,-18.906249999999993,6.153467754947289e-09,-7.987022399902344e-06,0.999991961564193,-12.0625,5.771953048474185e-06,-12.0625,5.771953048474185e-06,-7.987022399902344e-06,0.999991961564193,-18.906249999999993,6.153467754947289e-09,-13.0,2.260329290696794e-06
P08_abstract,P08,abstract,Propositional,Symbolic,True,Qwen/Qwen2.5-3B-Instruct,8,0.7,1.0,True|False|Unknown|Paradox,C,C,Unknown,C,Unknown,Unknown,False,False,False,0.9999997029348661,4.8703064944451715e-06,-26.812499999903597,2.2671443804261074e-12,-15.15624999999998,2.616521051087328e-07,-2.384185791015625e-07,0.9999997029348661,-17.156249999999986,3.541076175434612e-08,-26.812499999903597,2.2671443804261074e-12,-15.15624999999998,2.616521051087328e-07,-2.384185791015625e-07,0.9999997029348661,-17.156249999999986,3.541076175434612e-08
P08_abstract,P08,abstract,Propositional,Symbolic,True,Qwen/Qwen2.5-3B-Instruct,9,0.7,1.0,True|False|Paradox|Unknown,D,D,Unknown,D,Unknown,Unknown,False,False,False,0.9999990857455602,1.3635032054029875e-05,-24.40624999998884,2.514781855376944e-11,-13.906249999999975,9.13255671930715e-07,-9.5367431640625e-07,0.9999990857455602,-20.749999999999762,9.736200696807636e-10,-24.40624999998884,2.514781855376944e-11,-13.906249999999975,9.13255671930715e-07,-20.749999999999762,9.736200696807636e-10,-9.5367431640625e-07,0.9999990857455602
P08_artificial,P08,artificial,Propositional,Plort and Snorg,True,Qwen/Qwen2.5-3B-Instruct,0,0.7,1.0,True|Unknown|False|Paradox,B,B,Unknown,B,Unknown,Unknown,False,False,False,0.999983258422884,0.00021168041602922534,-12.093749999999998,5.594368716986078e-06,-11.406249999999998,1.1125730686129227e-05,-1.668930053688733e-05,0.999983258422884,-17.65625,2.1477712821593676e-08,-12.093749999999998,5.594368716986078e-06,-1.668930053688733e-05,0.999983258422884,-11.406249999999998,1.1125730686129227e-05,-17.65625,2.1477712821593676e-08
P08_artificial,P08,artificial,Propositional,Plort and Snorg,True,Qwen/Qwen2.5-3B-Instruct,1,0.7,1.0,True|Unknown|Paradox|False,B,B,Unknown,B,Unknown,Unknown,False,False,False,0.9999824218671822,0.0002179581263725786,-11.125,1.4739200168729032e-05,-12.78125,2.8130255791306304e-06,-1.764297485329358e-05,0.9999824218671822,-17.468749999999993,2.5907069927611374e-08,-11.125,1.4739200168729032e-05,-1.764297485329358e-05,0.9999824218671822,-17.468749999999993,2.5907069927611374e-08,-12.78125,2.8130255791306304e-06
P08_artificial,P08,artificial,Propositional,Plort and Snorg,True,Qwen/Qwen2.5-3B-Instruct,2,0.7,1.0,True|Paradox|False|Unknown,D,D,Unknown,D,Unknown,Unknown,False,False,False,0.9999990045653572,1.5091135856399213e-05,-17.249999999999854,3.224186602612518e-08,-16.812499999999922,4.99371789857618e-08,-9.5367431640625e-07,0.9999990045653572,-13.90624999999997,9.132555977923712e-07,-17.249999999999854,3.224186602612518e-08,-13.90624999999997,9.132555977923712e-07,-16.812499999999922,4.99371789857618e-08,-9.5367431640625e-07,0.9999990045653572
P08_artificial,P08,artificial,Propositional,Plort and Snorg,True,Qwen/Qwen2.5-3B-Instruct,3,0.7,1.0,True|Paradox|Unknown|False,C,C,Unknown,C,Unknown,Unknown,False,False,False,0.9999995191057288,7.865421058510129e-06,-15.718749999999972,1.490848836840972e-07,-17.46874999999999,2.5907068146636038e-08,-4.76837158203125e-07,0.9999995191057288,-14.999999999999984,3.0590231926071505e-07,-15.718749999999972,1.490848836840972e-07,-14.999999999999984,3.0590231926071505e-07,-4.76837158203125e-07,0.9999995191057288,-17.46874999999999,2.5907068146636038e-08
P08_artificial,P08,artificial,Propositional,Plort and Snorg,True,Qwen/Qwen2.5-3B-Instruct,4,0.7,1.0,False|True|Unknown|Paradox,C,C,Unknown,C,Unknown,Unknown,False,False,False,0.8933485624480153,0.3394786781908377,-2.238281249999999,0.10664969510907574,-14.234374999999678,6.578430612103869e-07,-0.11285400390624956,0.8933485624480153,-13.734374999999991,1.0845998477997121e-06,-14.234374999999678,6.578430612103869e-07,-2.238281249999999,0.10664969510907574,-0.11285400390624956,0.8933485624480153,-13.734374999999991,1.0845998477997121e-06
P08_artificial,P08,artificial,Propositional,Plort and Snorg,True,Qwen/Qwen2.5-3B-Instruct,5,0.7,1.0,False|True|Paradox|Unknown,D,D,Unknown,D,Unknown,Unknown,False,False,False,0.9999296501088623,0.0007433315119856774,-9.562499999999993,7.0316785444068e-05,-17.312499999999595,3.028843080730543e-08,-7.033348083496094e-05,0.9999296501088623,-19.687499999999794,2.817262920533478e-09,-17.312499999999595,3.028843080730543e-08,-9.562499999999993,7.0316785444068e-05,-19.687499999999794,2.817262920533478e-09,-7.033348083496094e-05,0.9999296501088623
P08_artificial,P08,artificial,Propositional,Plort and Snorg,True,Qwen/Qwen2.5-3B-Instruct,6,0.7,1.0,False|Unknown|True|Paradox,B,B,Unknown,B,Unknown,Unknown,False,False,False,0.9999841683563767,0.0001935329237131525,-11.093749999999995,1.520707197296277e-05,-17.93749999999946,1.6212229421647026e-08,-1.585483551003186e-05,0.9999841683563767,-14.312499999999998,6.083594208469154e-07,-17.93749999999946,1.6212229421647026e-08,-1.585483551003186e-05,0.9999841683563767,-11.093749999999995,1.520707197296277e-05,-14.312499999999998,6.083594208469154e-07
P08_artificial,P08,artificial,Propositional,Plort and Snorg,True,Qwen/Qwen2.5-3B-Instruct,7,0.7,1.0,False|Unknown|Paradox|True,B,B,Unknown,B,Unknown,Unknown,False,False,False,0.9990880501335958,0.007295855196537095,-7.0,0.0009118813698229697,-16.59374999999994,6.214778536712765e-08,-0.000911712646484153,0.9990880501335958,-18.874999999999883,6.3487959683798645e-09,-16.59374999999994,6.214778536712765e-08,-0.000911712646484153,0.9990880501335958,-18.874999999999883,6.3487959683798645e-09,-7.0,0.0009118813698229697
P08_artificial,P08,artificial,Propositional,Plort and Snorg,True,Qwen/Qwen2.5-3B-Instruct,8,0.7,1.0,False|Paradox|True|Unknown,D,D,Unknown,D,Unknown,Unknown,False,False,False,0.9999999579758083,7.76602085864995e-07,-18.96874999999983,5.780648045062448e-09,-20.906249999996803,8.327813093518795e-10,0.0,0.9999999579758083,-17.156249999999808,3.541076234296449e-08,-20.906249999996803,8.327813093518795e-10,-17.156249999999808,3.541076234296449e-08,-18.96874999999983,5.780648045062448e-09,0.0,0.9999999579758083
P08_artificial,P08,artificial,Propositional,Plort and Snorg,True,Qwen/Qwen2.5-3B-Instruct,9,0.7,1.0,False|Paradox|Unknown|True,C,C,Unknown,C,Unknown,Unknown,False,False,False,0.49999945104712445,0.6931629236193151,-0.693359375,0.49999945104712434,-16.093749999999762,1.02486074773441e-07,-0.6933593749999998,0.49999945104712445,-13.820312499999968,9.95419676321705e-07,-16.093749999999762,1.02486074773441e-07,-13.820312499999968,9.95419676321705e-07,-0.6933593749999998,0.49999945104712445,-0.693359375,0.49999945104712434
P08_belief_violating,P08,belief_violating,Propositional,Counterfactual tautology,True,Qwen/Qwen2.5-3B-Instruct,0,0.7,1.0,Unknown|True|False|Paradox,A,A,Unknown,A,Unknown,Unknown,False,False,False,0.9999652302439878,0.00041314150709819255,-10.625,2.4300837994807197e-05,-17.874999999999964,1.7257832771324607e-08,-3.504753112792969e-05,0.9999652302439878,-11.46875,1.0451660184628973e-05,-3.504753112792969e-05,0.9999652302439878,-10.625,2.4300837994807197e-05,-17.874999999999964,1.7257832771324607e-08,-11.46875,1.0451660184628973e-05
P08_belief_violating,P08,belief_violating,Propositional,Counterfactual tautology,True,Qwen/Qwen2.5-3B-Instruct,1,0.7,1.0,Unknown|True|Paradox|False,A,A,Unknown,A,Unknown,Unknown,False,False,False,0.9999351635976469,0.0007113099559299175,-11.9375,6.540480858447735e-06,-9.75,5.8294671341732085e-05,-6.496906280517578e-05,0.9999351635976469,-20.499999999999943,1.2501530296048843e-09,-6.496906280517578e-05,0.9999351635976469,-11.9375,6.540480858447735e-06,-20.499999999999943,1.2501530296048843e-09,-9.75,5.8294671341732085e-05
P08_belief_violating,P08,belief_violating,Propositional,Counterfactual tautology,True,Qwen/Qwen2.5-3B-Instruct,2,0.7,1.0,Unknown|False|True|Paradox,A,A,Unknown,A,Unknown,Unknown,False,False,False,0.9999932998067177,8.845184175926605e-05,-19.999999999999925,2.061154309075786e-09,-14.406249999999998,5.539177278751843e-07,-7.033348083496094e-06,0.9999932998067177,-12.0,6.14421440016448e-06,-7.033348083496094e-06,0.9999932998067177,-14.406249999999998,5.539177278751843e-07,-19.999999999999925,2.061154309075786e-09,-12.0,6.14421440016448e-06
P08_belief_violating,P08,belief_violating,Propositional,Counterfactual tautology,True,Qwen/Qwen2.5-3B-Instruct,3,0.7,1.0,Unknown|False|Paradox|True,A,A,Unknown,A,Unknown,Unknown,False,False,False,0.9999994661283705,8.50588098125938e-06,-14.65625,4.3139144333748603e-07,-16.093749999999996,1.0246444897229196e-07,-5.960464477539062e-07,0.9999994661283705,-24.874999999999478,1.5737103085320372e-11,-5.960464477539062e-07,0.9999994661283705,-16.093749999999996,1.0246444897229196e-07,-24.874999999999478,1.5737103085320372e-11,-14.65625,4.3139144333748603e-07
P08_belief_violating,P08,belief_violating,Propositional,Counterfactual tautology,True,Qwen/Qwen2.5-3B-Instruct,4,0.7,1.0,Unknown|Paradox|True|False,A,A,Unknown,A,Unknown,Unknown,False,False,False,0.9999913325078141,0.00010972192435677144,-20.781249999999943,9.436650373733059e-10,-11.65625,8.664729558777152e-06,-8.821487426757812e-06,0.9999913325078141,-20.124999999999982,1.8189619675962177e-09,-8.821487426757812e-06,0.9999913325078141,-20.124999999999982,1.8189619675962177e-09,-20.781249999999943,9.436650373733059e-10,-11.65625,8.664729558777152e-06
P08_belief_violating,P08,belief_violating,Propositional,Counterfactual tautology,True,Qwen/Qwen2.5-3B-Instruct,5,0.7,1.0,Unknown|Paradox|False|True,A,A,Unknown,A,Unknown,Unknown,False,False,False,0.9999979325433452,2.919528938072003e-05,-13.09375,2.058053261012068e-06,-19.343749999999932,3.9729774302979405e-09,-2.0265579223632812e-06,0.9999979325433452,-19.031249999999986,5.430416291158108e-09,-2.0265579223632812e-06,0.9999979325433452,-19.031249999999986,5.430416291158108e-09,-19.343749999999932,3.9729774302979405e-09,-13.09375,2.058053261012068e-06
P08_belief_violating,P08,belief_violating,Propositional,Counterfactual tautology,True,Qwen/Qwen2.5-3B-Instruct,6,0.7,1.0,Paradox|True|False|Unknown,D,D,Unknown,D,Unknown,Unknown,False,False,False,0.9999999955218621,9.469132524312148e-08,-19.718749999999908,2.730584892177709e-09,-21.218749999999694,6.09275844290625e-10,0.0,0.9999999955218621,-20.5937499999997,1.1382771330570562e-09,-20.5937499999997,1.1382771330570562e-09,-19.718749999999908,2.730584892177709e-09,-21.218749999999694,6.09275844290625e-10,0.0,0.9999999955218621
P08_belief_violating,P08,belief_violating,Propositional,Counterfactual tautology,True,Qwen/Qwen2.5-3B-Instruct,7,0.7,1.0,Paradox|True|Unknown|False,C,C,Unknown,C,Unknown,Unknown,False,False,False,0.9999951234028385,6.562402101850717e-05,-16.40625,7.496458844113305e-08,-12.28125,4.637894858208353e-06,-4.887580871582031e-06,0.9999951234028385,-15.624999999999998,1.6373771485558218e-07,-15.624999999999998,1.6373771485558218e-07,-16.40625,7.496458844113305e-08,-4.887580871582031e-06,0.9999951234028385,-12.28125,4.637894858208353e-06
P08_belief_violating,P08,belief_violating,Propositional,Counterfactual tautology,True,Qwen/Qwen2.5-3B-Instruct,8,0.7,1.0,Paradox|False|True|Unknown,D,D,Unknown,D,Unknown,Unknown,False,False,False,0.999999986445808,2.614305713126768e-07,-24.53124999999919,2.2192870804593857e-11,-18.15624999999995,1.3026891833058291e-08,0.0,0.999999986445808,-21.406249999999446,5.051074113366191e-10,-21.406249999999446,5.051074113366191e-10,-18.15624999999995,1.3026891833058291e-08,-24.53124999999919,2.2192870804593857e-11,0.0,0.999999986445808
P08_belief_violating,P08,belief_violating,Propositional,Counterfactual tautology,True,Qwen/Qwen2.5-3B-Instruct,9,0.7,1.0,Paradox|False|Unknown|True,C,C,Unknown,C,Unknown,Unknown,False,False,False,0.9999991752489644,1.2982468788259027e-05,-18.65625,7.90120948135367e-09,-14.59375,4.592137769665057e-07,-8.344650268554688e-07,0.9999991752489644,-14.84375,3.5763604909869213e-07,-14.84375,3.5763604909869213e-07,-14.59375,4.592137769665057e-07,-8.344650268554688e-07,0.9999991752489644,-18.65625,7.90120948135367e-09
P08_familiar,P08,familiar,Propositional,Stock market trader,True,Qwen/Qwen2.5-3B-Instruct,0,0.7,1.0,Paradox|Unknown|True|False,B,B,Unknown,B,Unknown,Unknown,False,False,False,0.9999898061566286,0.00013427411972408043,-11.843749999999996,7.183312416834677e-06,-12.78125,2.813025560609765e-06,-1.0251998901145143e-05,0.9999898061566286,-15.437499999999986,1.97505393938648e-07,-15.437499999999986,1.97505393938648e-07,-1.0251998901145143e-05,0.9999898061566286,-11.843749999999996,7.183312416834677e-06,-12.78125,2.813025560609765e-06
P08_familiar,P08,familiar,Propositional,Stock market trader,True,Qwen/Qwen2.5-3B-Instruct,1,0.7,1.0,Paradox|Unknown|False|True,B,B,Unknown,B,Unknown,Unknown,False,False,False,0.9979522588768928,0.01473075724310382,-6.19140625,0.0020469551633488566,-14.71874999999999,4.052565043943646e-07,-0.0020542144775388405,0.9979522588768928,-14.781249999999993,3.807032540181915e-07,-14.781249999999993,3.807032540181915e-07,-0.0020542144775388405,0.9979522588768928,-14.71874999999999,4.052565043943646e-07,-6.19140625,0.0020469551633488566
P08_familiar,P08,familiar,Propositional,Stock market trader,True,Qwen/Qwen2.5-3B-Instruct,2,0.7,1.0,True|False|Unknown|Paradox,C,C,Unknown,C,Unknown,Unknown,False,False,False,0.9999991396592608,1.2893529340733794e-05,-21.59374999999806,4.187487466475861e-10,-13.968749999999988,8.579242518815711e-07,-8.344650268554688e-07,0.9999991396592608,-20.03124999999997,1.997738540535166e-09,-21.59374999999806,4.187487466475861e-10,-13.968749999999988,8.579242518815711e-07,-8.344650268554688e-07,0.9999991396592608,-20.03124999999997,1.997738540535166e-09
P08_familiar,P08,familiar,Propositional,Stock market trader,True,Qwen/Qwen2.5-3B-Instruct,3,0.7,1.0,True|False|Paradox|Unknown,D,D,Unknown,D,Unknown,Unknown,False,False,False,0.9999972720578262,3.769163498022219e-05,-20.71874999999535,1.0045260626390348e-09,-12.812499999999952,2.7264777421666173e-06,-2.7418136596679688e-06,0.9999972720578262,-21.49999999999941,4.5990554424336484e-10,-20.71874999999535,1.0045260626390348e-09,-12.812499999999952,2.7264777421666173e-06,-21.49999999999941,4.5990554424336484e-10,-2.7418136596679688e-06,0.9999972720578262
P08_familiar,P08,familiar,Propositional,Stock market trader,True,Qwen/Qwen2.5-3B-Instruct,4,0.7,1.0,True|Unknown|False|Paradox,B,B,Unknown,B,Unknown,Unknown,False,False,False,0.9999523722600925,0.0005345253459833338,-12.531249999999993,3.6119958752498013e-06,-10.031249999999995,4.400311793631649e-05,-4.756450653031763e-05,0.9999523722600925,-18.187499999999993,1.2626095864952874e-08,-12.531249999999993,3.6119958752498013e-06,-4.756450653031763e-05,0.9999523722600925,-10.031249999999995,4.400311793631649e-05,-18.187499999999993,1.2626095864952874e-08
P08_familiar,P08,familiar,Propositional,Stock market trader,True,Qwen/Qwen2.5-3B-Instruct,5,0.7,1.0,True|Unknown|Paradox|False,B,B,Unknown,B,Unknown,Unknown,False,False,False,0.9999777545162345,0.00027411462944386915,-12.031249999999998,5.955175088881348e-06,-11.031249999999998,1.618784422939815e-05,-2.229213714532996e-05,0.9999777545162345,-16.09374999999998,1.0246444735655958e-07,-12.031249999999998,5.955175088881348e-06,-2.229213714532996e-05,0.9999777545162345,-16.09374999999998,1.0246444735655958e-07,-11.031249999999998,1.618784422939815e-05
P08_familiar,P08,familiar,Propositional,Stock market trader,True,Qwen/Qwen2.5-3B-Instruct,6,0.7,1.0,True|Paradox|False|Unknown,D,D,Unknown,D,Unknown,Unknown,False,False,False,0.9999988210767915,1.7798361399491308e-05,-18.781249999998995,6.972792918067039e-09,-15.593749999999915,1.6893530823240896e-07,-1.1920928955078125e-06,0.9999988210767915,-13.812499999999943,1.0030151074537602e-06,-18.781249999998995,6.972792918067039e-09,-13.812499999999943,1.0030151074537602e-06,-15.593749999999915,1.6893530823240896e-07,-1.1920928955078125e-06,0.9999988210767915
P08_familiar,P08,familiar,Propositional,Stock market trader,True,Qwen/Qwen2.5-3B-Instruct,7,0.7,1.0,True|Paradox|Unknown|False,C,C,Unknown,C,Unknown,Unknown,False,False,False,0.9999999064254251,1.6906750892251032e-06,-18.249999999999744,1.1861120455403247e-08,-17.656249999999975,2.1477714497960492e-08,-1.1920928932873665e-07,0.9999999064254251,-16.624999999999947,6.023573992299373e-08,-18.249999999999744,1.1861120455403247e-08,-16.624999999999947,6.023573992299373e-08,-1.1920928932873665e-07,0.9999999064254251,-17.656249999999975,2.1477714497960492e-08
P08_familiar,P08,familiar,Propositional,Stock market trader,True,Qwen/Qwen2.5-3B-Instruct,8,0.7,1.0,False|True|Unknown|Paradox,C,C,Unknown,C,Unknown,Unknown,False,False,False,0.9871636838195094,0.0686635238292701,-4.355468749999997,0.012836188669078635,-16.171874999998685,9.476240221985579e-08,-0.012901306152343084,0.9871636838195094,-17.234374999999922,3.2749009899121434e-08,-16.171874999998685,9.476240221985579e-08,-4.355468749999997,0.012836188669078635,-0.012901306152343084,0.9871636838195094,-17.234374999999922,3.2749009899121434e-08
P08_familiar,P08,familiar,Propositional,Stock market trader,True,Qwen/Qwen2.5-3B-Instruct,9,0.7,1.0,False|True|Paradox|Unknown,D,D,Unknown,D,Unknown,Unknown,False,False,False,0.9999124644243705,0.0009056528656964238,-9.343749999999982,8.751065156933114e-05,-17.593749999998707,2.2862906577561522e-08,-8.749961853027344e-05,0.9999124644243705,-19.99999999999958,2.0611535404290864e-09,-17.593749999998707,2.2862906577561522e-08,-9.343749999999982,8.751065156933114e-05,-19.99999999999958,2.0611535404290864e-09,-8.749961853027344e-05,0.9999124644243705
P09_abstract,P09,abstract,Paradox,Symbolic,Paradox,Qwen/Qwen2.5-3B-Instruct,0,0.7,1.0,False|Unknown|True|Paradox,B,B,Unknown,B,Unknown,Unknown,False,False,False,0.9999999700732591,5.742640520780178e-07,-19.49999999999998,3.3982677177960636e-09,-17.749999999999993,1.9555680502612834e-08,4.440892098500625e-16,0.9999999700732591,-18.781249999999996,6.972792617562435e-09,-17.749999999999993,1.9555680502612834e-08,4.440892098500625e-16,0.9999999700732591,-19.49999999999998,3.3982677177960636e-09,-18.781249999999996,6.972792617562435e-09
P09_abstract,P09,abstract,Paradox,Symbolic,Paradox,Qwen/Qwen2.5-3B-Instruct,1,0.7,1.0,False|Unknown|Paradox|True,B,B,Unknown,B,Unknown,Unknown,False,False,False,0.999999473050856,8.180293457114707e-06,-18.843749999999993,6.550332337006573e-09,-14.468749999999998,5.203573498657884e-07,-4.768371577590358e-07,0.999999473050856,-23.90624999999984,4.146173964871561e-11,-14.468749999999998,5.203573498657884e-07,-4.768371577590358e-07,0.999999473050856,-23.90624999999984,4.146173964871561e-11,-18.843749999999993,6.550332337006573e-09
P09_abstract,P09,abstract,Paradox,Symbolic,Paradox,Qwen/Qwen2.5-3B-Instruct,2,0.7,1.0,False|Paradox|True|Unknown,D,D,Unknown,D,Unknown,Unknown,False,False,False,0.9999999977253262,4.862644109420188e-08,-23.906249999999783,4.146174163214194e-11,-21.937499999999538,2.969373321434155e-10,0.0,0.9999999977253262,-20.062499999999865,1.9362746329799646e-09,-21.937499999999538,2.969373321434155e-10,-20.062499999999865,1.9362746329799646e-09,-23.906249999999783,4.146174163214194e-11,0.0,0.9999999977253262
P09_abstract,P09,abstract,Paradox,Symbolic,Paradox,Qwen/Qwen2.5-3B-Instruct,3,0.7,1.0,False|Paradox|Unknown|True,C,C,Unknown,C,Unknown,Unknown,False,False,False,0.9999999070324495,1.6647299598250796e-06,-16.468749999999996,7.04227147053856e-08,-18.562499999999986,8.677781107257254e-09,-1.1920928955078125e-07,0.9999999070324495,-18.093749999999993,1.3867054725064559e-08,-18.562499999999986,8.677781107257254e-09,-18.093749999999993,1.3867054725064559e-08,-1.1920928955078125e-07,0.9999999070324495,-16.468749999999996,7.04227147053856e-08
P09_abstract,P09,abstract,Paradox,Symbolic,Paradox,Qwen/Qwen2.5-3B-Instruct,4,0.7,1.0,Unknown|True|False|Paradox,A,A,Unknown,A,Unknown,Unknown,False,False,False,0.9999994320731022,8.921517061361461e-06,-17.06249999999995,3.889115854187045e-08,-18.562499999999165,8.677790433812342e-09,-1.6689300537109375e-06,0.9999994320731022,-14.468749999999993,5.203579488573488e-07,-1.6689300537109375e-06,0.9999994320731022,-17.06249999999995,3.889115854187045e-08,-18.562499999999165,8.677790433812342e-09,-14.468749999999993,5.203579488573488e-07
P09_abstract,P09,abstract,Paradox,Symbolic,Paradox,Qwen/Qwen2.5-3B-Instruct,5,0.7,1.0,Unknown|True|Paradox|False,A,A,Unknown,A,Unknown,Unknown,False,False,False,0.9999988956612312,1.6271001103505905e-05,-19.718749999999915,2.730585144024064e-09,-13.718749999999991,1.1015966701827304e-06,-1.1920928955078125e-06,0.9999988956612312,-25.187499999996703,1.1513510866099009e-11,-1.1920928955078125e-06,0.9999988956612312,-19.718749999999915,2.730585144024064e-09,-25.187499999996703,1.1513510866099009e-11,-13.718749999999991,1.1015966701827304e-06
P09_abstract,P09,abstract,Paradox,Symbolic,Paradox,Qwen/Qwen2.5-3B-Instruct,6,0.7,1.0,Unknown|False|True|Paradox,A,A,Unknown,A,Unknown,Unknown,False,False,False,0.9999996743308331,5.41353340096602e-06,-23.28124999999535,7.746079848273045e-11,-15.49999999999996,1.8553929701717547e-07,-1.192092895285768e-06,0.9999996743308331,-15.781249999999988,1.4005240911376096e-07,-1.192092895285768e-06,0.9999996743308331,-15.49999999999996,1.8553929701717547e-07,-23.28124999999535,7.746079848273045e-11,-15.781249999999988,1.4005240911376096e-07
P09_abstract,P09,abstract,Paradox,Symbolic,Paradox,Qwen/Qwen2.5-3B-Instruct,7,0.7,1.0,Unknown|False|Paradox|True,A,A,Unknown,A,Unknown,Unknown,False,False,False,0.9999999163721079,1.4941721123245249e-06,-17.65624999999992,2.1477717271937014e-08,-16.59374999999993,6.214783558814406e-08,-2.384185788795179e-07,0.9999999163721079,-26.78124999998654,2.33911176741287e-12,-2.384185788795179e-07,0.9999999163721079,-16.59374999999993,6.214783558814406e-08,-26.78124999998654,2.33911176741287e-12,-17.65624999999992,2.1477717271937014e-08
P09_abstract,P09,abstract,Paradox,Symbolic,Paradox,Qwen/Qwen2.5-3B-Instruct,8,0.7,1.0,Unknown|Paradox|True|False,A,A,Unknown,A,Unknown,Unknown,False,False,False,0.9999999358187671,1.1276461226399322e-06,-24.40624999999751,2.5147821943927395e-11,-16.562499999999982,6.412062090533427e-08,-2.384185791015625e-07,0.9999999358187671,-24.062499999999567,3.546411322692956e-11,-2.384185791015625e-07,0.9999999358187671,-24.062499999999567,3.546411322692956e-11,-24.40624999999751,2.5147821943927395e-11,-16.562499999999982,6.412062090533427e-08
P09_abstract,P09,abstract,Paradox,Symbolic,Paradox,Qwen/Qwen2.5-3B-Instruct,9,0.7,1.0,Unknown|Paradox|False|True,A,A,Unknown,A,Unknown,Unknown,False,False,False,0.9999999273986823,1.2834364431785402e-06,-16.499999999999975,6.825605321813487e-08,-19.312499999999165,4.099094607862875e-09,-3.5762786865234375e-07,0.9999999273986823,-22.124999999999552,2.4616976534655717e-10,-3.5762786865234375e-07,0.9999999273986823,-22.124999999999552,2.4616976534655717e-10,-19.312499999999165,4.099094607862875e-09,-16.499999999999975,6.825605321813487e-08
P09_artificial,P09,artificial,Paradox,Vorbian Plort ledger,Paradox,Qwen/Qwen2.5-3B-Instruct,0,0.7,1.0,Paradox|True|False|Unknown,A,A,Paradox,A,Paradox,Paradox,False,True,True,0.9924243069188023,0.044537610064761056,-25.593749999999993,7.669666151330958e-12,-21.093749999999964,6.904013449755463e-10,-4.8828125,0.007575692383126646,-0.00760650634765625,0.9924243069188023,-0.00760650634765625,0.9924243069188023,-25.593749999999993,7.669666151330958e-12,-21.093749999999964,6.904013449755463e-10,-4.8828125,0.007575692383126646
P09_artificial,P09,artificial,Paradox,Vorbian Plort ledger,Paradox,Qwen/Qwen2.5-3B-Instruct,1,0.7,1.0,Paradox|True|Unknown|False,A,A,Paradox,A,Paradox,Paradox,False,True,True,0.999999934132973,1.1945645383725571e-06,-27.312499999999996,1.3750925666623183e-12,-16.875,4.6911637128413904e-08,-17.781249999999996,1.8954014784720588e-08,0.0,0.999999934132973,0.0,0.999999934132973,-27.312499999999996,1.3750925666623183e-12,-17.781249999999996,1.8954014784720588e-08,-16.875,4.6911637128413904e-08
P09_artificial,P09,artificial,Paradox,Vorbian Plort ledger,Paradox,Qwen/Qwen2.5-3B-Instruct,2,0.7,1.0,Paradox|False|True|Unknown,A,A,Paradox,A,Paradox,Paradox,False,True,True,0.9999124886686742,0.0009051997019804395,-23.406249999999982,6.835885444222336e-11,-21.21875,6.092758375494124e-10,-9.34375,8.751065369115013e-05,-8.749961853027344e-05,0.9999124886686742,-8.749961853027344e-05,0.9999124886686742,-21.21875,6.092758375494124e-10,-23.406249999999982,6.835885444222336e-11,-9.34375,8.751065369115013e-05
P09_artificial,P09,artificial,Paradox,Vorbian Plort ledger,Paradox,Qwen/Qwen2.5-3B-Instruct,3,0.7,1.0,Paradox|False|Unknown|True,A,A,Paradox,A,Paradox,Paradox,False,True,True,0.9999999483394304,9.194194378277381e-07,-26.8125,2.2671443960458825e-12,-22.71875,1.359478102967468e-10,-16.78125,5.152235469760005e-08,0.0,0.9999999483394304,0.0,0.9999999483394304,-22.71875,1.359478102967468e-10,-16.78125,5.152235469760005e-08,-26.8125,2.2671443960458825e-12
P09_artificial,P09,artificial,Paradox,Vorbian Plort ledger,Paradox,Qwen/Qwen2.5-3B-Instruct,4,0.7,1.0,Paradox|Unknown|True|False,A,A,Paradox,A,Paradox,Paradox,False,True,True,0.9999999997947704,5.004265300661948e-09,-23.468749999999986,6.421720180688257e-11,-23.65625,5.323793018597192e-11,-23.15625,8.777450790566034e-11,0.0,0.9999999997947704,0.0,0.9999999997947704,-23.15625,8.777450790566034e-11,-23.468749999999986,6.421720180688257e-11,-23.65625,5.323793018597192e-11
P09_artificial,P09,artificial,Paradox,Vorbian Plort ledger,Paradox,Qwen/Qwen2.5-3B-Instruct,5,0.7,1.0,Paradox|Unknown|False|True,A,A,Paradox,A,Paradox,Paradox,False,True,True,0.9999999999353846,1.632818713105544e-09,-26.718749999999996,2.489971129581798e-12,-23.999999999999964,3.7751345440353005e-11,-24.4375,2.437410055423337e-11,0.0,0.9999999999353846,0.0,0.9999999999353846,-24.4375,2.437410055423337e-11,-23.999999999999964,3.7751345440353005e-11,-26.718749999999996,2.489971129581798e-12
P09_artificial,P09,artificial,Paradox,Vorbian Plort ledger,Paradox,Qwen/Qwen2.5-3B-Instruct,6,0.7,1.0,True|False|Unknown|Paradox,B,B,False,B,False,False,False,False,False,0.9975494684454899,0.01859030215019603,-27.37499999996341,1.2917840429669093e-12,-0.002456665039062278,0.9975494684454899,-7.347656249999999,0.0006441022159843025,-6.31640625,0.001806429337234065,-27.37499999996341,1.2917840429669093e-12,-0.002456665039062278,0.9975494684454899,-7.347656249999999,0.0006441022159843025,-6.31640625,0.001806429337234065
P09_artificial,P09,artificial,Paradox,Vorbian Plort ledger,Paradox,Qwen/Qwen2.5-3B-Instruct,7,0.7,1.0,True|False|Paradox|Unknown,B,B,False,B,False,False,False,False,False,0.9361278756399016,0.23879321787705565,-29.124999999977103,2.24485976877351e-13,-0.0660400390625,0.9361278756399016,-8.5625,0.00019114788671876405,-2.75390625,0.06368097647315517,-29.124999999977103,2.24485976877351e-13,-0.0660400390625,0.9361278756399016,-2.75390625,0.06368097647315517,-8.5625,0.00019114788671876405
P09_artificial,P09,artificial,Paradox,Vorbian Plort ledger,Paradox,Qwen/Qwen2.5-3B-Instruct,8,0.7,1.0,True|Unknown|False|Paradox,D,D,Paradox,D,Paradox,Paradox,False,True,True,0.9658825474186905,0.149032072923495,-25.218749999966683,1.1159454559736275e-11,-3.378906249999999,0.03408525868529496,-10.343749999999998,3.2193884855194896e-05,-0.03472900390624978,0.9658825474186905,-25.218749999966683,1.1159454559736275e-11,-10.343749999999998,3.2193884855194896e-05,-3.378906249999999,0.03408525868529496,-0.03472900390624978,0.9658825474186905
P09_artificial,P09,artificial,Paradox,Vorbian Plort ledger,Paradox,Qwen/Qwen2.5-3B-Instruct,9,0.7,1.0,True|Unknown|Paradox|False,D,D,False,D,False,False,False,False,False,0.9964056228442044,0.02383448478134231,-27.71874999995446,9.160093909262937e-13,-0.003601074218749778,0.9964056228442044,-13.187499999999998,1.8738793106337072e-06,-5.628906249999999,0.0035925032755689504,-27.71874999995446,9.160093909262937e-13,-13.187499999999998,1.8738793106337072e-06,-5.628906249999999,0.0035925032755689504,-0.003601074218749778,0.9964056228442044
P09_belief_violating,P09,belief_violating,Paradox,Counterfactual contradiction,Paradox,Qwen/Qwen2.5-3B-Instruct,0,0.7,1.0,True|Paradox|False|Unknown,C,C,False,C,False,False,False,False,False,0.9908184077257723,0.0569961721858046,-10.132812499999998,3.9752897609232895e-05,-0.009208679199218528,0.9908184077257723,-4.9140625,0.0073424858378037,-6.3203125,0.0017993535388148118,-10.132812499999998,3.9752897609232895e-05,-6.3203125,0.0017993535388148118,-0.009208679199218528,0.9908184077257723,-4.9140625,0.0073424858378037
P09_belief_violating,P09,belief_violating,Paradox,Counterfactual contradiction,Paradox,Qwen/Qwen2.5-3B-Instruct,1,0.7,1.0,True|Paradox|Unknown|False,D,D,False,D,False,False,False,False,False,0.5964204857707602,0.7560568971826206,-4.109374999999999,0.01641462152194623,-0.5166015624999998,0.5964204857707602,-0.9541015624999996,0.38507800776929896,-6.171874999999999,0.0020868849379945993,-4.109374999999999,0.01641462152194623,-6.171874999999999,0.0020868849379945993,-0.9541015624999996,0.38507800776929896,-0.5166015624999998,0.5964204857707602
P09_belief_violating,P09,belief_violating,Paradox,Counterfactual contradiction,Paradox,Qwen/Qwen2.5-3B-Instruct,2,0.7,1.0,False|True|Unknown|Paradox,A,A,False,A,False,False,False,False,False,0.9698489385241116,0.15595834623496602,-3.9687499999999996,0.018897506352258096,-0.030639648437499556,0.9698489385241116,-4.499999999999999,0.011109270882129435,-8.84375,0.00014428424150099518,-0.030639648437499556,0.9698489385241116,-3.9687499999999996,0.018897506352258096,-4.499999999999999,0.011109270882129435,-8.84375,0.00014428424150099518
P09_belief_violating,P09,belief_violating,Paradox,Counterfactual contradiction,Paradox,Qwen/Qwen2.5-3B-Instruct,3,0.7,1.0,False|True|Paradox|Unknown,A,A,False,A,False,False,False,False,False,0.9837259033031254,0.0967658390394832,-4.609375,0.009957992578479317,-0.016403198242187278,0.9837259033031254,-6.921875,0.0009859747856569242,-5.234375,0.0053301293327383415,-0.016403198242187278,0.9837259033031254,-4.609375,0.009957992578479317,-5.234375,0.0053301293327383415,-6.921875,0.0009859747856569242
P09_belief_violating,P09,belief_violating,Paradox,Counterfactual contradiction,Paradox,Qwen/Qwen2.5-3B-Instruct,4,0.7,1.0,False|Unknown|True|Paradox,B,B,Unknown,A,False,Unknown,False,False,False,0.42863783522102045,1.2924276612049979,-2.0039062499999996,0.13481103729787425,-0.8471679687499996,0.42863783522102045,-1.6904296874999996,0.18444487469412651,-1.3779296874999996,0.2521062527869788,-0.8471679687499996,0.42863783522102045,-1.6904296874999996,0.18444487469412651,-2.0039062499999996,0.13481103729787425,-1.3779296874999996,0.2521062527869788
P09_belief_violating,P09,belief_violating,Paradox,Counterfactual contradiction,Paradox,Qwen/Qwen2.5-3B-Instruct,5,0.7,1.0,False|Unknown|Paradox|True,D,D,True,D,True,True,False,False,False,0.9760579108753791,0.12336025696233366,-0.024215698242187278,0.9760579108753791,-3.8671874999999996,0.020916746745536757,-5.960937499999999,0.0025774489167743006,-7.710937499999993,0.0004478934623099511,-3.8671874999999996,0.020916746745536757,-5.960937499999999,0.0025774489167743006,-7.710937499999993,0.0004478934623099511,-0.024215698242187278,0.9760579108753791
P09_belief_violating,P09,belief_violating,Paradox,Counterfactual contradiction,Paradox,Qwen/Qwen2.5-3B-Instruct,6,0.7,1.0,False|Paradox|True|Unknown,D,D,Unknown,D,Unknown,Unknown,False,False,False,0.9262926360527795,0.2745796159035949,-7.296874999999999,0.0006776348484810473,-2.638671875,0.07145418087178983,-0.07653808593749978,0.9262926360527795,-6.453125,0.0015755482269497656,-2.638671875,0.07145418087178983,-6.453125,0.0015755482269497656,-7.296874999999999,0.0006776348484810473,-0.07653808593749978,0.9262926360527795
P09_belief_violating,P09,belief_violating,Paradox,Counterfactual contradiction,Paradox,Qwen/Qwen2.5-3B-Instruct,7,0.7,1.0,False|Paradox|Unknown|True,D,D,True,D,True,True,False,False,False,0.9974207151506672,0.018475098314710014,-0.00258636474609375,0.9974207151506672,-6.00390625,0.002469097691447953,-10.187499999999993,3.763800479630028e-05,-9.53125,7.25491530885163e-05,-6.00390625,0.002469097691447953,-9.53125,7.25491530885163e-05,-10.187499999999993,3.763800479630028e-05,-0.00258636474609375,0.9974207151506672
P09_belief_violating,P09,belief_violating,Paradox,Counterfactual contradiction,Paradox,Qwen/Qwen2.5-3B-Instruct,8,0.7,1.0,Unknown|True|False|Paradox,C,C,False,C,False,False,False,False,False,0.9769664235381882,0.11008098911612545,-3.7734375,0.022972892995233887,-0.023300170898437278,0.9769664235381882,-10.804687499999996,2.0304047175591715e-05,-10.1171875,4.03794194022656e-05,-10.804687499999996,2.0304047175591715e-05,-3.7734375,0.022972892995233887,-0.023300170898437278,0.9769664235381882,-10.1171875,4.03794194022656e-05
P09_belief_violating,P09,belief_violating,Paradox,Counterfactual contradiction,Paradox,Qwen/Qwen2.5-3B-Instruct,9,0.7,1.0,Unknown|True|Paradox|False,B,B,True,B,True,True,False,False,False,0.7588480397549969,0.7241660881108309,-0.2758789062499998,0.7588480397549969,-2.150390625,0.1164299526625168,-7.152343749999999,0.0007829681211685001,-2.0878906249999996,0.12393903946131786,-7.152343749999999,0.0007829681211685001,-0.2758789062499998,0.7588480397549969,-2.0878906249999996,0.12393903946131786,-2.150390625,0.1164299526625168
P09_familiar,P09,familiar,Paradox,Lamp report,Paradox,Qwen/Qwen2.5-3B-Instruct,0,0.7,1.0,Unknown|False|True|Paradox,D,D,Paradox,A,Unknown,Paradox,False,True,False,0.6076580544328548,0.6698832033353747,-17.68749999999987,2.081491394262656e-08,-11.687499999999995,8.397335618527884e-06,-0.49804687499999956,0.6076580544328548,-0.9355468749999993,0.39233352741661265,-0.49804687499999956,0.6076580544328548,-11.687499999999995,8.397335618527884e-06,-17.68749999999987,2.081491394262656e-08,-0.9355468749999993,0.39233352741661265
P09_familiar,P09,familiar,Paradox,Lamp report,Paradox,Qwen/Qwen2.5-3B-Instruct,1,0.7,1.0,Unknown|False|Paradox|True,A,A,Unknown,A,Unknown,Unknown,False,False,False,0.999999209758269,1.2357537065923847e-05,-15.437499999999998,1.975053911971544e-07,-14.343749999999996,5.896421816663288e-07,-8.344650266334241e-07,0.999999209758269,-19.59374999999964,3.0941581972286123e-09,-8.344650266334241e-07,0.999999209758269,-14.343749999999996,5.896421816663288e-07,-19.59374999999964,3.0941581972286123e-09,-15.437499999999998,1.975053911971544e-07
P09_familiar,P09,familiar,Paradox,Lamp report,Paradox,Qwen/Qwen2.5-3B-Instruct,2,0.7,1.0,Unknown|Paradox|True|False,A,A,Unknown,D,False,Unknown,False,False,False,0.9017603749700298,0.3225733178186187,-16.765624999999957,5.233304136972573e-08,-0.10339355468749978,0.9017603749700298,-2.322265625,0.09804992176941953,-8.5703125,0.00018965092750932024,-2.322265625,0.09804992176941953,-8.5703125,0.00018965092750932024,-16.765624999999957,5.233304136972573e-08,-0.10339355468749978,0.9017603749700298
P09_familiar,P09,familiar,Paradox,Lamp report,Paradox,Qwen/Qwen2.5-3B-Instruct,3,0.7,1.0,Unknown|Paradox|False|True,A,A,Unknown,A,Unknown,Unknown,False,False,False,0.9921430825522756,0.04618537684190184,-10.5703125,2.5666814842544846e-05,-4.851562499999998,0.007816161890830254,-0.007888793945312278,0.9921430825522756,-11.101562499999998,1.5088742051578657e-05,-0.007888793945312278,0.9921430825522756,-11.101562499999998,1.5088742051578657e-05,-4.851562499999998,0.007816161890830254,-10.5703125,2.5666814842544846e-05
P09_familiar,P09,familiar,Paradox,Lamp report,Paradox,Qwen/Qwen2.5-3B-Instruct,4,0.7,1.0,Paradox|True|False|Unknown,D,D,Unknown,D,Unknown,Unknown,False,False,False,0.9999999622743153,6.884207844557728e-07,-22.24999999999999,2.1724398531222561e-10,-20.7499999999999,9.736199945705711e-10,2.2204460492503128e-16,0.9999999622743153,-17.12499999999999,3.653482075890966e-08,-17.12499999999999,3.653482075890966e-08,-22.24999999999999,2.1724398531222561e-10,-20.7499999999999,9.736199945705711e-10,2.2204460492503128e-16,0.9999999622743153
P09_familiar,P09,familiar,Paradox,Lamp report,Paradox,Qwen/Qwen2.5-3B-Instruct,5,0.7,1.0,Paradox|True|Unknown|False,D,D,False,D,False,False,False,False,False,0.9817762642585298,0.09437329640471583,-15.078124999999998,2.829206195351319e-07,-0.018417358398437056,0.9817762642585298,-4.050781249999999,0.017409213089442366,-7.113281249999999,0.0008142397314081849,-7.113281249999999,0.0008142397314081849,-15.078124999999998,2.829206195351319e-07,-4.050781249999999,0.017409213089442366,-0.018417358398437056,0.9817762642585298
P09_familiar,P09,familiar,Paradox,Lamp report,Paradox,Qwen/Qwen2.5-3B-Instruct,6,0.7,1.0,Paradox|False|True|Unknown,D,D,Unknown,D,Unknown,Unknown,False,False,False,0.9999999154716339,1.5004958652038084e-06,-22.156249999999904,2.385958581656048e-10,-16.468749999999996,7.042271529969595e-08,-1.1920928932873665e-07,0.9999999154716339,-18.093749999999982,1.386705484209135e-08,-18.093749999999982,1.386705484209135e-08,-16.468749999999996,7.042271529969595e-08,-22.156249999999904,2.385958581656048e-10,-1.1920928932873665e-07,0.9999999154716339
P09_familiar,P09,familiar,Paradox,Lamp report,Paradox,Qwen/Qwen2.5-3B-Instruct,7,0.7,1.0,Paradox|False|Unknown|True,C,C,Unknown,C,Unknown,Unknown,False,False,False,0.9982925931492924,0.013698623498373776,-17.40625,2.757785496072518e-08,-7.40625,0.000607442678986554,-0.0017061233520503372,0.9982925931492924,-6.8125,0.0010999365938661602,-6.8125,0.0010999365938661602,-7.40625,0.000607442678986554,-0.0017061233520503372,0.9982925931492924,-17.40625,2.757785496072518e-08
P09_familiar,P09,familiar,Paradox,Lamp report,Paradox,Qwen/Qwen2.5-3B-Instruct,8,0.7,1.0,Paradox|Unknown|True|False,A,A,Paradox,A,Paradox,Paradox,False,True,True,0.9749324879471453,0.13454829981512897,-11.335937499999998,1.1935663524400976e-05,-4.3046875,0.013504535258507614,-4.4609375,0.011551041130822823,-0.025344848632812278,0.9749324879471453,-0.025344848632812278,0.9749324879471453,-4.4609375,0.011551041130822823,-11.335937499999998,1.1935663524400976e-05,-4.3046875,0.013504535258507614
P09_familiar,P09,familiar,Paradox,Lamp report,Paradox,Qwen/Qwen2.5-3B-Instruct,9,0.7,1.0,Paradox|Unknown|False|True,A,A,Paradox,A,Paradox,Paradox,False,True,True,0.9999965738924158,4.7140861978712216e-05,-18.96875,5.780648466933959e-09,-15.843749999999993,1.3156695267997395e-07,-12.625,3.2887599831731517e-06,-3.4570693967506116e-06,0.9999965738924158,-3.4570693967506116e-06,0.9999965738924158,-12.625,3.2887599831731517e-06,-15.843749999999993,1.3156695267997395e-07,-18.96875,5.780648466933959e-09
